|en|[fi]|pt|ru|zh|ja|ko|de|fr|sp|pl
|||||||||||
subVikingCharge01|Power Charge||||力量衝鋒||||
subVikingCharge02|Hyperfocus||||超聚焦||||
subVikingCharge03|Bodyslam||||軀體猛撞||||
subVikingCharge04|Resilience||||彈性||||
subVikingCharge05|Overconfidence||||過度自信||||
subVikingCharge06|Spirit Breaker||||精神破壞者||||
subVikingCharge07|Violent Momentum||||暴力氣勢||||
subVikingCharge08|Berserking Ram||||狂暴公羊||||
subVikingCharge09|Crushing Impact||||粉碎性衝擊||||
subVikingCharge10|Frenzied Mind ||||瘋狂心靈||||
subVikingCharge11|Forceful Grab||||強力抓取||||
subVikingCharge12|Crashquake||||崩塌地震||||
subVikingCharge13|Whirling Charge||||旋轉衝鋒||||
subVikingCharge14|Mountain Fall||||山崩||||
subDescVikingCharge01|Increases the damage dealt by charge.||||增加衝鋒造成的傷害。||||
subDescVikingCharge02|Increases the duration of charge.||||增加衝鋒持續時間。||||
subDescVikingCharge03|Increases damage dealt to stunned targets.||||增加對暈眩目標造成的傷害。||||
subDescVikingCharge04|Take reduced damage while charging and shortly after.||||近期有使用衝鋒及衝鋒的過程中受到的傷害減少。||||
subDescVikingCharge05|Increases the area of effect radius of charge.||||增加衝鋒的影響半徑。||||
subDescVikingCharge06|Inflicts arcane break on hit.||||擊中時降低奧術抗性。||||
subDescVikingCharge07|Increases the impact damage dealt by charge for each second spent charging.||||衝鋒時間每多花費一秒就會增加衝鋒造成的衝擊傷害。||||
subDescVikingCharge08|Increases the speed of your charge.||||提高衝鋒速度||||
subDescVikingCharge09|Chance to critically hit with increased critical strike damage.||||有機率暴擊並增加暴擊傷害。||||
subDescVikingCharge10|Stack a buff increasing your arcane skill damage when hitting monsters with charge.||||當用衝鋒攻擊怪物時, 疊加一層buff來增加你的奧術技能傷害。||||
subDescVikingCharge11|Grab monsters on your path dealing damage and stunning them when you crash into terrain.||||抓住衝鋒路徑上的怪物, 當你撞上地形時造成傷害並擊暈它們。||||
subDescVikingCharge12|Unleash powerful shockwaves when crashing into monsters or terrain.||||撞上怪物或地形時釋放強大的衝擊波。||||
subDescVikingCharge13|Charge forward in a straight line unleashing a massive whirlwind around you.||||直線向前衝鋒, 在你周圍釋放出巨大的旋風。||||
subDescVikingCharge14|The mountain breaks and huge boulders fall down on monsters around you when crashing into monsters or terrain.||||當撞到怪物或地形時, 造成山崩, 巨石會落在你周圍的怪物身上。||||
subVikingOdinsFury01|Crippling Shout ||||致殘吶喊||||
subVikingOdinsFury02|Howling Cry ||||嚎叫哭泣||||
subVikingOdinsFury03|Mind Tactics||||心靈策略||||
subVikingOdinsFury04|Flaming Fury||||烈焰之怒||||
subVikingOdinsFury05|Echoing Roar||||迴響咆哮||||
subVikingOdinsFury06|Tormenting Shout||||折磨怒吼||||
subVikingOdinsFury07|Emotional Damage||||情感傷害||||
subVikingOdinsFury08|Echo of Duality||||雙重迴聲||||
subVikingOdinsFury09|Shout of the Hunt||||狩獵吶喊||||
subVikingOdinsFury10|Dominating Howl||||支配嚎叫||||
subVikingOdinsFury11|Warcry||||戰吼||||
subVikingOdinsFury12|Pulsing Echo||||脈衝迴聲||||
subVikingOdinsFury13|Trembling Roar||||顫抖咆哮||||
subVikingOdinsFury14|Roaring Carnage||||咆哮屠殺||||
subDescVikingOdinsFury01|Increases the damage dealt by odin´s fury.||||增加奧丁之怒造成的傷害。||||
subDescVikingOdinsFury02|Increases the stun duration of odin's fury.||||增加奧丁之怒的眩暈持續時間。||||
subDescVikingOdinsFury03|Decreases the mana cost of odin´s fury.||||降低奧丁之怒的法力消耗。||||
subDescVikingOdinsFury04|Inflicts burning on hit.||||擊中時造成燃燒。||||
subDescVikingOdinsFury05|Increases the area of effect radius of odin´s fury.||||增加奧丁之怒的影響範圍半徑。||||
subDescVikingOdinsFury06|Increases the damage of odin's fury based on your maximum life.||||根據你的最大生命值增加奧丁之怒的傷害。||||
subDescVikingOdinsFury07|Inflicts bleeding on hit.||||擊中時造成流血。||||
subDescVikingOdinsFury08|Chance on cast to unleash an additional shout.||||施放時有機率施放額外的呼喊。||||
subDescVikingOdinsFury09|Increases your movement speed for a short period of time after using odin's fury.||||使用奧丁之怒後短時間內提高你的移動速度。||||
subDescVikingOdinsFury10|Inflicts arcane break on hit.||||擊中時降低奧術抗性。||||
subDescVikingOdinsFury11|Odin’s fury now knocks back monsters and if they hit a wall or an object they take extra damage, get stunned and are pulled back to the player.||||奧丁的憤怒現在會擊退怪物, 如果它們撞到牆壁或物體, 它們會受到額外傷害, 被擊暈並被拉回玩家身邊。||||
subDescVikingOdinsFury12|Now performs an echoing shout pulsating multiple times dealing increased damage with each pulse.||||現在會發出多次脈衝的迴聲喊叫, 每次脈衝都會造成更大的傷害。||||
subDescVikingOdinsFury13|Gain a buff dealing extra damage to burning and bleeding monsters.||||獲得對燃燒和流血怪物造成額外傷害的增益效果。||||
subDescVikingOdinsFury14|Knock up monsters causing them to take damage when they land.||||擊倒怪物, 使其落地時受到傷害。||||
subVikingSeismicSlam01|Colossal Smash||||巨大粉碎||||
subVikingSeismicSlam02|Seismic Energy||||地震能量||||
subVikingSeismicSlam03|Lethal Crush||||致命粉碎||||
subVikingSeismicSlam04|Cheap Slam||||廉價猛擊||||
subVikingSeismicSlam05|Seismic Aftershock||||地震餘震||||
subVikingSeismicSlam06|Power Slam||||強力猛擊||||
subVikingSeismicSlam07|Earth Root||||大地根源||||
subVikingSeismicSlam08|Slamming Flurry||||猛擊亂舞||||
subVikingSeismicSlam09|Defiling Carcass||||玷污屍體||||
subVikingSeismicSlam10|Shattered Earth||||破碎大地||||
subVikingSeismicSlam11|Polar Shift||||極性位移||||
subVikingSeismicSlam12|Echoing Slam||||迴響猛擊||||
subVikingSeismicSlam13|Seismic Crack||||地震裂縫||||
subVikingSeismicSlam14|Younger Dryas||||新生||||
subDescVikingSeismicSlam01|Increases the area of effect radius of seismic slam.||||增加地震猛擊的影響半徑區域。||||
subDescVikingSeismicSlam02|Increases the damage dealt by seismic slam.||||增加地震猛擊造成的傷害。||||
subDescVikingSeismicSlam03|Increases critical strike damage dealt by seismic slam.||||增加地震猛擊造成的暴擊傷害。||||
subDescVikingSeismicSlam04|Increases damage dealt to stunned targets.||||增加對暈眩目標造成的傷害。||||
subDescVikingSeismicSlam05|Targets have a chance to slam the ground on death dealing area of effect damage.||||目標死亡時有機率猛擊地面, 造成一定範圍的傷害。||||
subDescVikingSeismicSlam06|Knocks targets back dealing increased damage.||||將目標擊退, 造成更高的傷害。||||
subDescVikingSeismicSlam07|Chance to root targets in place on hit dealing additional damage over time.||||有機率在擊中時將目標定身, 隨著時間的推移造成額外傷害。||||
subDescVikingSeismicSlam08|Chance on hit to increase your attack speed for a short duration.||||命中時有機率在短時間內提高攻擊速度。||||
subDescVikingSeismicSlam09|Hitting a corpse with seismic slam causes it to explode dealing increased area of effect damage to nearby targets.||||用地震猛擊擊中屍體會導致其爆炸, 對附近目標造成更大範圍的傷害。||||
subDescVikingSeismicSlam10|Chance to strike target with an earth pillar on hit knocking them airborne dealing additional damage.||||有機率用土柱擊中目標, 將其擊飛到空中, 造成額外傷害。||||
subDescVikingSeismicSlam11|Leap a short distance to smash the ground with massive force dealing increased damage with huge aoe. ||||跳躍一小段距離, 用巨大的力量粉碎地面, 造成更大的傷害和巨大的範圍傷害。||||
subDescVikingSeismicSlam12|Slam multiple waves on a short distance increasing damage with each wave.||||在短距離上猛擊多波, 增加每波的傷害。||||
subDescVikingSeismicSlam13|Now smash in front of you in a long narrow line knocking monsters in air causing them to unleash an aoe pulse upon landing.||||現在, 在你面前以一條狹長的線粉碎, 將怪物擊飛到空中, 使它們在落地時釋放出範圍脈衝。||||
subDescVikingSeismicSlam14|Smashing the ground now drops a massive asteroid from the sky sending a huge tsunami dealing increased damage. Seismic Slam now has a cooldown.||||現在, 一顆巨大的小行星從天上砸向地面, 引發巨大的海嘯, 造成更大的傷害. 地震猛擊現在有冷卻時間。||||
subVikingThrow01|Home Run||||全壘打||||
subVikingThrow02|Raging Power||||狂暴力量||||
subVikingThrow03|Power Throw||||強力投擲||||
subVikingThrow04|Colossal Liftoff||||巨大升空||||
subVikingThrow05|Flipper||||冒失||||
subVikingThrow06|Power Fall||||功率下降||||
subVikingThrow07|Breaking Fall||||跌倒||||
subVikingThrow08|Bouncing Around||||彈跳||||
subVikingThrow09|Bulls Eye||||靶心||||
subVikingThrow10|Dive Bomb||||俯衝炸彈||||
subVikingThrow11|Ragesling||||憤怒彈弓||||
subVikingThrow12|Vacuum Pitch||||真空投擲||||
subVikingThrow13|Dimensional Pitch||||空間投擲||||
subVikingThrow14|Echoing Throw||||迴響投擲||||
subDescVikingThrow01|Increases the range of throw.||||增加投擲範圍。||||
subDescVikingThrow02|Increases the damage dealt by throw.||||增加投擲造成的傷害。||||
subDescVikingThrow03|Increases the projectile speed of throw.||||增加投射物的投擲速度。||||
subDescVikingThrow04|Increases throw's damage by a portion of your maximum life.||||將最大生命值的一部分增加到投擲的傷害。||||
subDescVikingThrow05|Thrown monsters bounce off of walls increasing damage dealt with every bounce.||||投擲的怪物會從牆壁反彈, 每次反彈造成的傷害都會增加。||||
subDescVikingThrow06|Thrown monsters smash into the ground with force causing ground fragments to fly around dealing damage.||||被投擲的怪物強力撞擊地面, 導致地面碎片四處飛散, 造成傷害。||||
subDescVikingThrow07|Thrown monsters inflict arcane break on hit.||||投擲的怪物擊中時會造成奧術破壞。||||
subDescVikingThrow08|Thrown monster bounce off the ground dealing increased damage with every bounce.||||拋出的怪物從地面彈起, 每次彈起都會造成更多傷害。||||
subDescVikingThrow09|When directly hitting another monster, cause the monster to be knocked up dealing area of effect damage when landing.||||直接擊中其他怪物時, 使怪物落地時被擊飛, 造成一定範圍的傷害。||||
subDescVikingThrow10|Increases landing area of effect radius of throw.||||增加投擲效果半徑的著陸區域。||||
subDescVikingThrow11|Throws the monster faster, dealing massively increased damage to it and causing it to explode into meat chunks that deal damage to nearby monsters if it dies from the throw.||||更快地投擲怪物, 對其造成的傷害大幅增加, 並使其爆炸成肉塊, 如果它因投擲而死亡, 則會對附近的怪物造成傷害。||||
subDescVikingThrow12|When thrown monster lands it pulls nearby monsters towards it.||||當投擲的怪物落地時, 它會將附近的怪物拉向它。||||
subDescVikingThrow13|Additionally throw shadow copies of the monster with increased damage.||||另外投擲怪物的影子克隆會增加傷害。。||||
subDescVikingThrow14|When thrown monster lands it shocks the ground multiple times with increased damage.||||當投擲的怪物落地時, 它會多次震動地面並增加傷害。||||
subVikingZeal01|Rapid Striking||||快速打擊||||
subVikingZeal02|Fatal Blows||||致命一擊||||
subVikingZeal03|Weapon Marksman||||武器神射手||||
subVikingZeal04|Brutal Slashes||||殘酷的砍擊||||
subVikingZeal05|Axes, More Axes!||||斧頭,更多斧頭!||||
subVikingZeal06|Slicing Perfection||||完美切割||||
subVikingZeal07|Hemorrhaging Blows||||出血打擊||||
subVikingZeal08|Bleeding Out||||出血||||
subVikingZeal09|Finish Them!||||完結他們!||||
subVikingZeal10|Cleaving Zeal||||分裂狂熱||||
subVikingZeal11|Throwing Fury||||投擲憤怒||||
subVikingZeal12|Blood Ripple||||血波紋||||
subVikingZeal13|Sundering Strikes||||撕裂之擊||||
subVikingZeal14|Zealing Blow||||狂熱一擊||||
subDescVikingZeal01|Increases the amount of attacks done by zeal.||||增加狂熱造成的攻擊數量。||||
subDescVikingZeal02|Increases the damage dealt by zeal.||||增加狂熱所造成的傷害。||||
subDescVikingZeal03|Zeal now works with throwing weapons gaining increased attack range and damage.||||狂熱現在與投擲武器一起使用, 獲得更大的攻擊範圍和傷害。||||
subDescVikingZeal04|Increases critical strike damage dealt by zeal.||||增加狂熱造成的暴擊傷害。||||
subDescVikingZeal05|Chance to summon an orbiting axe around the target on hit.||||命中時有機率召喚圍繞目標旋轉的斧頭。||||
subDescVikingZeal06|Increases attack rating when using zeal.||||使用狂熱時增加攻擊命中率。||||
subDescVikingZeal07|Chance to inflict bleeding on hit.||||擊中時有機率造成流血。||||
subDescVikingZeal08|Increases damage dealt to bleeding targets.||||增加流血目標造成的傷害。||||
subDescVikingZeal09|Zeal now executes targets below a certain percentage of life.||||狂熱現在處刑低於一定生命百分比的目標。||||
subDescVikingZeal10|Zeal now always hits multiple targets with increased attack area of effect.||||狂熱現在總是能擊中多個目標, 並增加攻擊範圍。||||
subDescVikingZeal11|Zeal now throws multiple projectiles with increased damage when using throwing weapons.||||現在, 當使用投擲武器時, 狂熱會投擲多個投射物，傷害增加。||||
subDescVikingZeal12|Each strike has a chance to unleash a ripple of blood dealing area of effect damage.||||每次攻擊都有機率釋放出血波紋, 造成一定範圍的傷害。||||
subDescVikingZeal13|Zeal inflicts stacking armor break on the target increasing with each strike.||||狂熱對目標造成的護甲破壞隨著每次攻擊而增加||||
subDescVikingZeal14|Your last zeal strike deals increased damage stunning the target taunting nearby monsters.||||你的最後一次狂熱攻擊會造成更高的傷害, 使目標暈眩並嘲諷附近的怪物。||||
subVikingYmirsChampion01|Viking´s Carnage||||維京人大屠殺||||
subVikingYmirsChampion02|Raging Sustain||||持續狂暴||||
subVikingYmirsChampion03|Slashing Cleavers||||切割砍擊||||
subVikingYmirsChampion04|Rimeforged Hatchet||||霜鑄斧頭||||
subVikingYmirsChampion05|Ymir´s Focus||||尤彌爾的專注||||
subVikingYmirsChampion06|Expanding Territory||||擴張領土||||
subVikingYmirsChampion07|Rapid Spinning||||快速旋轉||||
subVikingYmirsChampion08|Frosted Blow||||結霜打擊||||
subVikingYmirsChampion09|Rending Hatchet||||撕裂斧頭||||
subVikingYmirsChampion10|Power of Multitude||||多數力量||||
subVikingYmirsChampion11|Collateral Damage||||附帶傷害||||
subVikingYmirsChampion12|Chainslicing Tomahawk||||鏈鋸戰斧||||
subVikingYmirsChampion13|Scattering Battlegear||||分散戰甲||||
subVikingYmirsChampion14|Shattering Axes||||粉碎斧頭||||
subDescVikingYmirsChampion01|Increases the damage dealt by ymir's champion.||||增加尤米爾的冠軍所造成的傷害。||||
subDescVikingYmirsChampion02|Increases the duration of axes.||||增加斧頭的持續時間。||||
subDescVikingYmirsChampion03|Increases the size of axes.||||增加斧頭的尺寸||||
subDescVikingYmirsChampion04|Increases damage dealt to frozen targets.||||增加對冰凍目標造成的傷害。||||
subDescVikingYmirsChampion05|Increases attack rating when using ymir's champion.||||使用尤米爾的冠軍時提高攻擊命中率。||||
subDescVikingYmirsChampion06|Increases the orbit radius of axes.||||增加斧頭的軌道半徑。||||
subDescVikingYmirsChampion07|Increases the projectile speed of axes.||||增加斧頭的投射速度。||||
subDescVikingYmirsChampion08|Chance to unleash an ice nova on hit.||||命中時有機率釋放冰霜新星。||||
subDescVikingYmirsChampion09|Increases critical strike damage dealt by ymir's champion.||||提高尤米爾的冠軍造成的暴擊傷害。||||
subDescVikingYmirsChampion10|Increases axes amount but damage dealt is split between axes summoned.||||增加斧頭數量, 但造成的傷害會在召喚的斧頭之間分配。||||
subDescVikingYmirsChampion11|Whenever the axes hit a target they send another piercing axe outwards in a straight line towards the target.||||每當斧頭擊中目標時, 它們就會向目標直線向外發射另一把穿透斧。||||
subDescVikingYmirsChampion12|Axes now chain through monsters and then return back to you dealing damage to monsters in its path.||||斧頭現在會穿過怪物, 然後返回給你, 對其路徑上的怪物造成傷害。||||
subDescVikingYmirsChampion13|Axes now fly into a random spot in a cone in front of you and start spinning on the ground dealing increased damage.||||斧頭現在飛入你面前的圓錐體中的隨機點, 並開始在地面上旋轉, 造成更大的傷害||||
subDescVikingYmirsChampion14|At the end of their duration the axes shatter into weapon shards dealing additional damage.||||在其持續時間結束時, 斧頭會碎成武器碎片, 造成額外傷害。||||
subVikingWhirlwind01|Sharp Winds||||疾風||||
subVikingWhirlwind02|Wounding Spin||||創傷旋轉||||
subVikingWhirlwind03|Deadly Blow||||致命一擊||||
subVikingWhirlwind04|Typhoon||||颱風||||
subVikingWhirlwind05|Airborne Debris||||空氣碎片||||
subVikingWhirlwind06|Cycloning Step||||旋風步伐||||
subVikingWhirlwind07|Second Wind||||第二次風||||
subVikingWhirlwind08|Burning Air||||燃燒空氣||||
subVikingWhirlwind09|Trail of Fire||||火之軌跡||||
subVikingWhirlwind10|Scorching Heat||||熱氣||||
subVikingWhirlwind11|Sharpened Blades||||鋒利刀片||||
subVikingWhirlwind12|Detonation||||爆炸||||
subVikingWhirlwind13|Negative Pressure||||負壓||||
subVikingWhirlwind14|Airborne||||飛燕||||
subDescVikingWhirlwind01|Increases attack rating when using whirlwind.||||使用旋風斬時增加攻擊命中率。||||
subDescVikingWhirlwind02|Increases the damage dealt by whirlwind.||||增加旋風斬造成的傷害。||||
subDescVikingWhirlwind03|Increases critical strike damage when using whirlwind.||||使用旋風斬時增加暴擊傷害。||||
subDescVikingWhirlwind04|Increases the area of effect radius of whirlwind.||||增加旋風斬的作用半徑。||||
subDescVikingWhirlwind05|Increases the critical strike chance when using whirlwind.||||增加使用旋風斬時的致命一擊幾率。||||
subDescVikingWhirlwind06|Increases your movement speed while using whirlwind.||||使用旋風斬時提高移動速度。||||
subDescVikingWhirlwind07|Chance on hit to unleash a twister.||||命中時有機率釋放龍捲風。||||
subDescVikingWhirlwind08|Chance on hit to inflict burning dealing damage based on your total attack speed.|||Вероятность поджога при попадании зависит от вашей общей скорости атаки. |根據你的總攻擊速度，擊中時有一定機率造成燃燒傷害|攻撃速度に応じてバーン（燃焼）を付与する確率がある|전체 공격 속도에 따라 화상을 입힐 확률이 있습니다. |||
subDescVikingWhirlwind09|Leave a trail of fire behind you inflicting monsters with burning.||||在你身後留下一道火跡, 使怪物燃燒。||||
subDescVikingWhirlwind10|Increases damage dealt to burning targets.||||增加對燃燒目標造成的傷害。||||
subDescVikingWhirlwind11|Greatly increases area of effect radius dealing increased damage at the outer edge. ||||大幅增加效果半徑範圍, 對外緣造成更大的傷害。||||
subDescVikingWhirlwind12|Store damage dealt to monsters unleashing it when whirlwind ends dealing damage on a large radius around you.||||當旋風結束對你周圍大範圍造成傷害時, 儲存對釋放它的怪物造成的傷害。||||
subDescVikingWhirlwind13|monsters at the edge of the whirlwind radius are sucked within the whirlwind.||||旋風半徑邊緣的怪物會被吸入旋風之中。||||
subDescVikingWhirlwind14|Knock monsters high into air causing them to take increased damage upon landing.||||將怪物擊飛到空中, 使它們在落地時受到更大的傷害。||||
subVikingShockwave01|Richter Scale||||黎氏震級規模||||
subVikingShockwave02|Earth Shaker||||撼地者||||
subVikingShockwave03|Ground Fissure||||大地裂縫||||
subVikingShockwave04|Shocking Crust||||地殼震盪||||
subVikingShockwave05|Multi Trail||||複數路徑||||
subVikingShockwave06|Cracked Earth||||破裂大地||||
subVikingShockwave07|Meteorology||||氣象||||
subVikingShockwave08|Duck and Cover||||鴨子和蓋子||||
subVikingShockwave09|Afterquake||||震後||||
subVikingShockwave10|Land Mass||||土地彌撒||||
subVikingShockwave11|Trembling Trail||||顫抖蹤跡||||
subVikingShockwave12|Cataclysmic Smash||||災難性粉碎||||
subVikingShockwave13|Forking Crust||||分叉殼||||
subVikingShockwave14|Earthen Maelstrom||||土之漩渦||||
subDescVikingShockwave01|Increases shockwave travel distance.||||增加衝擊波傳播距離。||||
subDescVikingShockwave02|Increases the damage dealt by shockwave.||||增加衝擊波造成的傷害||||
subDescVikingShockwave03|Chance on hit to knockup monsters dealing additional damage.||||擊中怪物時有幾率造成額外傷害||||
subDescVikingShockwave04|Increases critical strike damage dealt by shockwave.||||增加衝擊波造成的暴擊傷害。||||
subDescVikingShockwave05|Adds an additional trail but decreases damage dealt by each shockwave.||||添加額外的軌跡, 但減少每個衝擊波造成的傷害。||||
subDescVikingShockwave06|Chance to inflict armor break on hit.||||擊中時有機率造成護甲破壞。||||
subDescVikingShockwave07|Chance on hit to drop a meteor on the target dealing additional damage.||||擊中時有機率向目標投下一顆流星, 造成額外傷害。||||
subDescVikingShockwave08|Increases damage dealt to stunned targets.||||增加對暈眩目標造成的傷害。||||
subDescVikingShockwave09|Chance on cast to unleash an additional shockwave.||||施法時有機率釋放額外的衝擊波||||
subDescVikingShockwave10|Increases the area of effect radius of shockwave.||||增加衝擊波的作用半徑範圍。||||
subDescVikingShockwave11|Smash the ground in front of you creating a shockwave that travels a short distance and then splits into all directions.||||粉碎你面前的地面, 產生衝擊波, 傳播一小段距離, 然後分裂到各個方向。||||
subDescVikingShockwave12|Smashing the ground now creates shockwaves in every direction. Shockwave now has a cooldown.||||粉碎地面現在會在各個方向產生衝擊波. 衝擊波現在有冷卻時間。||||
subDescVikingShockwave13|Each wave has a chance to fork into a new trail.||||每波浪潮都有機率開闢新的道路。||||
subDescVikingShockwave14|Shockwaves twirl outwards around you dealing increased damage.||||衝擊波在你周圍向外旋轉, 造成更大的傷害。||||
subVikingBerserk01|Insanity||||瘋狂||||
subVikingBerserk02|Restless Feet||||不安的腳||||
subVikingBerserk03|Dual Swing||||雙重擺動||||
subVikingBerserk04|Fearless Focus||||無畏專注||||
subVikingBerserk05|Brutalize||||殘酷化||||
subVikingBerserk06|Axe Throw||||斧頭投擲||||
subVikingBerserk07|Bursting Madness||||瘋狂爆發||||
subVikingBerserk08|Berserker´s Reach||||狂戰士範圍||||
subVikingBerserk09|Heavy Hitter||||重磅擊球手||||
subVikingBerserk10|Bring Me Another One!||||再給我來一份！||||
subVikingBerserk11|Berserker´s Insanity||||狂戰士瘋狂||||
subVikingBerserk12|Deadly Advantage||||致命優勢||||
subVikingBerserk13|GRAAAAAGH!||||GRAAAAAGH!||||
subVikingBerserk14|Giant´s Grasp||||巨人之握||||
subDescVikingBerserk01|Increases the damage dealt by berserk.||||增加狂暴造成的傷害。||||
subDescVikingBerserk02|Increases the movement speed bonus from berserk.||||增加狂暴時的移動速度加成。||||
subDescVikingBerserk03|Chance on attack to perform an additional attack.||||攻擊時有機率進行額外攻擊。||||
subDescVikingBerserk04|Increases attack rating when using berserk.||||使用狂暴時提高攻擊命中率。||||
subDescVikingBerserk05|Chance to strike the monster with force causing pieces of it to scatter around and damage nearby targets.||||有機率用力量攻擊怪物, 使其碎片散落並傷害附近的目標。||||
subDescVikingBerserk06|Chance on hit to throw a piercing axe towards your target inflicting armor break to all monsters hit.||||擊中時有機率向目標投擲一把穿透斧頭, 對所有擊中的怪物造成護甲破壞。||||
subDescVikingBerserk07|Every strike now stacks to an additional buff unleashing a powerful area of effect pulse when reaching max stacks.||||現在, 每次攻擊都會疊加額外的增益, 在達到最大疊加層數時釋放出強大的效果脈衝區域。||||
subDescVikingBerserk08|Chance on berserk attack to increase its area of effect.||||狂暴攻擊有幾率擴大其影響範圍。||||
subDescVikingBerserk09|Increases critical strike damage dealt when using berserk.||||增加使用狂暴時造成的暴擊傷害。||||
subDescVikingBerserk10|Pull nearby monsters to the targets corpse on kill.||||殺死時將附近的怪物拉到目標屍體上。||||
subDescVikingBerserk11|Increases berserk stat bonuses and max stacks.||||增加狂暴增益效果和最大層數。||||
subDescVikingBerserk12|Berserk no longer requires a melee weapon dealing increased damage.||||狂暴不再需要造成更高傷害的近戰武器。||||
subDescVikingBerserk13|Every time you reach full stacks unleash a trembling pulse dealing increased damage scaling with full stat scaling consuming all stacks.||||每次達到滿堆疊時, 都會釋放出顫抖的脈衝, 造成更大的傷害縮放, 並消耗所有層數的能力加乘。||||
subDescVikingBerserk14|Increases the power of attack damage from berserk stacks lowering attack speed scaling.||||增加狂暴疊加的攻擊力, 降低攻擊速度。||||
subPyromancerBlazingTrail01|Timed Fire||||定時開火||||
subPyromancerBlazingTrail02|Scorch||||燒焦||||
subPyromancerBlazingTrail03|Expanded Flames||||擴大的火焰||||
subPyromancerBlazingTrail04|Flaming Steps||||燃燒步伐||||
subPyromancerBlazingTrail05|Agonizing Heat||||極度炎熱||||
subPyromancerBlazingTrail06|Combusting Flames||||燃燒火焰||||
subPyromancerBlazingTrail07|Burning Veins||||燃燒靜脈||||
subPyromancerBlazingTrail08|Paralyzing Fire||||麻痺之火||||
subPyromancerBlazingTrail09|Crackling Heat||||爆裂熱浪||||
subPyromancerBlazingTrail10|Fueled Flames||||火焰燃料||||
subPyromancerBlazingTrail11|Forking Flames||||分叉火焰||||
subPyromancerBlazingTrail12|Circle of Fire||||火圈||||
subPyromancerBlazingTrail13|Trail of Comets||||彗星蹤跡||||
subPyromancerBlazingTrail14|Detonation Field||||爆炸場||||
subDescPyromancerBlazingTrail01|Increases the duration of blazing trail.||||增加熾烈蹤跡的持續時間||||
subDescPyromancerBlazingTrail02|Increased the damage dealt by blazing trail.||||增加了熾烈蹤跡造成的傷害。||||
subDescPyromancerBlazingTrail03|Increases the area of effect radius of blazing trail.||||增加熾烈蹤跡的影響半徑範圍。||||
subDescPyromancerBlazingTrail04|Increases your movement speed while blazing trail is active.||||啟動熾烈蹤跡時提高你的移動速度。||||
subDescPyromancerBlazingTrail05|Increases damage dealt to burning targets.||||增加對燃燒目標造成的傷害。||||
subDescPyromancerBlazingTrail06|Trails inflict burning on hit.||||蹤跡擊中時會造成燃燒。||||
subDescPyromancerBlazingTrail07|Trails inflict fire break on hit.||||蹤跡擊中時會降低火焰抗性。||||
subDescPyromancerBlazingTrail08|Trails inflict slow on hit.||||蹤跡命中會造成減速。||||
subDescPyromancerBlazingTrail09|Chance of trails to pulsate every second.||||蹤跡每秒都有脈衝的機率。||||
subDescPyromancerBlazingTrail10|Increases the tick rate of blazing trail.||||增加熾熱蹤跡的傷害頻率。||||
subDescPyromancerBlazingTrail11|Trails have a chance to fork.||||蹤跡有機率分叉。||||
subDescPyromancerBlazingTrail12|You now send trails of fire outwards to all directions.||||現在你可以向四面八方發射熾烈蹤跡。||||
subDescPyromancerBlazingTrail13|Now drops comets that explode into flames.||||現在會掉落彗星, 這些彗星會爆炸成火焰。||||
subDescPyromancerBlazingTrail14|Instead of flames now leaves behind fiery mines exploding into flaming fissures.||||現在留下的不再是火焰, 而是熾熱的地雷爆炸成燃燒的裂縫。||||
subPyromancerPhoenixFlight01|Flaming Pecker||||火焰啄木鳥||||
subPyromancerPhoenixFlight02|Swift Flight||||迅捷飛行||||
subPyromancerPhoenixFlight03|Scorching Fury||||灼熱之怒||||
subPyromancerPhoenixFlight04|Infused Flames||||注入火焰||||
subPyromancerPhoenixFlight05|Searing Touch||||灼熱之觸||||
subPyromancerPhoenixFlight06|Burning Screech||||燃燒尖叫||||
subPyromancerPhoenixFlight07|Collateral Burning||||附帶燃燒||||
subPyromancerPhoenixFlight08|Afterburn||||燃燒後||||
subPyromancerPhoenixFlight09|Molten Feathers||||熔火羽毛||||
subPyromancerPhoenixFlight10|Mental Heat||||精神熱度||||
subPyromancerPhoenixFlight11|Rise from the Ashes||||從灰燼中崛起||||
subPyromancerPhoenixFlight12|Seed of Fulmination||||暴怒種子||||
subPyromancerPhoenixFlight13|Wings of the Phoenix||||鳳凰之翼||||
subPyromancerPhoenixFlight14|Burning Wings||||燃燒之翼||||
subDescPyromancerPhoenixFlight01|Increases the damage dealt by phoenix flight.||||增加鳳凰飛行造成的傷害。||||
subDescPyromancerPhoenixFlight02|Increases flight speed of phoenix flight.||||增加鳳凰飛行的飛行速度。||||
subDescPyromancerPhoenixFlight03|Unleash fireballs in a circle around you when landing.||||著陸時在你周圍釋放火球。||||
subDescPyromancerPhoenixFlight04|Gain increased fire skill damage for a short period when crashing into monsters.||||撞上怪物時，短時間內獲得更高的火焰技能傷害。||||
subDescPyromancerPhoenixFlight05|Chance to unleash searing chains when flying through monsters.||||飛過怪物時有機率釋放灼熱鎖鏈。||||
subDescPyromancerPhoenixFlight06|Increases landing nova area of effect.||||增加著陸時新星的影響範圍。||||
subDescPyromancerPhoenixFlight07|Deal additional fire damage to nearby monsters while phoenix flight is active.||||當鳳凰飛行啟動時, 對附近的怪物造成額外的火焰傷害。||||
subDescPyromancerPhoenixFlight08|Chance on landing to unleash an additional nova.||||著陸時有機率釋放一顆額外的新星。||||
subDescPyromancerPhoenixFlight09|Increases damage reduction while phoenix flight is active.||||鳳凰飛行啟動時增加傷害減免。||||
subDescPyromancerPhoenixFlight10|Taunt enemies you fly through.||||嘲諷你飛過的敵人。||||
subDescPyromancerPhoenixFlight11|At the end of your flight you launch into the air unleashing multiple fire novas beneath you and then land and smash the ground stunning and dealing additional damage to nearby monsters.||||在飛行結束時,你發射到空中, 在你下方釋放多個火焰新星, 然後著陸並粉碎地面, 對附近的怪物造成眩暈並造成額外傷害。||||
subDescPyromancerPhoenixFlight12|Plant a seed of fulmination on monsters you fly through that explodes after a short delay.||||在你飛過的怪物身上播下一顆暴怒的種子，它會在短暫的延遲後爆炸。||||
subDescPyromancerPhoenixFlight13|When flying you rapidly shoot searing bolts behind you in a cone.||||飛行時，你會在身後快速射出錐形的灼熱箭。||||
subDescPyromancerPhoenixFlight14|Flight distance is now short. Upon landing you knock back all monsters around scorching the land below them dealing fire damage and stunning them.||||現在飛行距離很短. 著陸後,你會擊退周圍所有燒焦土地的怪物,造成火焰傷害並擊暈它們。||||
subPyromancerInfernoSlash01|Infernal Reach||||地獄之境||||
subPyromancerInfernoSlash02|Scattering Flame||||飛散火焰||||
subPyromancerInfernoSlash03|Molten Ground||||熔火之地||||
subPyromancerInfernoSlash04|Piercing Flame||||穿刺火焰||||
subPyromancerInfernoSlash05|Stacked Burn||||堆疊燒傷||||
subPyromancerInfernoSlash06|Scorching Slash||||灼熱斬||||
subPyromancerInfernoSlash07|Nerve Damage||||神經損傷||||
subPyromancerInfernoSlash08|Accelerated Fumes||||加速煙霧||||
subPyromancerInfernoSlash09|Igniting Wind||||點燃風||||
subPyromancerInfernoSlash10|Third Degree Burns||||三度燒傷||||
subPyromancerInfernoSlash11|Infernal Cleave||||地獄之劈||||
subPyromancerInfernoSlash12|Searing Fork||||灼熱叉||||
subPyromancerInfernoSlash13|Fearful Flames||||可怕的火焰||||
subPyromancerInfernoSlash14|Flies of Agony||||痛苦飛行||||
subDescPyromancerInfernoSlash01|Increases the attack range of inferno slash.||||增加地獄之刃的攻擊範圍。||||
subDescPyromancerInfernoSlash02|Increases attack rating when using inferno slash.||||使用地獄之刃時增加攻擊命中率||||
subDescPyromancerInfernoSlash03|Chance on striking to set the ground on fire.||||攻擊時有機率使地面著火||||
subDescPyromancerInfernoSlash04|Inflicts fire break on hit.||||擊中時降低火焰抗性。||||
subDescPyromancerInfernoSlash05|Chance on hit to gain a stacking fire skill damage buff.||||命中時有機率獲得疊加火焰技能傷害增益。||||
subDescPyromancerInfernoSlash06|Increases the damage dealt by inferno slash.||||增加地獄之刃造成的傷害。||||
subDescPyromancerInfernoSlash07|Chance to stun on hit.||||擊中時有機率擊暈。||||
subDescPyromancerInfernoSlash08|Chance on attack to gain increased attack speed.||||攻擊時有機率獲得更高的攻擊速度。||||
subDescPyromancerInfernoSlash09|Chance on attack to perform an additional attack.||||攻擊時有機率進行額外攻擊。||||
subDescPyromancerInfernoSlash10|Increases damage dealt to burning targets.||||增加對燃燒目標造成的傷害。||||
subDescPyromancerInfernoSlash11|Inferno slash is now a 360 degree area of effect attack.||||地獄之刃現在是360度範圍的攻擊。||||
subDescPyromancerInfernoSlash12|Inferno slash sends multiple smaller waves that split on the first hit.||||地獄之刃會發出多個較小的波浪, 這些波浪在第一次擊中時會分裂。||||
subDescPyromancerInfernoSlash13|Inferno slash now knocks back monsters inflicting Burning and dealing increased Damage.||||地獄斬現在可以擊退怪物，造成燃燒並造成更高的傷害。||||
subDescPyromancerInfernoSlash14|Inferno slash now sends burning fireflies towards monsters on hit.||||地獄斬現在會向擊中的怪物發送燃燒的螢火蟲。||||
subPyromancerBreathOfFire01|Expanding Heat||||熱擴張||||
subPyromancerBreathOfFire02|Burning Haze||||燃燒陰霾||||
subPyromancerBreathOfFire03|Heat Combustion||||熱燃燒||||
subPyromancerBreathOfFire04|Double Breeze||||雙微風||||
subPyromancerBreathOfFire05|Scorching Exhale||||灼熱之息||||
subPyromancerBreathOfFire06|Burning Lungs||||肺部燃燒||||
subPyromancerBreathOfFire07|Collateral Ignition||||附加點燃||||
subPyromancerBreathOfFire08|Burst of Heat||||熱浪爆發||||
subPyromancerBreathOfFire09|Breaking Point||||突破點||||
subPyromancerBreathOfFire10|Reverse Hypthermia||||反向低溫||||
subPyromancerBreathOfFire11|Hydra´s Breeze||||九頭蛇微風||||
subPyromancerBreathOfFire12|Chain of Fire||||火焰連鎖||||
subPyromancerBreathOfFire13|Scorching Hellflame||||灼熱地獄火||||
subPyromancerBreathOfFire14|Molten Orb||||熔岩球||||
subDescPyromancerBreathOfFire01|Increases the size of breath of fire.||||增加火焰吐息的大小。||||
subDescPyromancerBreathOfFire02|Increases the damage dealt by breath of fire.||||增加火焰吐息造成的傷害。||||
subDescPyromancerBreathOfFire03|Chance on hit to unleash burning fragments from the target dealing damage to other nearby targets.||||命中時有機率從目標釋放燃燒的碎片, 對附近的其他目標造成傷害。||||
subDescPyromancerBreathOfFire04|Chance on cast to unleash an additional breath of fire.||||施法時有機率釋放額外的火焰。||||
subDescPyromancerBreathOfFire05|Increased the length of breath of fire.||||增加了火焰吐息長度。||||
subDescPyromancerBreathOfFire06|Inflicts burning on hit.||||擊中時造成燃燒。||||
subDescPyromancerBreathOfFire07|Chance on hit to spread burning to monsters around the target.||||命中時有機率向目標周圍的怪物蔓延燃燒。||||
subDescPyromancerBreathOfFire08|Chance on hit to unleash a small fire nova if target is burning.||||如果目標正在燃燒, 命中時有機率釋放小型火焰新星||||
subDescPyromancerBreathOfFire09|Chance to inflict fire break on burning targets.||||有機率對燃燒的目標降低火焰抗性。||||
subDescPyromancerBreathOfFire10|Increases damage dealt to burning targets.||||增加對燃燒目標造成的傷害。||||
subDescPyromancerBreathOfFire11|Unleash additional breaths in an arc.||||以弧形釋放額外的吐息。||||
subDescPyromancerBreathOfFire12|Breath of fire now chains multiple times.||||火焰吐息現在會連鎖多次。||||
subDescPyromancerBreathOfFire13|Breath of fire now applies stacks of Hellflame which will unleash a fiery pulse of area of effect damage when reaching max stacks.||||火焰吐息現在會施加多層地獄火焰, 當達到最大層數時, 會釋放出火焰脈衝, 造成區域傷害。||||
subDescPyromancerBreathOfFire14|Breath of fire now summons a molten orb traveling forwards breathing fire towards the closest target.||||火焰吐息現在會召喚一個熔化的球體向前移動, 向最近的目標噴出火焰。||||
subPyromancerFireball01|Multicast||||多重施法||||
subPyromancerFireball02|Ignition Radius||||點火半徑||||
subPyromancerFireball03|Inferno Ball||||地獄球||||
subPyromancerFireball04|Gas Fumes||||氣體煙霧||||
subPyromancerFireball05|Searing Speed||||灼熱速度||||
subPyromancerFireball06|Paralyzing Impact||||麻痺衝擊||||
subPyromancerFireball07|Soulburn||||靈魂燃燒||||
subPyromancerFireball08|Critical Burn||||嚴重燒傷||||
subPyromancerFireball09|Mark of Doom||||末日印記||||
subPyromancerFireball10|Burn baby burn!||||燃燒吧！寶貝！||||
subPyromancerFireball11|Splitfire||||分裂火力||||
subPyromancerFireball12|Path of Destruction||||毀滅之路||||
subPyromancerFireball13|Orbital Fire||||軌道火||||
subPyromancerFireball14|Fireflies!||||螢火蟲||||
subDescPyromancerFireball01|Chance on cast to unleash an additional fireball.||||施法時有機率釋放額外的火球。||||
subDescPyromancerFireball02|Increases the area of effect radius of fireball.||||增加火球的影響範圍半徑。||||
subDescPyromancerFireball03|Increases the damage dealt by fireball.||||增加火球術造成的傷害。||||
subDescPyromancerFireball04|Chance to inflict burning on hit.||||擊中時有機率造成燃燒。||||
subDescPyromancerFireball05|Increases the projectile speed and cast rate of fireball.||||增加火球的投射物和施放速度。||||
subDescPyromancerFireball06|Chance on hit to knockback monsters dealing increased damage.||||擊退怪物時有幾率造成更高的傷害。||||
subDescPyromancerFireball07|Inflicts fire break on hit.||||擊中時降低火焰抗性。||||
subDescPyromancerFireball08|Chance on hit to deal double damage.||||命中時有幾率造成雙倍傷害||||
subDescPyromancerFireball09|Chance on hit to rain down flaming meteors from the sky.||||命中時有機率從天而降燃燒的流星。||||
subDescPyromancerFireball10|Increases damage dealt to burning targets.||||增加對燃燒目標造成的傷害。||||
subDescPyromancerFireball11|Fireball now splits to multiple smaller fireballs on hit.||||火球現在會在擊中時分裂成多個較小的火球。||||
subDescPyromancerFireball12|Fireball now has piercing and leaves a trail of fire on its’ path.||||火球現在具有穿透力, 並在其路徑上留下一道火跡。||||
subDescPyromancerFireball13|Fireball casts now orbit around you for a short period.||||火球術現在會在你周圍短暫運行。||||
subDescPyromancerFireball14|Chance on spellhit to spawn a firefly around you that seek out nearby targets exploding into a fireball.||||法術命中時有機率在你周圍產生一隻螢火蟲, 尋找附近爆炸成火球的目標。||||
subPyromancerHydra01|Lasting Fire||||耐久之火||||
subPyromancerHydra02|Fiery Snakebite||||火蛇咬傷||||
subPyromancerHydra03|Flaming Reach||||烈焰之鋒||||
subPyromancerHydra04|Scorching Blast||||灼熱衝擊||||
subPyromancerHydra05|More Heads More Fire!||||更多的頭更多的火！||||
subPyromancerHydra06|Flaming Reflexes||||火焰反射||||
subPyromancerHydra07|Cloning Combustion||||克隆燃燒||||
subPyromancerHydra08|Burstfire||||爆裂火焰||||
subPyromancerHydra09|Burning Essence||||燃燒精華||||
subPyromancerHydra10|Slitherin Army||||九頭蛇軍團||||
subPyromancerHydra11|Chaotic Calamity||||混亂災難||||
subPyromancerHydra12|Hydra Herder||||九頭蛇牧人||||
subPyromancerHydra13|Scorching Kraken||||灼熱海妖||||
subPyromancerHydra14|Searing Snakes||||灼熱蛇||||
subDescPyromancerHydra01|Increases the duration of hydra.||||增加九頭蛇的持續時間。||||
subDescPyromancerHydra02|Increases the damage dealt by hydra.||||增加九頭蛇造成的傷害。||||
subDescPyromancerHydra03|Increases the range of hydra attacks.||||增加九頭蛇的攻擊範圍。||||
subDescPyromancerHydra04|Hydras have a chance to cast a small fire nova at the target on hit.||||九頭蛇有機率在擊中目標時向目標投擲小型火焰新星。||||
subDescPyromancerHydra05|Increases the amount of hydras you can spawn.||||增加你可以生成的九頭蛇數量。||||
subDescPyromancerHydra06|Increases the attack speed of summoned hydra.||||提高召喚九頭蛇的攻擊速度||||
subDescPyromancerHydra07|Chance on attack for hydra to create a temporary clone of itself for a short period of time.||||九頭蛇在攻擊時有機率在短時間內創建自己的臨時複製體。||||
subDescPyromancerHydra08|Hydras have a chance on attack to fire an additional projectile.||||九頭蛇攻擊時有機率發射額外的投射物。||||
subDescPyromancerHydra09|Hydras deal damage in a small radius around them.||||九頭蛇會在周圍的小範圍內造成傷害。||||
subDescPyromancerHydra10|Increases damage dealt to burning targets.||||增加對燃燒目標造成的傷害。||||
subDescPyromancerHydra11|Hydras now unleash small comets with every attack.||||九頭蛇現在每次攻擊都會釋放出小型彗星。||||
subDescPyromancerHydra12|Hydras now follow the player but the amount of hydras are capped.||||九頭蛇現在跟隨玩家, 但九頭蛇的數量受到限制。||||
subDescPyromancerHydra13|Now summon one massive hydra that breathes fire to nearby monsters with increased damage and range.||||現在召喚一隻巨大的九頭蛇, 向附近的怪物噴火, 傷害和範圍增加||||
subDescPyromancerHydra14|Now summon all hydras with one cast dealing increased damage and inflicting burning on hit.||||現在, 透過一次施法召喚所有九頭蛇, 造成更高的傷害並造成擊中燃燒。||||
subPyromancerScorchingAura01|Scorched Lands||||焦土||||
subPyromancerScorchingAura02|Sixt Degree Burns||||六度燒傷||||
subPyromancerScorchingAura03|Burning Necrosis||||燃燒壞死||||
subPyromancerScorchingAura04|Flaming Fissure||||火焰裂縫||||
subPyromancerScorchingAura05|Rapid Burning||||快速燃燒||||
subPyromancerScorchingAura06|Burnt Feet||||燒焦步兵||||
subPyromancerScorchingAura07|IGNITE THE FLAMES!||||點燃火焰！||||
subPyromancerScorchingAura08|Ground Blaze||||地面烈焰||||
subPyromancerScorchingAura09|Scorching Agony||||灼熱痛苦||||
subPyromancerScorchingAura10|Burn Them All!||||把他們全部燒掉!||||
subPyromancerScorchingAura11|Searing Burst||||灼熱爆發||||
subPyromancerScorchingAura12|Burning Soul||||燃燒靈魂||||
subPyromancerScorchingAura13|Scorching Harvester||||灼熱收割||||
subPyromancerScorchingAura14|RELEASE THE CHAOS!||||釋放混亂！||||
subDescPyromancerScorchingAura01|Increases the area of effect radius of scorching aura.||||增加灼熱光環的影響範圍。||||
subDescPyromancerScorchingAura02|Increases the damage dealt by scorching aura.||||增加灼熱光環造成的傷害。||||
subDescPyromancerScorchingAura03|Inflicts fire break on hit.||||擊中時降低火焰抗性。||||
subDescPyromancerScorchingAura04|Chance on hit to release a flaming fissure beneath monsters knocking them into the air dealing additional damage.||||擊中時有機率在怪物下方釋放火焰裂縫, 將其擊飛至空中, 造成額外傷害。||||
subDescPyromancerScorchingAura05|Increases the tick rate of scorching aura.||||增加灼熱光環的傷害頻率。||||
subDescPyromancerScorchingAura06|Increases your movement speed while scorching aura is active.||||當灼熱光環啟動時提高你的移動速度。||||
subDescPyromancerScorchingAura07|Damaging monsters now builds up flaming ignition stacks unleashing a fiery pulse at max stacks.||||造成傷害的怪物現在會堆積起燃燒的點火層, 在最大層數時釋放出熾熱的脈衝。||||
subDescPyromancerScorchingAura08|Chance on hit to slow monsters and light a blaze at their feet.||||有機率擊中怪物並在其腳下點燃火焰。||||
subDescPyromancerScorchingAura09|Increases damage dealt to burning targets.||||增加對燃燒目標造成的傷害。||||
subDescPyromancerScorchingAura10|Inflicts burning for a portion of scorching auras damage on hit.||||擊中時造成部分灼熱光環傷害, 造成燃燒。||||
subDescPyromancerScorchingAura11|Frequently unleash small bursts of fire dealing additional damage stunning monsters on hit.||||經常釋放小股火焰, 造成額外傷害, 擊中怪物時暈眩。||||
subDescPyromancerScorchingAura12|Increases the damage of scorching aura based on your maximum life.||||根據你的最大生命值增加灼熱光環的傷害。||||
subDescPyromancerScorchingAura13|Frequently send out fiery souls dealing damage replenishing a portion of your maximum life.||||經常發出熾熱的靈魂造成傷害, 補充你的部分最大生命。||||
subDescPyromancerScorchingAura14|Ignite the flames now additionally unleashes piercing fireballs spiraling outwards dealing additional damage.||||點燃火焰現在還會釋放出向外盤旋的穿透火球, 造成額外傷害。||||
subPyromancerVolcano01|Eruption||||噴發||||
subPyromancerVolcano02|Extended Lava||||擴展熔岩||||
subPyromancerVolcano03|Danger Zone||||危險區||||
subPyromancerVolcano04|Searing Mountain||||灼熱山||||
subPyromancerVolcano05|Colossal Fragment||||巨大碎片||||
subPyromancerVolcano06|Crackling Earth||||劈啪作響的大地||||
subPyromancerVolcano07|Scorching Lava||||灼熱熔岩||||
subPyromancerVolcano08|Crushing Fragment||||粉碎碎片||||
subPyromancerVolcano09|Too Hot to Touch||||太熱而無法觸摸||||
subPyromancerVolcano10|Lava Dipping||||熔岩浸泡||||
subPyromancerVolcano11|Yellowstone||||黃石||||
subPyromancerVolcano12|Lava Trail||||熔岩小徑||||
subPyromancerVolcano13|I Am The Volcano Now!||||我現在就是火山！||||
subPyromancerVolcano14|Trail of Volcanoes||||火山足跡||||
subDescPyromancerVolcano01|Increases the amount of volcano fragments.||||增加火山碎片的數量。||||
subDescPyromancerVolcano02|Increases the duration of volcano.||||增加火山的持續時間。||||
subDescPyromancerVolcano03|Increases the range of volcano.||||增加火山的範圍。||||
subDescPyromancerVolcano04|Increases the size of volcano.||||增加火山的大小。||||
subDescPyromancerVolcano05|Chance to shoot out a colossal fragment instead knocking monsters into the air and inflicting burning on hit.||||有機率射出巨大的碎片, 而不是將怪物擊飛到空中並在擊中時造成燃燒。||||
subDescPyromancerVolcano06|Release flaming fissures around the volcano.||||釋放火山周圍的燃燒裂縫。||||
subDescPyromancerVolcano07|Increases the damage dealt by volcano.||||增加火山造成的傷害。||||
subDescPyromancerVolcano08|Fragments have a chance to bounce and deal area of effect damage when hitting the ground.||||碎片落地時有機率反彈並造成一定範圍的傷害。||||
subDescPyromancerVolcano09|Monsters touching the volcano get knocked back and stunned taking additional damage.||||接觸火山的怪物會被擊退並眩暈, 並受到額外傷害。||||
subDescPyromancerVolcano10|Increases damage dealt to burning targets.||||增加對燃燒目標造成的傷害。||||
subDescPyromancerVolcano11|Now spawns a massive volcano shooting out fragments that spawn smaller volcanoes around it.||||現在會產生一座巨大的火山, 發射出的碎片會在其周圍產生較小的火山。||||
subDescPyromancerVolcano12|Volcano now sends out trails of molten lava inflicting a portion of its damage as burning.||||火山現在會噴出熔岩痕跡, 造成部分傷害為燃燒。||||
subDescPyromancerVolcano13|The volcano is now stuck on you with increased damage.||||火山現在黏在你身上, 傷害增加。||||
subDescPyromancerVolcano14|Spawn multiple volcanoes trailing into a random direction. ||||產生多座火山, 拖向隨機方向。||||
subPyromancerFireNova01|Extended Flames||||擴展火焰||||
subPyromancerFireNova02|Boiling Point||||沸點||||
subPyromancerFireNova03|Heat Haze||||熱嵐||||
subPyromancerFireNova04|Burning Agony||||燃燒的痛苦||||
subPyromancerFireNova05|Crushing Flames||||粉碎火焰||||
subPyromancerFireNova06|Rapid Flames||||快速火焰||||
subPyromancerFireNova07|Mirror Flames||||鏡面火焰||||
subPyromancerFireNova08|Armageddon Bolts||||末日彈||||
subPyromancerFireNova09|Agonizing Flames||||痛苦火焰||||
subPyromancerFireNova10|Molten Trail||||熔火小徑||||
subPyromancerFireNova11|Scorching Bolts||||灼熱彈||||
subPyromancerFireNova12|Searing Tornado||||灼熱龍捲風||||
subPyromancerFireNova13|Traveling Flames||||旅行火焰||||
subPyromancerFireNova14|Vacuum Flames||||真空火焰||||
subDescPyromancerFireNova01|Increases the area of effect radius of fire nova.||||增加火焰新星的影響半徑範圍||||
subDescPyromancerFireNova02|Inflicts burning on hit.||||擊中時造成燃燒。||||
subDescPyromancerFireNova03|Increases the damage dealt by fire nova.||||增加火焰新星造成的傷害。||||
subDescPyromancerFireNova04|Inflicts fire break on hit.||||擊中時降低火焰抗性。||||
subDescPyromancerFireNova05|Fire nova knocks monsters back dealing increased damage.||||火焰新星將怪物擊退，造成更多傷害。||||
subDescPyromancerFireNova06|Increases your cast rate when casting fire nova.||||提高施放火焰新星時的施法速度||||
subDescPyromancerFireNova07|Chance on cast to unleash an additional fire nova.||||施放時有機率釋放額外的火焰新星。||||
subDescPyromancerFireNova08|Chance on hit to drop armageddon bolts down from the sky.||||命中時有機率從天上掉落末日彈。||||
subDescPyromancerFireNova09|Increases damage dealt to burning targets.||||增加對燃燒目標造成的傷害。||||
subDescPyromancerFireNova10|Chance on cast to send a trail of molten lava forward.||||施法時有機率向前噴射一道熔岩痕跡。||||
subDescPyromancerFireNova11|Now unleash piercing fireballs in all directions instead of a nova.||||現在向各個方向釋放穿透火球而不是新星。||||
subDescPyromancerFireNova12|Summon piercing fireballs orbiting you.||||召喚圍繞你旋轉的穿透火球||||
subDescPyromancerFireNova13|Send a traveling nova forward unleashing additional novas with increased damage and area of effect radius.||||向前發送一顆行進的新星, 釋放出額外的新星, 傷害和效果半徑範圍都會增加||||
subDescPyromancerFireNova14|Fire nova now vacuums monsters inside dealing additional damage.|||Огненная нова теперь затягивает монстров внутрь, нанося дополнительный урон.|火焰新星現在會將裡面的怪物吸引至中心，並造成額外傷害。||이제 불의 노바가 내부의 몬스터들을 끌어당기며 추가 피해를 입힙니다.|||Ahora la nova de fuego atrae a los monstruos hacia su centro, infligiendo daño adicional.|
subPyromancerComet01|Blast Radius||||爆炸半徑||||
subPyromancerComet02|Molten Rock||||熔岩||||
subPyromancerComet03|Skycaller||||喚天者||||
subPyromancerComet04|Comet Fragments||||彗星碎片||||
subPyromancerComet05|Molten Aftershock||||熔岩餘震||||
subPyromancerComet06|Shattering Impact||||毀滅性的影響||||
subPyromancerComet07|Stunning Hit||||暈眩一擊||||
subPyromancerComet08|Cracked Terrain||||破裂地形||||
subPyromancerComet09|Searing Shrapnel||||灼熱彈片||||
subPyromancerComet10|Flaming Terrain||||火焰地形||||
subPyromancerComet11|Fiery Shower||||熾熱雨||||
subPyromancerComet12|Molten Starfall||||熔火星隕||||
subPyromancerComet13|Bouncing Comets||||彈跳彗星||||
subPyromancerComet14|Crushing Comet||||粉碎彗星||||
subDescPyromancerComet01|Increases the area of effect radius of comet.||||增加彗星的影響半徑區域。||||
subDescPyromancerComet02|Increases the damage dealt by comet.||||增加彗星造成的傷害||||
subDescPyromancerComet03|Increases your cast rate when using comet.||||使用彗星時增加施法速度||||
subDescPyromancerComet04|Chance when comet hits the ground to rain down smaller comets.||||彗星撞擊地面時有機率落下較小的彗星。||||
subDescPyromancerComet05|Chance when hitting the ground to unleash a fiery pulse dealing additional damage knocking monsters back.||||落地時有機率釋放熾熱脈衝，造成額外傷害，將怪物擊退。||||
subDescPyromancerComet06|Inflicts fire break on hit.||||擊中時降低火焰抗性。||||
subDescPyromancerComet07|Chance on hit to stun monsters.||||擊中怪物時有幾率擊暈怪物。||||
subDescPyromancerComet08|Increased damage dealt to stunned targets.||||對暈眩目標造成的傷害增加。||||
subDescPyromancerComet09|Comet shrapnel flies farther dealing a portion of comets damage.||||彗星彈片飛得更遠, 造成一部分彗星傷害。||||
subDescPyromancerComet10|Chance when hitting the ground to create flames dealing a portion of comets damage over time.||||撞擊地面時有機率產生火焰，隨著時間的推移造成部分彗星傷害。||||
subDescPyromancerComet11|Drop additional comets dealing increased damage.||||掉落額外的彗星，造成更高的傷害。||||
subDescPyromancerComet12|Drop multiple comets simultaneously. Comet now has a cooldown.||||同時投放多顆彗星. 彗星現在有冷卻時間。||||
subDescPyromancerComet13|Drop multiple small comets bouncing forwards when landing.||||著陸時掉落多個向前彈跳的小彗星。||||
subDescPyromancerComet14|Comet now smashes the ground with force sending monsters airborne with increased damage.||||彗星現在用力量粉碎地面，使怪物在空中飛行並造成更大的傷害。||||
subPyromancerArmageddon01|Falling Wrath||||墮落之怒||||
subPyromancerArmageddon02|Storm of Fire||||火焰風暴||||
subPyromancerArmageddon03|Colossal Chunks||||巨大區塊||||
subPyromancerArmageddon04|Searing Meteor||||灼熱流星||||
subPyromancerArmageddon05|Pyrokinetic Madness||||火動力瘋狂||||
subPyromancerArmageddon06|Doomsday Clock||||世界末日之鐘||||
subPyromancerArmageddon07|Blisters||||起泡||||
subPyromancerArmageddon08|Ball of Fire||||火球||||
subPyromancerArmageddon09|Doom Fire||||末日之火||||
subPyromancerArmageddon10|Blazing Pulse||||熾熱脈衝||||
subPyromancerArmageddon11|Searing Concentration||||灼熱濃度||||
subPyromancerArmageddon12|Warm Shower||||熱情驟雨||||
subPyromancerArmageddon13|Blistering Bolt||||極熱彈||||
subPyromancerArmageddon14|Warped Doom||||扭曲末日||||
subDescPyromancerArmageddon01|Increases the amount of armageddon projectiles.||||增加毀天滅地的投射物數量||||
subDescPyromancerArmageddon02|Increases the area of effect radius of armageddon.||||增加毀天滅地的影響半徑範圍。||||
subDescPyromancerArmageddon03|Increases projectile size and explosion radius.||||增加投射物尺寸和爆炸半徑。||||
subDescPyromancerArmageddon04|Chance to inflict burning on hit.||||擊中時有機率造成燃燒。||||
subDescPyromancerArmageddon05|Chance on cast to unleash an additional armageddon.||||施放時有機率發動額外的世界末日。||||
subDescPyromancerArmageddon06|Decreases the cooldown of armageddon.||||減少毀天滅地的冷卻時間。||||
subDescPyromancerArmageddon07|Increases damage dealt to burning targets.||||增加對燃燒目標造成的傷害。||||
subDescPyromancerArmageddon08|Chance for a meteor to turn into a ball of fire with increased size and damage.||||流星有機率變成火球，其尺寸和傷害都會增加。||||
subDescPyromancerArmageddon09|Increased the damage dealt by armageddon.||||增加了毀天滅地造成的傷害。||||
subDescPyromancerArmageddon10|Chance on hit to unleash a fiery pulse dealing additional damage.||||擊中時有機率釋放熾熱脈衝, 造成額外傷害。||||
subDescPyromancerArmageddon11|Armageddon area of effect is now drastically smaller for more concentrated damage output.||||毀天滅地的影響範圍現在大大縮小，傷害輸出更加集中。||||
subDescPyromancerArmageddon12|Armageddon now follows the player dealing increased damage.||||毀天滅地現在跟隨玩家造成更高的傷害。||||
subDescPyromancerArmageddon13|Armageddon now drops a meteor on every monster around you on a large radius. Armageddon no longer has a cooldown.||||毀天滅地現在會在大半徑範圍內向你周圍的每個怪物投下一顆流星. 毀天滅地不再有冷卻時間。||||
subDescPyromancerArmageddon14|Armageddon projectiles now fly horizontally through terrain exploding on hit.||||毀天滅地的投射物現在水平飛行穿過地形，擊中時會爆炸。||||
subMarksmanTrickshot01|Lung Capacity||||肺活量||||
subMarksmanTrickshot02|Tenacity||||韌性||||
subMarksmanTrickshot03|Lethal Aim||||致命目標||||
subMarksmanTrickshot04|Archery Skills||||射箭技巧||||
subMarksmanTrickshot05|Looping Shot||||循環射擊||||
subMarksmanTrickshot06|Deadly Accuracy||||致命精準||||
subMarksmanTrickshot07|Steady Hands||||穩定的手||||
subMarksmanTrickshot08|Agile Hunter||||敏捷獵人||||
subMarksmanTrickshot09|Killshot||||殺戮射擊||||
subMarksmanTrickshot10|Maiming Shot||||致殘射擊||||
subMarksmanTrickshot11|Sniper's Touch||||狙擊之觸||||
subMarksmanTrickshot12|Splitting Trickshot||||分裂技巧||||
subMarksmanTrickshot13|Scorching Arrow||||灼熱箭||||
subMarksmanTrickshot14|Powershot||||強力射擊||||
subDescMarksmanTrickshot01|Increases attack rating when using trickshot.||||使用特技射擊時提高攻擊命中率。||||
subDescMarksmanTrickshot02|Reduces the mana cost of trickshot.||||減少特技射擊的法力消耗。||||
subDescMarksmanTrickshot03|Increases the damage dealt by trickshot.||||增加特技射擊造成的傷害。||||
subDescMarksmanTrickshot04|Increases the amount of bounces for trickshot.||||增加特技射擊的彈跳目標數量。||||
subDescMarksmanTrickshot05|Trickshot can hit the same monster multiple times if there are no others nearby with reduced damage.||||如果附近沒有其他怪物，傷害會降低，特技射擊可以多次擊中同一個怪物。||||
subDescMarksmanTrickshot06|Increases critical strike damage dealt by trickshot.||||增加特技射擊造成的暴擊傷害。||||
subDescMarksmanTrickshot07|Increases the critical strike chance when using trickshot.||||增加使用特技射擊時的爆擊幾率。||||
subDescMarksmanTrickshot08|Decreases the movement diminish when using trickshot.||||使用特技射擊時減少移動。||||
subDescMarksmanTrickshot09|Increases the range of trickshot.||||增加特技射擊的範圍。||||
subDescMarksmanTrickshot10|Trickshot inflicts a portion of its damage as bleeding.||||特技射擊造成的部分傷害為流血。||||
subDescMarksmanTrickshot11|Trickshot now only bounces to one additional target but multiplies its damage with the amount of bounces with increased damage and critical strike damage.||||特技射擊現在只會彈跳到一個額外的目標，但其傷害會隨著彈跳次數而增加傷害和暴擊傷害。||||
subDescMarksmanTrickshot12|Each bounce fires additional piercing projectiles.||||每次彈跳都會發射額外的穿透投射物。||||
subDescMarksmanTrickshot13|Trickshot now inflicts burning to monsters for a portion of its damage.||||特技射擊現在會對怪物造成燃燒，造成部分傷害。||||
subDescMarksmanTrickshot14|The initial projectile now pierces with increased range and damage unleashing bouncing arrows to monsters on hit dealing decreased damage.||||現在，起始投射物的穿透範圍和傷害增加，向擊中的怪物釋放彈跳箭，造成的傷害減少。||||
subMarksmanVault01|Forest Parkour||||森林跑酷||||
subMarksmanVault02|Vaultshot||||迴避射擊||||
subMarksmanVault03|Eagle Eye||||鷹眼||||
subMarksmanVault04|Rapidshot||||快速射擊||||
subMarksmanVault05|High Leap||||高躍||||
subMarksmanVault06|Landing Strike||||著陸打擊||||
subMarksmanVault07|Hunter's Aim||||獵人目標||||
subMarksmanVault08|Wounding Shot||||創傷射擊||||
subMarksmanVault09|Trail of Blood||||血跡||||
subMarksmanVault10|Explosive Trail||||爆炸痕跡||||
subMarksmanVault11|Multivault||||多重騰躍||||
subMarksmanVault12|Leaping Cyclone||||跳躍旋風||||
subMarksmanVault13|Safespace||||安全空間||||
subMarksmanVault14|iArrow||||我即是箭矢||||
subDescMarksmanVault01|Increases vault length.||||增加騰躍距離。||||
subDescMarksmanVault02|Increases the damage dealt by vault.||||增加騰躍造成的傷害。||||
subDescMarksmanVault03|Increases attack rating when vaulting.||||騰躍時提高攻擊命中率。||||
subDescMarksmanVault04|Increases the amount of projectiles fired when vaulting.||||增加騰躍時發射的投射物數量。||||
subDescMarksmanVault05|Increases air time when vaulting. Vault can now go over hard terrain.||||增加騰躍時在空中的時間。 騰躍現在可以越過堅硬的地形。||||
subDescMarksmanVault06|When landing fire projectiles in a circle around you.||||落地時向你周圍灑出火焰彈。||||
subDescMarksmanVault07|Projectiles from vault now pierce and bounce off of terrain with increased damage and speed.||||現在，來自騰躍的投射物會穿透地形並從地形上反彈，傷害和速度都會增加。||||
subDescMarksmanVault08|Vault projectiles inflict bleeding on hit.||||騰躍投射物擊中時造成流血。||||
subDescMarksmanVault09|Increases damage dealt to bleeding targets.||||增加流血目標造成的傷害。||||
subDescMarksmanVault10|Vault now leaves a trail of explosions with increased damage and area of effect.||||騰躍現在會留下爆炸痕跡，傷害和影響範圍都會增加。||||
subDescMarksmanVault11|Vault now fires multiple projectiles in an arc.||||騰躍現在可以沿著弧形發射多個投射物。||||
subDescMarksmanVault12|Vault fires orbiting projectiles that fly in all directions.||||騰躍發射向各個方向飛行的投射物。||||
subDescMarksmanVault13|When landing from leap knock back all monsters around you and drop raining arrows on them.||||當騰躍落地時，擊退你周圍的所有怪物並向他們投下箭雨。||||
subDescMarksmanVault14|Turn into a big arrow dealing damage to monsters on your path. Upon landing cause a big explosion pulse dealing damage to monsters around you.||||變成一支大箭矢，對你路徑上的怪物造成傷害。著陸時會產生巨大的爆炸脈衝，對周圍的怪物造成傷害。||||
subMarksmanMultishot01|Bow & String||||弓與弦||||
subMarksmanMultishot02|Clear Mind||||頭腦清醒||||
subMarksmanMultishot03|Steady Aim||||穩定瞄準||||
subMarksmanMultishot04|Stacked Quiver||||堆疊箭袋||||
subMarksmanMultishot05|Agile Marksman||||敏捷射手||||
subMarksmanMultishot06|Wounding Impact||||創傷衝擊||||
subMarksmanMultishot07|Wounded Target||||受傷目標||||
subMarksmanMultishot08|Ambush||||伏擊||||
subMarksmanMultishot09|Headshot||||爆頭||||
subMarksmanMultishot10|Longshot||||遠射||||
subMarksmanMultishot11|Tornadoshot||||龍捲風射擊||||
subMarksmanMultishot12|Arrow Nova||||箭矢新星||||
subMarksmanMultishot13|Concentration Volley||||集中截擊||||
subMarksmanMultishot14|Raining Inferno||||地獄雨||||
subDescMarksmanMultishot01|Increases the damage dealt by multishot.||||增加多重射擊造成的傷害。||||
subDescMarksmanMultishot02|Decreases the mana cost of multishot.||||降低多重射擊的法力消耗。||||
subDescMarksmanMultishot03|Increases attack rating when using multishot.||||使用多重射擊時提高攻擊命中率。||||
subDescMarksmanMultishot04|Increases the amount of multishot projectiles.||||增加多重射擊的投射物數量。||||
subDescMarksmanMultishot05|Decreases the movement diminish when using multishot.||||減少使用多重射擊時，移動速度降低的效果。||||
subDescMarksmanMultishot06|Chance to inflict bleeding on hit.||||擊中時有機率造成流血。||||
subDescMarksmanMultishot07|Increases damage dealt to bleeding targets.||||增加流血目標造成的傷害。||||
subDescMarksmanMultishot08|Increases the critical strike chance when using multishot.||||使用多重射擊時增加致命一擊的幾率。||||
subDescMarksmanMultishot09|Increases critical strike damage dealt when using multishot.||||增加使用多重射擊時造成的暴擊傷害。||||
subDescMarksmanMultishot10|Increases the attack range of multishot.||||增加多重射擊的攻擊範圍。||||
subDescMarksmanMultishot11|Multishot now unleashes a cycloning tornado of projectiles on hit that are launched in all directions.||||多重射擊現在會在擊中時釋放出一股旋風龍捲風，並向各個方向發射。||||
subDescMarksmanMultishot12|Multishot now fires a decreased amount of projectiles which when landing or hitting a monster split into multiple projectiles flying in all directions.||||多重射擊現在發射的彈體數量減少，當著陸或擊中怪物時，彈體會分裂成多個向各個方向飛行的彈頭。||||
subDescMarksmanMultishot13|Multishot now fires a decreased amount of shotgunning projectiles in a narrow cone with decreased damage.||||多重射擊現在會在狹窄的圓錐體中發射較少數量的霰彈槍彈，傷害也會降低。||||
subDescMarksmanMultishot14|Multishot now fires burning arrows inflicting burning for a portion of the damage.||||多重射擊現在會發射燃燒的箭，造成部分傷害。||||
subMarksmanVolatileShot01|Hawk Eye||||鷹眼||||
subMarksmanVolatileShot02|Cannon Fodder||||砲灰||||
subMarksmanVolatileShot03|Far Sight||||遠視||||
subMarksmanVolatileShot04|Armor Shatter||||護甲破碎||||
subMarksmanVolatileShot05|Techies||||技術人員||||
subMarksmanVolatileShot06|Explosive Tactics||||爆炸戰術||||
subMarksmanVolatileShot07|Armor Swap||||護甲交換||||
subMarksmanVolatileShot08|Strafing||||掃射||||
subMarksmanVolatileShot09|Devastation||||毀滅||||
subMarksmanVolatileShot10|Military Tactics||||軍事戰術||||
subMarksmanVolatileShot11|Colossal Arrow||||巨型箭矢||||
subMarksmanVolatileShot12|Volatile Multishot||||易變多重射擊||||
subMarksmanVolatileShot13|Fire in the Hole!||||小心！||||
subMarksmanVolatileShot14|Artillery||||砲兵||||
subDescMarksmanVolatileShot01|Increases attack rating when using volatile shot.||||使用爆炸射擊時提高攻擊命中率。||||
subDescMarksmanVolatileShot02|Increases the damage dealt by volatile shot.||||增加爆炸射擊造成的傷害。||||
subDescMarksmanVolatileShot03|Increases the attack range of volatile shot.||||增加爆炸射擊的攻擊範圍。||||
subDescMarksmanVolatileShot04|Inflicts armor break on hit.||||擊中時造成護甲破壞。||||
subDescMarksmanVolatileShot05|Now knocks monsters back with increased damage.||||現在可以將怪物擊退並增加傷害。||||
subDescMarksmanVolatileShot06|Increases the explosion area of effect radius of volatile shot.||||增加爆炸射擊的爆炸效果範圍。||||
subDescMarksmanVolatileShot07|Gain a portion of inflicted armor break as armor for a short duration.||||短時間內獲得部分造成的護甲破壞作為護甲。||||
subDescMarksmanVolatileShot08|Decreases the movement diminish when using volatile shot.||||減少使用爆炸射擊時，移動速度降低的效果。||||
subDescMarksmanVolatileShot09|Chance to stun monsters on hit.||||擊中時有機率擊暈怪物。||||
subDescMarksmanVolatileShot10|Increases damage dealt to stunned targets.||||增加對暈眩目標造成的傷害。||||
subDescMarksmanVolatileShot11|Fire a massive arrow with increased damage and increased armor break duration. Volatile shot now has a cooldown.||||發射巨大的箭，傷害增加，破甲持續時間增加。爆炸射擊現在有冷卻時間。||||
subDescMarksmanVolatileShot12|Fire multiple smaller projectiles in a cone.||||在圓錐範圍中發射多個較小的投射物。||||
subDescMarksmanVolatileShot13|On monster or terrain impact launch multiple piercing arrows in all directions.||||在怪物或地形衝擊時，向各個方向發射多支穿透箭。||||
subDescMarksmanVolatileShot14|Fire multiple additional arrows raining from the sky covering a wide area. Volatile shot now has a short cooldown.||||額外發射多支箭，從天而降，覆蓋大片區域。爆炸射擊現在有較短的冷卻時間。||||
subMarksmanArrowRain01|Spot On||||精準||||
subMarksmanArrowRain02|Long Reach||||長距離||||
subMarksmanArrowRain03|Rain Of Pain||||痛苦之雨||||
subMarksmanArrowRain04|Coverage||||覆蓋||||
subMarksmanArrowRain05|Sharper Tips||||尖銳打擊||||
subMarksmanArrowRain06|Split Fall||||殞落分裂||||
subMarksmanArrowRain07|My Territory||||我的領地||||
subMarksmanArrowRain08|Cutting Arrows||||切割箭矢||||
subMarksmanArrowRain09|Wound Salt||||重創||||
subMarksmanArrowRain10|Maiming Arrow||||致殘箭||||
subMarksmanArrowRain11|Scorching Volley||||灼熱齊射||||
subMarksmanArrowRain12|Kill Command||||殺戮命令||||
subMarksmanArrowRain13|Contract Killer||||契約殺手||||
subMarksmanArrowRain14|Arrow Splinter||||碎裂箭矢||||
subDescMarksmanArrowRain01|Increases attack rating when using arrow rain.||||使用箭雨時增加攻擊命中率。||||
subDescMarksmanArrowRain02|Increased the range of arrow rain.||||增加了箭雨的範圍。||||
subDescMarksmanArrowRain03|Increases the amount of arrow rain projectiles.||||增加箭雨投射物的數量。||||
subDescMarksmanArrowRain04|Increases the area of effect radius of arrow rain.||||增加箭雨的影響範圍半徑。||||
subDescMarksmanArrowRain05|Increases the damage dealt by arrow rain.||||增加箭雨造成的傷害。||||
subDescMarksmanArrowRain06|Chance on hit for arrows to split into multiple projectiles flying in all directions.||||箭矢擊中時有機率分裂成多個投射物，並向各個方向飛行。||||
subDescMarksmanArrowRain07|Decreases the movement diminish when using arrow rain.||||減少使用箭雨時，移動速度降低的效果。||||
subDescMarksmanArrowRain08|Chance to inflict bleed on hit.||||命中時有機率造成流血。||||
subDescMarksmanArrowRain09|Increases damage dealt to bleeding targets.||||增加流血目標造成的傷害。||||
subDescMarksmanArrowRain10|Chance to stun target on hit.||||擊中時有機率擊暈目標。||||
subDescMarksmanArrowRain11|Raining arrows are now on fire dealing fire damage and burning monsters on hit.|||Теперь падающие стрелы горят, нанося урон огнем и поджигая монстров при попадании.|落下的箭矢現在附帶火焰，造成火焰傷害並在擊中時點燃怪物。||이제 레인 화살이 불에 휩싸여 불 피해를 입히고, 적중 시 몬스터에게 화상을 입힙니다.|||Las flechas de Lluvia de Flechas ahora están envueltas en llamas, infligiendo daño de fuego y aplicando Quemadura al golpear a los monstruos.|
subDescMarksmanArrowRain12|Unleash a long rain of arrows on a massive radius. Arrow rain now has a cooldown.||||在大半徑範圍內釋放出長長的箭雨。箭雨現在有冷卻時間。||||
subDescMarksmanArrowRain13|Decreases the radius of arrow rain significantly dealing increased damage.||||減少箭雨的半徑，顯著增加傷害。||||
subDescMarksmanArrowRain14|When hitting the ground arrows split into multiple piercing arrows flying in all directions.||||當箭矢擊中地面時，會分裂成多支穿透箭矢向四方飛去。||||
subMarksmanArrowRampage01|Arrow to the Knee||||膝蓋中箭||||
subMarksmanArrowRampage02|Spinning Shrapnel||||旋轉彈片||||
subMarksmanArrowRampage03|Shredding Hit||||粉碎打擊||||
subMarksmanArrowRampage04|Bigger is Better||||越大越好||||
subMarksmanArrowRampage05|Exploding Arrowhead||||爆炸箭頭||||
subMarksmanArrowRampage06|Critical Hit||||暴擊||||
subMarksmanArrowRampage07|Crucial Strike||||致命一擊||||
subMarksmanArrowRampage08|Arcanum Arrow||||奧秘箭||||
subMarksmanArrowRampage09|Arcanum Penetration||||奧術穿透||||
subMarksmanArrowRampage10|Blast Wave||||衝擊波||||
subMarksmanArrowRampage11|Marked For Destruction||||銷毀標記||||
subMarksmanArrowRampage12|Tricky Tactics||||狡猾戰術||||
subMarksmanArrowRampage13|Arrow Mayhem||||混亂箭矢||||
subMarksmanArrowRampage14|Fiery Rain of Arrows||||火雨箭矢||||
subDescMarksmanArrowRampage01|Increases the damage dealt by arrow rampage.||||增加狂暴箭造成的傷害。||||
subDescMarksmanArrowRampage02|Chance on hit to sling the arrow in the air spinning and dropping back dealing additional damage.||||擊中時有機率將箭拋到空中旋轉並落回造成額外傷害。||||
subDescMarksmanArrowRampage03|Inflict armor break on hit.||||擊中時造成護甲破壞。||||
subDescMarksmanArrowRampage04|Chance to increase arrow size and area of effect of arrow rampage.||||有機率增加箭矢尺寸和箭矢橫衝直撞的影響範圍。||||
subDescMarksmanArrowRampage05|Projectiles explode on hit.||||投射物擊中時爆炸。||||
subDescMarksmanArrowRampage06|Increases the critical strike chance when using arrow rampage.||||增加使用狂暴箭時的致命一擊幾率。||||
subDescMarksmanArrowRampage07|Increased critical strike damage dealt by arrow rampage.||||狂暴箭造成的暴擊傷害增加。||||
subDescMarksmanArrowRampage08|Increases the arcane damage dealt by arrow rampage.||||增加狂暴箭造成的奧術傷害。||||
subDescMarksmanArrowRampage09|Inflicts arcane break on hit.||||擊中時造成奧術破壞。||||
subDescMarksmanArrowRampage10|Increases the explosion area of effect radius.||||增加爆炸效果範圍。||||
subDescMarksmanArrowRampage11|Arrow rampage now spawns from all directions flying towards target area for an extended period of time. Cooldown is increased.||||現在，狂暴箭會從各個方向產生，並在較長時間內飛向目標區域。冷卻時間增加。||||
subDescMarksmanArrowRampage12|Arrow rampage projectiles have a chance to cast trickshot when hitting a monster.||||狂暴箭投射物擊中怪物時有一定幾率施放特技射擊。||||
subDescMarksmanArrowRampage13|Arrow rampage projectiles have a chance to shatter into a spread of arrows when hitting a target.||||狂暴箭的投射物在擊中目標時有機率粉碎成散佈的箭矢。||||
subDescMarksmanArrowRampage14|Arrow rampage area becomes much wider and deals a portion of its damage as fire causing burning on monsters hit based on fire damage dealt.||||狂暴箭的範圍變得更寬，部分造成傷害變為火焰傷害，因為火焰傷害的擊中導致怪物燃燒。||||
subMarksmanFragGrenade01|Shrapnel||||彈片||||
subMarksmanFragGrenade02|Fatal Range||||致命範圍||||
subMarksmanFragGrenade03|Detonating||||引爆||||
subMarksmanFragGrenade04|Fragging Penetration||||破碎滲透||||
subMarksmanFragGrenade05|Molten Shrapnel||||燃燒手榴彈||용융 파편|||Esquirlas Fundidas|
subMarksmanFragGrenade06|Increased Potency||||增加效力||||
subMarksmanFragGrenade07|Flash Bang||||閃光彈||||
subMarksmanFragGrenade08|Stunning Casualty||||令人震驚的傷亡||||
subMarksmanFragGrenade09|Blasting Wave||||爆破波||||
subMarksmanFragGrenade10|Smell of Burning||||燃燒的氣味||||
subMarksmanFragGrenade11|Cluster Bomb||||集束炸彈||||
subMarksmanFragGrenade12|Grenadier||||擲彈兵||||
subMarksmanFragGrenade13|Flames and Explosions||||火焰和爆炸||||
subMarksmanFragGrenade14|Giga Grenade||||十億手雷||||
subDescMarksmanFragGrenade01|Increases the amount of shrapnel when using frag grenade.||||增加使用破片手榴彈時的彈片數量。||||
subDescMarksmanFragGrenade02|Increases the explosion area of effect radius.||||增加爆炸區域的效果半徑。||||
subDescMarksmanFragGrenade03|Increases the damage dealt by frag grenade.||||增加破片手榴彈造成的傷害。||||
subDescMarksmanFragGrenade04|Inflicts arcane break on hit.||||擊中時造成奧術破壞。||||
subDescMarksmanFragGrenade05|Inflicts burning on hit.||||擊中時造成燃燒。||||
subDescMarksmanFragGrenade06|Increased the size of frag grenade and shrapnel.||||增加了破片手榴彈和彈片的尺寸。||||
subDescMarksmanFragGrenade07|Stun monsters on hit.||||擊中怪物時使其暈眩||||
subDescMarksmanFragGrenade08|Increased damage dealt to stunned targets.||||對暈眩目標造成的傷害增加。||||
subDescMarksmanFragGrenade09|Knock monsters back on hit dealing additional damage and stunning when hitting terrain.||||擊中怪物時將其擊退，造成額外傷害並在擊中地形時造成暈眩。||||
subDescMarksmanFragGrenade10|Increases damage dealt to burning targets.||||增加對燃燒目標造成的傷害。||||
subDescMarksmanFragGrenade11|Throw a cluster bomb exploding into multiple frag grenades around the impact point.||||投擲一枚集束炸彈，在彈著點周圍爆炸成多枚破片手榴彈。||||
subDescMarksmanFragGrenade12|Throw frag grenades rapidly into all directions.||||快速向各個方向投擲破片手榴彈。||||
subDescMarksmanFragGrenade13|Incendiary grenades sets the area under monsters hit on fire dealing additional fire damage causing burning.||||燃燒手榴彈會使怪物下方的區域著火，造成額外的火焰傷害並導致燃燒。||||
subDescMarksmanFragGrenade14|Throw a huge grenade with increased explosion radius and damage.||||投擲一枚巨大的手榴彈，爆炸半徑和傷害都會增加。||||
subMarksmanArrowTurret01|Burstshot||||連發射擊||||
subMarksmanArrowTurret02|Deadshot||||死亡射手||||
subMarksmanArrowTurret03|Arrow Turrets||||箭矢砲塔||||
subMarksmanArrowTurret04|Stuttershot||||突突射擊||||
subMarksmanArrowTurret05|Freezing Shot||||冰凍射擊||||
subMarksmanArrowTurret06|Multishot||||多重射擊||||
subMarksmanArrowTurret07|High Velocity||||高速||||
subMarksmanArrowTurret08|Explosive Technician||||炸藥技師||||
subMarksmanArrowTurret09|Exploding Arrowhead||||爆炸箭頭||||
subMarksmanArrowTurret10|Hypothermic Impact||||低溫衝擊||||
subMarksmanArrowTurret11|Colossalshot||||巨型射擊||||
subMarksmanArrowTurret12|Cyclone Turret||||旋風砲塔||||
subMarksmanArrowTurret13|Piercing Arrowheads||||穿刺箭頭||||
subMarksmanArrowTurret14|This is My Design||||這是我的設計||||
subDescMarksmanArrowTurret01|Chance on attack for arrow turret to fire twice.||||箭塔攻擊時有幾率發射兩次||||
subDescMarksmanArrowTurret02|Chance to critically hit with increased critical damage.||||有機率造成暴擊並增加暴擊傷害。||||
subDescMarksmanArrowTurret03|Increases the maximum amount of arrow turrets.||||增加箭塔的最大數量。||||
subDescMarksmanArrowTurret04|Chance on hit to knock monsters back dealing increased damage.||||擊中時有幾率將怪物擊退，造成更多傷害。||||
subDescMarksmanArrowTurret05|Chance to inflict freeze on hit dealing additional damage.||||有幾率在擊中時造成凍結，造成額外傷害。||||
subDescMarksmanArrowTurret06|Turrets fire additional projectiles in an arc.||||砲塔以弧形發射額外的投射物。||||
subDescMarksmanArrowTurret07|Increases the projectile speed of arrow turret.||||增加箭塔的投射物速度。||||
subDescMarksmanArrowTurret08|Increases the explosion area of effect radius.||||增加爆炸區域的影響半徑。||||
subDescMarksmanArrowTurret09|Projectiles now stick an explosive to the target on hit that explodes dealing additional damage after a short delay.||||現在，投射物會在擊中目標時將爆炸物黏在目標上，並在短暫延遲後爆炸，造成額外傷害。||||
subDescMarksmanArrowTurret10|Increases damage dealt to freezing targets.||||增加對冰凍目標造成的傷害。||||
subDescMarksmanArrowTurret11|Arrow turret projectile is changed into a giant piercing arrow that deals increased damage based on the projectile amount scaling.||||箭塔投射物改為巨型穿透箭矢，根據投射物數量造成更大傷害。||||
subDescMarksmanArrowTurret12|Arrow turret now moves forward spinning rapidly firing projectiles in all directions for a much shorter duration and eventually explodes dealing damage on a large radius.||||箭塔現在向前旋轉，在更短的時間內向各個方向快速發射射彈，並最終爆炸，對大範圍造成傷害。||||
subDescMarksmanArrowTurret13|Arrow turret now fires piercing projectiles knocking back monsters dealing increased damage.||||箭塔現在發射穿透投射物，擊退怪物，造成更高的傷害。||||
subDescMarksmanArrowTurret14|Now spawn a single arrow turret that fires towards all nearby monsters. Arrow turret now has a cooldown.||||現在生成一個向附近所有怪物射擊的單一箭矢箭塔。箭塔現在有冷卻時間。||||
subMarksmanLandmine01|Blasting Radius||||爆破半徑||||
subMarksmanLandmine02|Stacked Compound||||堆疊式複合材料||||
subMarksmanLandmine03|Dead Zone||||死區||||
subMarksmanLandmine04|Shrapnel Wounds||||彈片傷||||
subMarksmanLandmine05|Rolling Mine||||滾動地雷||||
subMarksmanLandmine06|Panzer Mine||||裝甲地雷||||
subMarksmanLandmine07|Debilitating Mine||||衰弱地雷||||
subMarksmanLandmine08|Crippling Impact||||嚴重影響||||
subMarksmanLandmine09|Stealth Mine||||隱形地雷||||
subMarksmanLandmine10|Napalm||||凝固汽油彈||||
subMarksmanLandmine11|Mine Field||||雷區||||
subMarksmanLandmine12|Homing Landmine||||追蹤地雷||||
subMarksmanLandmine13|Air Raid||||空襲||||
subMarksmanLandmine14|Incendiary Mine||||燃燒地雷||||
subDescMarksmanLandmine01|Increases explosion area of effect radius of landmine.||||增加地雷的爆炸範圍和影響半徑。||||
subDescMarksmanLandmine02|Increases the damage dealt by landmine.||||增加地雷造成的傷害。||||
subDescMarksmanLandmine03|Chance to critically hit with increased critical strike damage.||||有機率暴擊並增加暴擊傷害。||||
subDescMarksmanLandmine04|Inflicts arcane break on hit.||||擊中時造成奧術破壞。||||
subDescMarksmanLandmine05|Land mines now roll forward exploding shortly after hit.||||地雷現在會在擊中後不久向前滾動並爆炸。||||
subDescMarksmanLandmine06|Chance to increase the size and explosion area of effect radius of land mine.||||有機率增加地雷影響半徑的大小和爆炸區域。||||
subDescMarksmanLandmine07|Chance to stun monsters on hit.||||擊中時有機率擊暈怪物。||||
subDescMarksmanLandmine08|Increases damage dealt to stunned targets.||||增加對暈眩目標造成的傷害。||||
subDescMarksmanLandmine09|Chance on hit to send target into the air dealing additional damage.||||擊中時有機率將目標炸向空中，造成額外傷害。||||
subDescMarksmanLandmine10|Increases damage dealt to burning targets.||||增加對燃燒目標造成的傷害。||||
subDescMarksmanLandmine11|Throw multiple smaller mines into a target location dealing damage and slowing monsters on hit.||||將多個較小的地雷投擲到目標位置，造成傷害並在擊中時減緩怪物的速度。||||
subDescMarksmanLandmine12|Land mines now home towards the first detected monster dealing increased damage in a large radius.||||地雷現在會瞄準第一個被偵測到的怪物，在大範圍內造成更大的傷害。||||
subDescMarksmanLandmine13|Land mine now marks monster location on hit for an air raid dropping multiple bombs. Land mine now has a cooldown.||||地雷現在會標記怪物位置並在空中投擲多枚炸彈。地雷現在有冷卻時間。||||
subDescMarksmanLandmine14|Land mine ignites monsters on fire on a large radius dealing damage and inflicting burning.||||地雷會在大範圍內點燃怪物，造成傷害並造成燃燒。||||
subMarksmanCannonTurret01|Cannoningfodder||||加農砲砲灰||||
subMarksmanCannonTurret02|Cannon Turrets||||加農砲砲塔||||
subMarksmanCannonTurret03|Cannonballs||||加農砲彈||||
subMarksmanCannonTurret04|Stunning Blast||||震撼爆炸||||
subMarksmanCannonTurret05|Doom Ball||||末日球||||
subMarksmanCannonTurret06|Weakened Blast||||削弱爆炸||||
subMarksmanCannonTurret07|Landing Spot||||著陸點||||
subMarksmanCannonTurret08|Line of Sight||||視線||||
subMarksmanCannonTurret09|Multishred||||多重切割||||
subMarksmanCannonTurret10|Frostbitten Fodder||||凍傷砲灰||||
subMarksmanCannonTurret11|Megacannon||||巨型加農炮||||
subMarksmanCannonTurret12|Mid Air Crisis||||空中危機||||
subMarksmanCannonTurret13|Burst Artillery||||爆裂火砲||||
subMarksmanCannonTurret14|Weakening Blast||||衰弱爆破||||
subDescMarksmanCannonTurret01|Increases the damage dealt by cannon turret.||||增加加農砲砲塔造成的傷害。||||
subDescMarksmanCannonTurret02|Increases the maximum amount of cannon turrets.||||增加加農砲砲塔的最大數量。||||
subDescMarksmanCannonTurret03|Chance when hitting the ground to unleash additional cannonballs on nearby targets.||||落地時有機率向附近目標發射更多砲彈。||||
subDescMarksmanCannonTurret04|Chance on hit to stun the target.||||命中時有機率擊暈目標。||||
subDescMarksmanCannonTurret05|Chance for cannon turrets to fire a huge cannonball with increased damage and size.||||加農砲塔有機率發射巨大的砲彈，傷害和尺寸都會增加。||||
subDescMarksmanCannonTurret06|Increases damage dealt to stunned targets.||||增加對昏迷目標造成的傷害。||||
subDescMarksmanCannonTurret07|Increases explosion area of effect radius of cannon turret.||||增加砲塔爆炸範圍的影響半徑。||||
subDescMarksmanCannonTurret08|Increased attack range.||||增加攻擊範圍。||||
subDescMarksmanCannonTurret09|Increases the amount of explosion shrapnel from cannon turret projectiles.||||增加加農砲砲塔彈的爆炸彈片數量。||||
subDescMarksmanCannonTurret10|Chance on hit to inflict deep freeze.||||命中時有機率造成深度凍結。||||
subDescMarksmanCannonTurret11|Now launches a giant bomb that covers a larger area but cannon turret attack speed is reduced.||||現在發射巨型炸彈，覆蓋範圍更大，但砲塔攻擊速度降低。||||
subDescMarksmanCannonTurret12|The bomb explodes into shrapnel mid-air that hits monsters below causing them to bleed based on your attack damage.||||炸彈在半空中爆炸成彈片，擊中下方的怪物，根據你的攻擊傷害導致它們流血。||||
subDescMarksmanCannonTurret13|Fires multiple cannonballs in a quick succession.||||快速連續發射多發砲彈。||||
subDescMarksmanCannonTurret14|Cannonballs cause monsters to take extra damage from all sources.||||砲彈會使怪物受到所有來源的額外傷害。||||
subMarksmanGunnerDrones01|Multitude||||多數||||
subMarksmanGunnerDrones02|Rapidfire||||速射||||
subMarksmanGunnerDrones03|Mecha Tinkering||||機械修補||||
subMarksmanGunnerDrones04|Explosive Toolkit||||爆炸工具包||||
subMarksmanGunnerDrones05|Heat Unit||||熱量單位||||
subMarksmanGunnerDrones06|Detection||||偵測||||
subMarksmanGunnerDrones07|Burning Shot||||燃燒射擊||||
subMarksmanGunnerDrones08|Burst Engine||||爆發引擎||||
subMarksmanGunnerDrones09|Immolating Impact||||犧牲影響力||||
subMarksmanGunnerDrones10|Splitting Shot||||分裂射擊||||
subMarksmanGunnerDrones11|Circuit Breaker||||斷路器||||
subMarksmanGunnerDrones12|C.Y.C.L.O.P.S.||||C.Y.C.L.O.P.S.||||
subMarksmanGunnerDrones13|M.E.C.H.A.||||M.E.C.H.A.||||
subMarksmanGunnerDrones14|Nanodrones||||奈米無人機||||
subDescMarksmanGunnerDrones01|Increases the amount of drones summoned.||||增加召喚的無人機數量。||||
subDescMarksmanGunnerDrones02|Increases the rate of fire for drones.||||提高無人機的射速。||||
subDescMarksmanGunnerDrones03|Increases the duration of drones.||||增加無人機的持續時間。||||
subDescMarksmanGunnerDrones04|Chance on hit for projectile to explode on impact dealing additional area of effect damage.||||投射物擊中時有幾率爆炸，爆炸效果造成額外的範圍傷害。||||
subDescMarksmanGunnerDrones05|Increases the damage dealt by drones.||||增加無人機造成的傷害。||||
subDescMarksmanGunnerDrones06|Increases attack range of gunner drones.||||增加槍手無人機的攻擊範圍。||||
subDescMarksmanGunnerDrones07|Chance on hit to inflict burning.||||擊中時有幾率造成燃燒。||||
subDescMarksmanGunnerDrones08|Chance on attack to shoot additional projectiles in sequence.||||攻擊時有機率依序發射額外的彈體。||||
subDescMarksmanGunnerDrones09|Unleash a small fire nova when hitting a burning target.||||擊中燃燒的目標時釋放小型火焰新星。||||
subDescMarksmanGunnerDrones10|Gunner drones now fires multiple projectiles in an arc.||||槍手無人機現在可以用弧形方式發射多枚投射物。||||
subDescMarksmanGunnerDrones11|Drones now fire chain lightning dealing their damage as lightning and inflicting lightning break. ||||無人機現在會發射連鎖閃電，造成閃電傷害並造成閃電破壞。||||
subDescMarksmanGunnerDrones12|Drones now fire a constant laser beam that sticks onto monsters dealing arcane damage four times a second until they die.||||無人機現在會發射持續的雷射光束，每秒四次黏在怪物身上，造成奧術傷害，直到它們死亡。||||
subDescMarksmanGunnerDrones13|Now only spawn a single drone scaling its damage based on the amount of drones and shooting at an increased rate of fire.||||現在只生成一架無人機，根據無人機的數量縮放其傷害並以更高的射速射擊。||||
subDescMarksmanGunnerDrones14|Drone amount significantly increased. Your drones are super tiny and form two circles around you. Their attacks no longer chain but deal damage in a small area around the target.||||無人機數量顯著增加。你的無人機非常小，在你周圍形成兩個圓圈。他們的攻擊不再是連鎖攻擊，而是在目標周圍的小範圍內造成傷害。||||
subMarksmanRocketTurret01|Mini Sarmat||||迷你洲際導彈||||
subMarksmanRocketTurret02|Blasting Power||||爆破功率||||
subMarksmanRocketTurret03|Rocket Turrets||||火箭砲塔||||
subMarksmanRocketTurret04|Mininuke||||迷你核彈||||
subMarksmanRocketTurret05|Multiblast||||多重爆破||||
subMarksmanRocketTurret06|Fragmenting Blast||||碎片爆破||||
subMarksmanRocketTurret07|Field Scanner||||掃描領域||||
subMarksmanRocketTurret08|Blastwave||||衝擊波||||
subMarksmanRocketTurret09|Quick Silo||||快速發射井||||
subMarksmanRocketTurret10|Stun Blast||||震撼爆炸||||
subMarksmanRocketTurret11|Locked On||||鎖定||||
subMarksmanRocketTurret12|Barret Shot||||巴雷特狙擊||||
subMarksmanRocketTurret13|Big Bertha||||大巨砲||||
subMarksmanRocketTurret14|The Boom Box||||爆炸砲塔||||
subDescMarksmanRocketTurret01|Increases the amount of rockets fired by rocket turret.||||增加火箭砲塔發射的火箭數量。||||
subDescMarksmanRocketTurret02|Increases the damage dealt by rocket turret.||||增加火箭砲塔造成的傷害。||||
subDescMarksmanRocketTurret03|Increases the maximum amount of rocket turrets.||||增加火箭砲塔的最大數量。||||
subDescMarksmanRocketTurret04|Increases explosion area of effect of rocket turret projectiles.||||增加火箭砲塔投射物的爆炸範圍。||||
subDescMarksmanRocketTurret05|Chance on hit for rocket turret projectiles to explode additional times with increased damage.||||火箭砲塔投射物命中時有幾率額外爆炸並增加傷害。||||
subDescMarksmanRocketTurret06|Inflicts arcane break on hit.||||擊中時造成奧術破壞。||||
subDescMarksmanRocketTurret07|Increases the range of rocket turret.||||增加火箭砲塔的射程。||||
subDescMarksmanRocketTurret08|Chance on hit to create a shockwave of additional explosions.||||命中時有機率產生額外爆炸的衝擊波。||||
subDescMarksmanRocketTurret09|Increases the rate of fire for rocket turret.||||提高火箭砲塔的射速。||||
subDescMarksmanRocketTurret10|Chance on hit to knockback and stun target dealing additional damage.||||擊中時有幾率擊退並擊暈目標，造成額外傷害。||||
subDescMarksmanRocketTurret11|Fires a bigger barrage of missiles that target an area dealing massive damage over three seconds. Attack speed reduced.||||發射更多的飛彈，目標區域在三秒鐘內造成巨大傷害。攻擊速度降低。||||
subDescMarksmanRocketTurret12|Instead fires a single .50 Cal sniper round that explodes on first monster hit dealing massive attack damage.||||改為發射一發 0.50Cal狙擊彈，在擊中第一個怪物時爆炸，造成大量攻擊傷害。||||
subDescMarksmanRocketTurret13|Increases the damage, projectile speed and explosion area of effect radius of the rockets.||||增加火箭的傷害、投射物速度和爆炸範圍的影響半徑。||||
subDescMarksmanRocketTurret14|Rocket turret turns into an exploding turret that repeatedly explodes in place dealing increased damage to monsters hit.||||火箭砲塔變成爆炸砲塔，反覆原地爆炸，對擊中的怪物造成更大傷害。||||
subPirateBuckshot01|Black Powder||||黑火藥||||
subPirateBuckshot02|Stack of Slugs||||鉛塊堆疊||||
subPirateBuckshot03|Spiced Up||||更多調味||||
subPirateBuckshot04|Eye Patch||||眼罩||||
subPirateBuckshot05|Scorched Slugshot||||燒焦子彈||||
subPirateBuckshot06|Longshot||||遠射||||
subPirateBuckshot07|Colossus Slugs||||巨型鉛塊||||
subPirateBuckshot08|Targeted Slugs||||目標鉛塊||||
subPirateBuckshot09|Firearm Expert||||槍械專家||||
subPirateBuckshot10|Sluglust||||金屬慾望||||
subPirateBuckshot11|Big Slugs||||大金屬塊||||
subPirateBuckshot12|One Slug to End Them All||||一發殲滅||||
subPirateBuckshot13|Circle of Slugs||||環形鉛塊||||
subPirateBuckshot14|Slick Slugs||||光滑鉛塊||||
subDescPirateBuckshot01|Increases damage dealt by buckshot.||||增加鉛彈造成的傷害。||||
subDescPirateBuckshot02|Increases the amount of buckshot trails.||||增加鉛彈的彈道數量。||||
subDescPirateBuckshot03|Inflicts burning on hit.||||擊中時造成燃燒。||||
subDescPirateBuckshot04|Chance to stun on hit.||||擊中時有機率眩暈。||||
subDescPirateBuckshot05|Increases damage dealt to burning targets.||||增加對燃燒目標造成的傷害。||||
subDescPirateBuckshot06|Increases the range of buckshot.||||增加鉛彈的射程。||||
subDescPirateBuckshot07|Buckshot projectile size increased.||||鉛彈投射物尺寸增加。||||
subDescPirateBuckshot08|Increases the attack rating when using buckshot.||||提高使用鉛彈時的攻擊命中率。||||
subDescPirateBuckshot09|Increases the attack speed of buckshot while wielding a gun.||||提高使用槍類武器時鉛彈的攻擊速度。||||
subDescPirateBuckshot10|Killing an enemy with buckshot increases your fire damage for a short period of time.||||用鉛彈殺死敵人會在短時間內增加你的火焰傷害。||||
subDescPirateBuckshot11|Projectiles are now bigger and travel farther also knocking monsters back.||||投射物現在更大，飛得更遠，也能將怪物擊退。||||
subDescPirateBuckshot12|Fire a single slug scaling a portion of its damage from the amount of total projectiles.||||發射一顆子彈，其傷害的一部分取決於投射物數量。||||
subDescPirateBuckshot13|Fire multiple waves of slugs in every direction. Buckshot now has a cooldown.||||向各個方向發射多波子彈。鉛彈現在有冷卻時間。||||
subDescPirateBuckshot14|Projectiles now chain off of the target with decreased damage.||||現在，投射物會以連鎖方式脫離目標，造成的傷害降低。||||
subPirateExplosiveBarrel01|Explosive Containers||||爆炸容器||||
subPirateExplosiveBarrel02|Barrel Blast Radius||||爆桶爆炸半徑||||
subPirateExplosiveBarrel03|Inflammable Liquid||||易燃液體||||
subPirateExplosiveBarrel04|Scatter Barrel||||分散爆桶||||
subPirateExplosiveBarrel05|Sudden Dynamite||||突發炸藥||||
subPirateExplosiveBarrel06|Stack of Explosives||||一堆炸藥||||
subPirateExplosiveBarrel07|MORE BARRELS!||||更多爆桶！||||
subPirateExplosiveBarrel08|Incendiary Explosives||||燃燒炸藥||||
subPirateExplosiveBarrel09|Deepfrozen Barrel||||急凍爆桶||||
subPirateExplosiveBarrel10|Barrels of the Freljord||||弗雷爾卓德的爆桶||||
subPirateExplosiveBarrel11|Bring the Grog!||||帶上烈酒！||||
subPirateExplosiveBarrel12|Field of Explosives||||炸藥領域||||
subPirateExplosiveBarrel13|Explosive Collision||||意外爆炸||||
subPirateExplosiveBarrel14|Circle of TNT||||ＴＮＴ之環||||
subDescPirateExplosiveBarrel01|Increases the amount of spawned barrels.||||增加生成炸藥桶的數量。||||
subDescPirateExplosiveBarrel02|Increases explosion area of effect radius of explosive barrel.||||增加炸藥桶的爆炸範圍。||||
subDescPirateExplosiveBarrel03|Increases damage dealt to burning targets.||||增加對燃燒目標造成的傷害||||
subDescPirateExplosiveBarrel04|Chance on cast to unleash an additional barrel.||||施法時有機率釋放額外的炸藥桶。||||
subDescPirateExplosiveBarrel05|Chance on exploding to launch shrapnel around dealing additional damage.||||爆炸時有幾率會向周圍發射彈片，造成額外傷害。||||
subDescPirateExplosiveBarrel06|Increases the damage dealt by barrels.||||增加炸藥桶造成的傷害。||||
subDescPirateExplosiveBarrel07|Increases proc rate of explosive barrel.||||增加炸藥桶的觸發率。||||
subDescPirateExplosiveBarrel08|Inflicts burning on hit.||||擊中時造成燃燒。||||
subDescPirateExplosiveBarrel09|Dealing cold damage with explosive barrel freezes enemies and inflicts permafrost.||||用炸藥桶造成寒冷傷害會凍結敵人並造成永久凍土。||||
subDescPirateExplosiveBarrel10|Barrels now explode in a frigid blast converting damage dealt to cold inflicting cold break.||||炸藥桶現在會因為冰霜傷害而爆炸，將傷害轉化為冰霜並造成冰霜破壞。||||
subDescPirateExplosiveBarrel11|Barrels are now big and leave the ground burning with increased blast radius.||||炸藥桶現在變大了，地面會燃燒，爆炸半徑也會增加。||||
subDescPirateExplosiveBarrel12|Create multiple trails of smaller barrels.||||建立多個較小炸藥桶的軌跡。||||
subDescPirateExplosiveBarrel13|Now throw a barrel bouncing and exploding multiple times.||||現在丟一個炸藥桶，多次彈跳和爆炸。||||
subDescPirateExplosiveBarrel14|Now creates a circle of barrels around the target.||||現在在目標周圍創建一圈炸藥桶。||||
subPirateCannonball01|Cannon Scatter||||加農炮分散||||
subPirateCannonball02|Shrapnel Count||||彈片數量||||
subPirateCannonball03|Cannon Accuracy||||火砲精度||||
subPirateCannonball04|Steel Balls||||鋼鐵球||||
subPirateCannonball05|Slowmode||||慢速模式||||
subPirateCannonball06|Artillery Farshot||||砲兵遠射||||
subPirateCannonball07|Empowered Blasting Powder||||強力爆破粉||||
subPirateCannonball08|Mayday||||救難信號||||
subPirateCannonball09|Slay the Weak!||||殺戮弱者！||||
subPirateCannonball10|Blasting Balls||||爆破球||||
subPirateCannonball11|Bomb Trail||||炸彈蹤跡||||
subPirateCannonball12|Blast the Horizon||||爆破地平線||||
subPirateCannonball13|Mega Shot||||超級射擊||||
subPirateCannonball14|Rolling Balls||||滾球||||
subDescPirateCannonball01|Increases the amount of chain bounces.||||增加連鎖彈跳數量。||||
subDescPirateCannonball02|Increases the amount of shrapnel from cannonball explosion.||||增加加農炮彈爆炸產生的彈片數量。||||
subDescPirateCannonball03|Increases the attack rating when using cannonball.||||使用加農炮彈時提高攻擊命中率。||||
subDescPirateCannonball04|Increases the damage dealt by cannonball.||||增加加農炮彈造成的傷害。||||
subDescPirateCannonball05|Increases the damage dealt by cannonball shrapnel.||||增加加農炮彈彈片造成的傷害。||||
subDescPirateCannonball06|Increases the range of cannonball.||||增加加農炮彈的射程。||||
subDescPirateCannonball07|Increases the projectile speed of cannonball shrapnel.||||提高加農炮彈彈片的投射物速度。||||
subDescPirateCannonball08|Increases the size and explosion area of effect radius of cannonball.||||增加加農炮彈影響半徑的大小和爆炸區域。||||
subDescPirateCannonball09|Increases damage dealt to burning targets.||||增加對燃燒目標造成的傷害。||||
subDescPirateCannonball10|Cannonball no longer explodes on hit but instead knocks monsters back with increased damage according to the amount of shrapnel.||||加農炮彈擊中時不再爆炸，而是將怪物擊退，並根據彈片數量增加傷害。||||
subDescPirateCannonball11|Cannonball no longer chains but is now piercing and unleashes bombs on every monster hit. ||||加農炮彈不再連鎖，但現在可以穿透並在擊中每個怪物時釋放炸彈。||||
subDescPirateCannonball12|Fire multiple cannonballs in an arc with decreased damage and bounces. ||||以弧形發射多個加農炮彈，傷害和彈跳都會減少。||||
subDescPirateCannonball13|Fire a mega cannon ball with increased damage unleashing additional cannonballs around the impact location.||||發射一顆巨型加農炮彈，傷害增加，在撞擊位置周圍釋放更多加農炮彈。||||
subDescPirateCannonball14|Fire rolling cannon balls traveling forward on the ground exploding with increased radius and inflicting burning on hit.||||發射向前滾動的加農炮彈，爆炸半徑增大，擊中時造成燃燒。||||
subPirateExplosiveBullets01|Grouping Up||||分組||||
subPirateExplosiveBullets02|Gunner's Glory||||槍手榮耀||||
subPirateExplosiveBullets03|Shattering Blast||||粉碎爆炸||||
subPirateExplosiveBullets04|Sudden Scatter||||突然分裂||||
subPirateExplosiveBullets05|Boss Killer||||首領殺手||||
subPirateExplosiveBullets06|Multiplosion||||倍增||||
subPirateExplosiveBullets07|Explosion Site||||爆炸現場||||
subPirateExplosiveBullets08|Target Locked||||目標鎖定||||
subPirateExplosiveBullets09|Napalm Infusion||||灌注凝固汽油彈||||
subPirateExplosiveBullets10|Gasoline||||汽油||||
subPirateExplosiveBullets11|Chain Reaction||||連鎖反應||||
subPirateExplosiveBullets12|Shotwave||||射擊波||||
subPirateExplosiveBullets13|Blast Pulse||||爆炸脈衝||||
subPirateExplosiveBullets14|Penetrating Trail||||穿透軌跡||||
subDescPirateExplosiveBullets01|Chance to attach an additional explosive to a nearby target on hit.||||有機率在擊中時向附近的目標附加額外的炸藥。||||
subDescPirateExplosiveBullets02|Increases the damage dealt by explosive bullets when wielding a gun.||||使用槍類武器時增加爆炸子彈的傷害。||||
subDescPirateExplosiveBullets03|Inflicts armor break on hit.||||擊中時造成護甲破壞。||||
subDescPirateExplosiveBullets04|Chance on attack to fire an additional explosive bullet.||||攻擊時有機率發射額外的爆炸子彈。||||
subDescPirateExplosiveBullets05|Increases the damage dealt by explosive bullets against bosses.||||增加爆炸子彈對Boss造成的傷害。||||
subDescPirateExplosiveBullets06|Chance on hit to unleash additional explosions.||||命中時有機率釋放額外的爆炸。||||
subDescPirateExplosiveBullets07|Increases the explosion area of effect radius for explosive bullet.||||增加爆炸子彈的爆炸範圍和影響半徑。||||
subDescPirateExplosiveBullets08|Increases attack rating when using explosive bullets.||||使用爆炸子彈時提高攻擊命中率。||||
subDescPirateExplosiveBullets09|Chance to inflict burning on hit.||||擊中時有機率造成燃燒。||||
subDescPirateExplosiveBullets10|Increases damage dealt to burning targets.||||增加對燃燒目標造成的傷害。||||
subDescPirateExplosiveBullets11|Explosive bullet now explodes multiple times.||||爆炸子彈現在會爆炸多次。||||
subDescPirateExplosiveBullets12|On hit create a shockwave of explosions towards the target dealing increased damage.||||擊中時會向目標產生爆炸衝擊波，造成更高的傷害。||||
subDescPirateExplosiveBullets13|Explosive bullet now deals increased damage and knocks nearby monsters back with massive force.||||爆炸子彈現在會造成更大的傷害，並以巨大的力量將附近的怪物擊退。||||
subDescPirateExplosiveBullets14|Explosive bullet now pierces and sticks explosives to all monsters hit.||||爆炸子彈現在會穿透所有被擊中的怪物並將炸藥粘在身上。||||
subPiratePowderTrail01|Napalm Powder||||凝固汽油彈粉||||
subPiratePowderTrail02|Spinning Barrel||||旋轉桶||||
subPiratePowderTrail03|Blowing Up||||炸毀||||
subPiratePowderTrail04|Colliding Barrel||||碰撞爆桶||||
subPiratePowderTrail05|Heated Powder||||加熱粉||||
subPiratePowderTrail06|Stacked Fumes||||堆積的煙霧||||
subPiratePowderTrail07|Powder Detonation||||粉末爆炸||||
subPiratePowderTrail08|Dual Barrel||||雙爆桶||||
subPiratePowderTrail09|Mage of the Trails||||魔術軌跡||||
subPiratePowderTrail10|Shortened Fuse||||更短的保險絲||||
subPiratePowderTrail11|Barrel of Barrels||||桶和桶||||
subPiratePowderTrail12|Fragmenting Barrel||||破碎爆桶||||
subPiratePowderTrail13|Heavy Barrel||||重型爆桶||||
subPiratePowderTrail14|Flaming Barrels||||燃燒的爆桶||||
subDescPiratePowderTrail01|Chance to inflict burning on hit.||||擊中時有機率造成燃燒。||||
subDescPiratePowderTrail02|Increases the projectile speed of powder trail.||||增加藥線延燒的投射物速度。||||
subDescPiratePowderTrail03|Increases the damage dealt by barrel explosions.||||增加桶爆炸造成的傷害。||||
subDescPiratePowderTrail04|Increases the damage dealt by powder trail barrels.||||增加藥線延燒爆桶造成的傷害。||||
subDescPiratePowderTrail05|Increases damage to burning targets.||||增加對燃燒目標的傷害。||||
subDescPiratePowderTrail06|Every time the barrel hits an enemy it gives you a stacking buff increasing fire skill damage.||||每次桶子擊中敵人時，它都會給你一個疊加增益，增加火焰技能的傷害。||||
subDescPiratePowderTrail07|Chance to unleash a fiery pulse dealing additional damage on hit.||||有機率釋放熾熱脈衝，擊中時造成額外傷害。||||
subDescPiratePowderTrail08|Chance on cast to unleash an additional barrel.||||施法時有機率釋放額外的桶子。||||
subDescPiratePowderTrail09|Increases cast rate when using powder trail.||||使用藥線延燒時提高施法速度。||||
subDescPiratePowderTrail10|Increases explosion area of effect but decreases traveling time.||||增加爆炸效果範圍，但減少傳播時間。||||
subDescPiratePowderTrail11|Send forward a big barrel exploding on hit dealing damage and sending smaller barrels to all directions.||||向前釋放一個大桶，擊中時會爆炸，造成傷害，並將較小的桶釋放到各個方向。||||
subDescPiratePowderTrail12|The barrel stops into terrain or on monster hit releasing flying bombs in an arc forward after exploding.||||爆桶停在地形中或在怪物擊中時爆炸後以弧形向前釋放飛行炸彈。||||
subDescPiratePowderTrail13|Send forward a slowly rolling barrel that knocks monsters back dealing increased damage and stunning them.||||向前發送一個緩慢滾動的爆桶，將怪物擊退，造成更大的傷害並擊暈它們。||||
subDescPiratePowderTrail14|Send forward multiple barrels. Explosions now sets the ground on fire slowing and dealing damage.||||向前發送多個爆桶。爆炸現在會使地面著火，減緩速度並造成傷害。||||
subPirateBombBarrage01|Bombardation||||轟擊||||
subPirateBombBarrage02|Barrage Blasting Radius||||彈幕爆破半徑||||
subPirateBombBarrage03|Bombination||||炸彈||||
subPirateBombBarrage04|Explosive Barrage||||爆炸彈幕||||
subPirateBombBarrage05|Piercing Blastwave||||穿透爆炸波||||
subPirateBombBarrage06|Scaled Blastradius||||縮放爆炸半徑||||
subPirateBombBarrage07|Molten Heat Bombs||||熔岩炸彈||||
subPirateBombBarrage08|Sharp Scatter||||銳片散射||||
subPirateBombBarrage09|Quick Barrage||||快速彈幕||||
subPirateBombBarrage10|Critical Explosion||||臨界爆炸||||
subPirateBombBarrage11|Crossed Spot||||交叉點||||
subPirateBombBarrage12|Bomb Shower||||驟雨炸彈||||
subPirateBombBarrage13|Rapid Barrage||||迅速彈幕||||
subPirateBombBarrage14|Rain of Bombs||||炸彈雨||||
subDescPirateBombBarrage01|Increases the amount of bombs thrown.||||增加傾瀉炸藥的炸彈數量。||||
subDescPirateBombBarrage02|Increases explosion area of effect of bomb barrage.||||增加傾瀉炸藥的爆炸效果範圍。||||
subDescPirateBombBarrage03|Increases the frequency of bombs.||||增加傾瀉炸藥的頻率。||||
subDescPirateBombBarrage04|Increases the damage dealt by bomb barrage.||||增加傾瀉炸藥造成的傷害。||||
subDescPirateBombBarrage05|Inflicts fire break on hit.||||擊中時造成火焰破壞。||||
subDescPirateBombBarrage06|Increases damage dealt based on your explosion area of effect stat.||||根據爆炸範圍數值增加造成的傷害。||||
subDescPirateBombBarrage07|Bombs have a chance to scorch the ground dealing additional damage.||||傾瀉炸藥有機率燃燒地面，造成額外傷害。||||
subDescPirateBombBarrage08|Chance for bombs to shatter into fragments inflicting bleeding when exploding.||||傾瀉炸藥爆炸時有機率碎成碎片，造成流血。||||
subDescPirateBombBarrage09|Increases the projectile speed of bomb barrage.||||增加傾瀉炸藥的投射物速度。||||
subDescPirateBombBarrage10|Chance to critically hit with increased critical strike damage.||||有機率造成暴擊，暴擊傷害增加。||||
subDescPirateBombBarrage11|Mark a location where to fire all bombs.||||標記發射所有炸彈的位置。||||
subDescPirateBombBarrage12|Fire multiple bombs in all directions from you.||||從你的各個方向發射多枚炸彈。||||
subDescPirateBombBarrage13|Rapidly fire bombs with increased speed dealing area of effect damage and knocking monsters back on hit.||||以更快的速度快速發射炸彈，造成一定範圍的傷害並擊中怪物時將其擊退。||||
subDescPirateBombBarrage14|Now throw a single bomb marking the target location and dropping multiple bombs from the sky.||||現在投擲一枚炸彈，標記目標位置，並從空中投下多枚炸彈。||||
subPirateTorrent01|Splash Impact||||飛濺衝擊||||
subPirateTorrent02|Watery Fissure||||水狀裂縫||||
subPirateTorrent03|Subzero Liquid||||零下液體||||
subPirateTorrent04|Torrenting Current||||洪流||||
subPirateTorrent05|Waterwalk||||水上步道||||
subPirateTorrent06|Collateral Splash||||附著水花||||
subPirateTorrent07|Water Mass||||水團||||
subPirateTorrent08|Pillar of Water||||水柱||||
subPirateTorrent09|Ocean´s Might||||海洋之力||||
subPirateTorrent10|Hypothermic Liquid||||低溫液體||||
subPirateTorrent11|Ocean Storm||||海洋風暴||||
subPirateTorrent12|Chaotic Wave||||混沌波||||
subPirateTorrent13|Whirlpool||||漩渦||||
subPirateTorrent14|Storm Pillar||||風暴之柱||||
subDescPirateTorrent01|Chance when casting to summon an additional torrent at the closest monster.||||施法時有機率在最近的怪物處召喚額外的激流。||||
subDescPirateTorrent02|Chance on hit to knock enemies into the air dealing area of effect damage upon landing.||||擊中時有機率將敵人擊飛到空中，在著陸時造成一定範圍的傷害。||||
subDescPirateTorrent03|Chance to inflict cold break on hit.||||擊中時有機率造成冰霜破壞。||||
subDescPirateTorrent04|Torrents now burst additional times.||||激流現在可以額外爆發多次。||||
subDescPirateTorrent05|Decreases the movement diminish when using torrent.||||減少使用激流時，移動速度降低的效果。||||
subDescPirateTorrent06|Torrents have a chance on hit to chain their damage dealt to multiple nearby monsters.||||激流擊中時有幾率將其傷害連鎖至附近的多個怪物。||||
subDescPirateTorrent07|Increases the damage dealt by torrent.||||增加激流造成的傷害。||||
subDescPirateTorrent08|Chance on cast to replace torrent with a watery tornado dealing damage, freezing and lasting for an increased duration.||||施法時有機率用水龍捲風取代激流，造成傷害、冰凍並持續更長的時間。||||
subDescPirateTorrent09|Increases the size and area of effect of torrent.||||增加激流的大小和影響範圍。||||
subDescPirateTorrent10|Increases damage dealt to frozen targets.||||增加對冰凍目標造成的傷害。||||
subDescPirateTorrent11|Unleash multiple torrents around target location.||||在目標位置周圍釋放多個激流。||||
subDescPirateTorrent12|Send forward a tsunami unleashing torrents on hit. Torrent now has a cooldown.||||向前發送海嘯，在命中時釋放洪流。激流現在有冷卻時間。||||
subDescPirateTorrent13|Create a whirlpool sucking in monsters on a large radius eventually collapsing into torrents. Torrent now has a cooldown.||||創造一個漩渦，吸入大範圍內的怪物，最終崩塌成激流。激流現在有冷卻時間。||||
subDescPirateTorrent14|Unleash a big torrent knocking monsters back and airborne with force causing them to take increased damage when hitting the ground.||||釋放一股巨大的激流，將怪物擊退並用力擊飛，使它們在撞擊地面時受到更大的傷害。||||
subPirateFreezingChainShot01|Poseidon's Fist||||波塞冬之拳||||
subPirateFreezingChainShot02|Precision Chain||||精密鏈條||||
subPirateFreezingChainShot03|Good Ol' Ways||||好方法||||
subPirateFreezingChainShot04|Pack a Punch||||打一拳||||
subPirateFreezingChainShot05|Shatter||||粉碎||||
subPirateFreezingChainShot06|Ice Age||||冰河時期||||
subPirateFreezingChainShot07|Ice Healing||||冰治癒||||
subPirateFreezingChainShot08|Gulf Stream||||海灣噴射||||
subPirateFreezingChainShot09|Grip Boots||||防滑靴||||
subPirateFreezingChainShot10|Coldspot||||冰點||||
subPirateFreezingChainShot11|Frozen Chain Rip||||安息冰凍連鎖||||
subPirateFreezingChainShot12|Coldsnap Vacuum||||真空寒氣||||
subPirateFreezingChainShot13|Catch of the Day||||當日捕獲||||
subPirateFreezingChainShot14|Freezing Whiplash||||冰凍鞭打||||
subDescPirateFreezingChainShot01|Breaks cold resistances on striking.||||擊中時降低冰霜抗性。||||
subDescPirateFreezingChainShot02|Increased hit rating.||||提高命中率||||
subDescPirateFreezingChainShot03|Gain additional attacks per second while wielding a bow.||||使用弓類型武器時增加攻擊力||||
subDescPirateFreezingChainShot04|Increases the projectile speed of freezing chain shot.||||提高冷凍鏈彈射擊的投射物速度。||||
subDescPirateFreezingChainShot05|Increases damage dealt to frozen targets.||||增加對冰凍目標造成的傷害。||||
subDescPirateFreezingChainShot06|Freezes enemies with a chance on striking to deepfreeze them.||||凍結敵人，並有機率在攻擊時將其深度凍結。||||
subDescPirateFreezingChainShot07|Restores a flat amount of health and mana on hit.||||擊中時恢復一定量的生命值和法力。||||
subDescPirateFreezingChainShot08|Chance on hit to increase your attackspeed for a short duration.||||命中時有機率在短時間內提高攻擊速度。||||
subDescPirateFreezingChainShot09|Decreases the movement diminish when using freezing chain shot.||||減少使用冷凍鏈彈射擊時，移動速度降低的效果。||||
subDescPirateFreezingChainShot10|Freezing chain shot deals damage in a small area around the targets hit.||||冷凍鏈彈射擊會對命中目標周圍的小範圍造成傷害。||||
subDescPirateFreezingChainShot11|Freezing chain shot now chains and pulls chained monsters towards the first target.||||冷凍鏈彈射擊現在會連鎖並將被連鎖的怪物拉向第一個目標。||||
subDescPirateFreezingChainShot12|Fire a huge chainshot catching monsters on its way and dealing increased damage and stunning caught monsters when hitting terrain.||||發射巨大的冷凍鏈彈射擊，捕捉途中的怪物，並在擊中地形時造成更高的傷害並擊暈捕捉到的怪物。||||
subDescPirateFreezingChainShot13|On hit release additional chain shots in all directions.||||命中後向各個方向釋放額外的冷凍鏈彈射擊。||||
subDescPirateFreezingChainShot14|When hitting terrain the chainshot spins and grows in size rapidly sending monsters into the air dealing increased damage and stunning them.||||當擊中地形時，投射物會旋轉並迅速變大，將怪物發送到空中，造成更大的傷害並擊暈它們。||||
subPirateParrot01|Peck Peck||||啄啄||||
subPirateParrot02|Birdstrike||||鳥擊||||
subPirateParrot03|Flock Gathering||||群聚||||
subPirateParrot04|GM Crops||||基因改造||||
subPirateParrot05|Birdflu Vax||||禽流感疫苗||||
subPirateParrot06|Target Practise||||目標練習||||
subPirateParrot07|Pirate's Best Friend||||海盜最好的朋友||||
subPirateParrot08|Upper Wing||||上翼||||
subPirateParrot09|Beak of Steel||||鋼喙||||
subPirateParrot10|Killing Command||||殺戮命令||||
subPirateParrot11|Screech||||尖叫||||
subPirateParrot12|Pecking Pack||||啄食群||||
subPirateParrot13|Captain's Parrot||||船長的鸚鵡||||
subPirateParrot14|Pecking Order||||啄食順序||||
subDescPirateParrot01|Increases parrot attack speed.||||提高鸚鵡的攻擊速度。||||
subDescPirateParrot02|Increases parrot movement speed.||||提高鸚鵡的移動速度。||||
subDescPirateParrot03|Increases the maximum amount of parrots.||||增加鸚鵡的最大數量。||||
subDescPirateParrot04|Increases the life and damage dealt by parrots.||||增加鸚鵡的生命和造成的傷害。||||
subDescPirateParrot05|Increases the resistances of parrots.||||增加鸚鵡的抗性。||||
subDescPirateParrot06|Increases the damage dealt by parrots against bosses.||||增加鸚鵡對Boss造成的傷害。||||
subDescPirateParrot07|Chance on hit to reduce target's damage dealt.||||命中時有一定幾率減少目標造成的傷害。||||
subDescPirateParrot08|Increases damage dealt to stunned targets.||||增加對暈眩目標造成的傷害。||||
subDescPirateParrot09|Increases the damage dealt by parrot.||||增加鸚鵡造成的傷害。||||
subDescPirateParrot10|Parrots have a chance on hit to enrage, significantly increasing their attack speed and damage for a short duration before dying.||||鸚鵡被擊中時有幾率激怒，在死亡前短時間內顯著提高攻擊速度和傷害。||||
subDescPirateParrot11|Parrots now send a traveling screeching wave on attack knocking monsters back dealing increased damage.||||鸚鵡現在會在攻擊時發出行進的尖叫波，將怪物擊退，造成更高的傷害。||||
subDescPirateParrot12|Summon all parrots with one cast empowering the parrots with increased attack speed. Parrot now has a cooldown.||||透過一次施法召喚所有鸚鵡，增強鸚鵡的攻擊速度。鸚鵡現在有冷卻時間。||||
subDescPirateParrot13|Now only summon one big parrot scaling with the amount of total parrots attacking with increased radius and damage.||||現在只召喚一隻大鸚鵡，其攻擊範圍和傷害與鸚鵡總數相同。||||
subDescPirateParrot14|Parrots now unleash a frozen nova every five attacks with increased radius and damage.||||鸚鵡現在每五次攻擊就會釋放一顆冰凍新星，半徑和傷害都會增加。||||
subPirateAnchorSwing01|On The Deck||||在甲板上||||
subPirateAnchorSwing02|Rusted Chain||||生鏽的鏈條||||
subPirateAnchorSwing03|Spin to Win||||勝利旋轉||||
subPirateAnchorSwing04|Sharpened Bill||||尖喙||||
subPirateAnchorSwing05|Baby Anchor||||寶貝錨||||
subPirateAnchorSwing06|iAnchor||||我即是錨||||
subPirateAnchorSwing07|Frozen Tip||||冰雪之擊||||
subPirateAnchorSwing08|Cold Smash||||冰霜粉碎||||
subPirateAnchorSwing09|Man of War||||戰爭之人||||
subPirateAnchorSwing10|Aerodynamic Chain||||流線連鎖||||
subPirateAnchorSwing11|Anchoring the Anchor||||錨定||||
subPirateAnchorSwing12|Extended Weight||||加強重量||||
subPirateAnchorSwing13|Colossal Anchor||||巨型錨||||
subPirateAnchorSwing14|Trembling Smash||||顫抖粉碎||||
subDescPirateAnchorSwing01|Decreases movement diminish when using anchor swing.||||減少使用擺動錨時，移動速度降低的效果。||||
subDescPirateAnchorSwing02|Inflicts cold break on hit.||||擊中時造成冰霜破壞。||||
subDescPirateAnchorSwing03|Increases the duration of anchor swing.||||增加擺動錨的持續時間||||
subDescPirateAnchorSwing04|Increases damage dealt by anchor.||||增加錨造成的傷害。||||
subDescPirateAnchorSwing05|Chance on cast to summon a small anchor spinning close to the pirate.||||有機率召喚一個靠近海盜旋轉的小錨。||||
subDescPirateAnchorSwing06|Chance on cast to unleash an additional anchor.||||施法時有機率釋放額外的錨。||||
subDescPirateAnchorSwing07|Increases damage dealt by anchor and freezes monsters on hit.||||增加錨造成的傷害並在擊中時凍結怪物。||||
subDescPirateAnchorSwing08|Increases damage to frozen targets.||||增加對冰凍目標的傷害。||||
subDescPirateAnchorSwing09|Increases anchor size and area of effect radius.||||增加錨的尺寸和作用範圍。||||
subDescPirateAnchorSwing10|Increases the spinning speed.||||提高旋轉速度。||||
subDescPirateAnchorSwing11|Throw the anchor on target location unleashing another anchor swinging around that one with increased radius.||||將錨扔到目標位置，釋放另一個錨，以更大的半徑圍繞該錨擺動。||||
subDescPirateAnchorSwing12|Anchor now has an additional spinning anchor attached to it.||||錨現在附加了一個附加的旋轉錨。||||
subDescPirateAnchorSwing13|Unleash a massive anchor covering a wide radius with increased damage. Anchor swing now has a cooldown.||||釋放一個巨大的錨，覆蓋大範圍的半徑並增加傷害。擺動錨現在有冷卻時間。||||
subDescPirateAnchorSwing14|Send the anchor forward unleashing a shockwave of torrents to all directions when hitting terrain.||||向前釋放錨，當擊中地形時，向各個方向釋放一股激流衝擊波。||||
subPirateLandAhoy01|Armada||||艦隊||||
subPirateLandAhoy02|Fire All!||||全部開火||||
subPirateLandAhoy03|Rum Infused Ammo||||朗姆酒彈藥||||
subPirateLandAhoy04|Blunder Bombs||||失誤炸彈||||
subPirateLandAhoy05|Warheads||||彈頭||||
subPirateLandAhoy06|Strategic Airstrikes||||戰略空襲||||
subPirateLandAhoy07|Food for Cannon||||加農炮食物||||
subPirateLandAhoy08|Sonic Impact||||音速衝擊||||
subPirateLandAhoy09|MOAB||||MOAB||||
subPirateLandAhoy10|Fuel to the Fire||||火上澆油||||
subPirateLandAhoy11|Concentrated Blast Radius||||集中爆炸半徑||||
subPirateLandAhoy12|Land Annihilation||||土地毀滅||||
subPirateLandAhoy13|Traveling Bombardment||||旅行轟炸||||
subPirateLandAhoy14|Reign of Fire||||火之統治||||
subDescPirateLandAhoy01|Increases the amount of bombs fired.||||增加發射的炸彈數量。||||
subDescPirateLandAhoy02|Decreases the cooldown of land ahoy.||||減少Land Ahoy!的冷卻時間啊嘿。||||
subDescPirateLandAhoy03|Bombs have a chance to explode an additional time.||||炸彈還有機率額外爆炸一次。||||
subDescPirateLandAhoy04|Increases explosion area of effect radius of land ahoy.||||增加Land Ahoy!爆炸的效果範圍。||||
subDescPirateLandAhoy05|Increases the damage dealt by land ahoy.||||增加Land Ahoy!造成的傷害。||||
subDescPirateLandAhoy06|Chance on cast to fire additional bombs towards nearby monsters.||||有機率向附近的怪物發射額外的炸彈。||||
subDescPirateLandAhoy07|Increases damage dealt to stunned targets.||||增加對暈眩目標造成的傷害。||||
subDescPirateLandAhoy08|Chance on hit to stun.||||擊中時有機率擊暈。||||
subDescPirateLandAhoy09|Chance on cast to fire larger bombs knocking monsters airborne on hit dealing increased damage.||||有機率發射更大的炸彈，擊中怪物時將其擊飛，造成更高的傷害。||||
subDescPirateLandAhoy10|Increases bomb damage based on explosion area of effect stat.||||根據爆炸範圍的數值增加炸彈傷害。||||
subDescPirateLandAhoy11|Significantly decreases the area of effect radius of land ahoy! and increasing the amount of cannon balls. ||||顯著減小Land Ahoy!的效果範圍並增加砲彈的數量。||||
subDescPirateLandAhoy12|Drop a reduced amount of big bombs on a significantly larger radius. Land Ahoy! now has a cooldown. ||||在更大的範圍上投擲更少數量的大型炸彈。Land Ahoy!現在有冷卻時間。||||
subDescPirateLandAhoy13|Mark a location and fire bombs landing from your location to target location in a narrow line.||||標記一個位置並發射炸彈，以一條窄線從您的位置降落到目標位置。||||
subDescPirateLandAhoy14|Damage type is changed to Fire. Explosive Barrels rain from the sky inflicting burning on hit ||||傷害類型改為火焰。爆炸桶從天而降，擊中時造成燃燒||||
subNomadSandCarver01|Desert Mix||||沙漠混合||||
subNomadSandCarver02|Concentrated Sand||||濃縮砂||||
subNomadSandCarver03|Glass Shards||||玻璃碎片||||
subNomadSandCarver04|Special Pouch||||特殊袋||||
subNomadSandCarver05|Vortex Master||||漩渦大師||||
subNomadSandCarver06|Combat Skills||||戰鬥技巧||||
subNomadSandCarver07|Swift Strikes||||迅捷出擊||||
subNomadSandCarver08|Raw Power||||原始動力||||
subNomadSandCarver09|Headwind||||逆風||||
subNomadSandCarver10|Sand Infusion||||沙浸||||
subNomadSandCarver11|Eviscerate||||剔骨||||
subNomadSandCarver12|Parasitical Sand||||寄生沙||||
subNomadSandCarver13|Piercing Sands||||刺沙||||
subNomadSandCarver14|Desert´s Blade||||沙漠之刃||||
subDescNomadSandCarver01|Increases the amount of sand thrown.||||增加拋擲沙子的數量。||||
subDescNomadSandCarver02|Increases the damage dealt by sand carver.||||增加沙雕之爪造成的傷害。||||
subDescNomadSandCarver03|Thrown sand has a chance to inflict bleeding on hit.||||投擲的沙子擊中時有幾率造成出血。||||
subDescNomadSandCarver04|Increases the damage dealt to bosses by sand carver.||||增加沙雕之爪對Boss造成的傷害。||||
subDescNomadSandCarver05|Chance on hit to spawn a small sand vortex.||||命中時有機率產生一個小沙之漩渦。||||
subDescNomadSandCarver06|Chance on hit to gain increased dodge chance for a short period.||||命中時有一定幾率在短時間內增加閃避幾率。||||
subDescNomadSandCarver07|Increases attack speed when using sand carver.||||提高使用沙雕之爪時的攻擊速度。||||
subDescNomadSandCarver08|Increases attack damage dealt by sand carver.||||增加沙雕之爪造成的攻擊傷害。||||
subDescNomadSandCarver09|Increases the projectile speed of sand thrown.||||增加拋擲沙子的投射物速度。||||
subDescNomadSandCarver10|Chance to inflict armor break and arcane break on hit.||||擊中時有機率造成護甲破壞和奧術破壞。||||
subDescNomadSandCarver11|Critical strikes cause the nomad to throw sand in a circle around him stunning and dealing additional damage.||||暴擊會讓遊牧者在他周圍扔沙子，造成眩暈並造成額外傷害。||||
subDescNomadSandCarver12|Thrown sand now sticks to the targets dealing damage over time for a short period.||||投擲的沙子現在會黏在目標上，造成持續傷害。||||
subDescNomadSandCarver13|Thrown sand is now piercing and has a chance to fork on hit.||||拋出的沙子現在具有穿透力，並且有機率在擊中時分裂。||||
subDescNomadSandCarver14|Chance on attack to summon a big tornado pulling in and dealing additional damage to nearby monsters.||||攻擊時有機率召喚巨大的龍捲風，對附近的怪物造成額外傷害。||||
subNomadCloudOfSand01|Breeze||||微風||||
subNomadCloudOfSand02|Desert's Spirit||||沙漠之魂||||
subNomadCloudOfSand03|Sand Twisters||||沙旋風者||||
subNomadCloudOfSand04|Desert's Will||||沙漠意志||||
subNomadCloudOfSand05|Desert's Endurance||||沙漠耐力||||
subNomadCloudOfSand06|Sandbender||||沙賓德||||
subNomadCloudOfSand07|Zephyr||||和風||||
subNomadCloudOfSand08|Heavy Sand||||重砂||||
subNomadCloudOfSand09|Dust Storm||||沙塵暴||||
subNomadCloudOfSand10|Hand of the Oasis||||綠洲之手||||
subNomadCloudOfSand11|Cloud Bender||||彎雲||||
subNomadCloudOfSand12|Field of Quicksand||||流沙領域||||
subNomadCloudOfSand13|Desert´s Echo||||沙漠迴聲||||
subNomadCloudOfSand14|Ascension||||揚升||||
subDescNomadCloudOfSand01|Decreases movement diminish when using cloud of sand.||||減少使用沙塵之雲時，移動速度降低的效果。||||
subDescNomadCloudOfSand02|Increases cast rate when using cloud of sand.||||提高使用沙塵之雲時的施法速度。||||
subDescNomadCloudOfSand03|Teleporting into the cloud now unleashes multiple sand tornados around the cloud.||||傳送到沙塵之雲中現在會在雲周圍釋放多個沙龍捲風。||||
subDescNomadCloudOfSand04|Decreases mana cost when using cloud of sand.||||使用沙塵之雲時降低法力消耗。||||
subDescNomadCloudOfSand05|Increases the duration of cloud of sand.||||增加沙塵之雲的持續時間。||||
subDescNomadCloudOfSand06|Cloud of sand now leaves behind a trail of tornados.||||沙塵之雲現在留下了龍捲風的痕跡。||||
subDescNomadCloudOfSand07|Increases the projectile speed of cloud of sand.||||增加沙塵之雲的投射物速度。||||
subDescNomadCloudOfSand08|Increases the damage dealt by cloud of sand.||||增加沙塵之雲造成的傷害。||||
subDescNomadCloudOfSand09|Increases the size of cloud of sand.||||增加沙塵之雲的大小。||||
subDescNomadCloudOfSand10|Inflicts arcane break on hit.||||擊中時造成奧術破壞。||||
subDescNomadCloudOfSand11|The cloud is now under your control gaining increased size and damage.||||沙塵之雲現在在你的控制之下，其尺寸和傷害都增加了。||||
subDescNomadCloudOfSand12|Teleporting to the cloud now summons multiple small sand vortexes around it.||||現在傳送到沙塵之雲會在其周圍召喚多個小沙之漩渦。||||
subDescNomadCloudOfSand13|Summon multiple clouds dealing increased damage. You are no longer able to teleport into the cloud.||||召喚多朵沙塵之雲，造成更高的傷害。您無法再傳送到沙塵之雲。||||
subDescNomadCloudOfSand14|Teleporting to the cloud now renders you immortal for a short period. Cloud of sand now has a cooldown.||||傳送到沙塵之雲現在可以讓你在短時間內永生。沙塵之雲現在有冷卻時間。||||
subNomadSandTremors01|Amplified Frequency||||放大頻率||||
subNomadSandTremors02|Light Footwork||||輕步法||||
subNomadSandTremors03|Oasis Impaler||||綠洲穿刺者||||
subNomadSandTremors04|Internal Bleeding||||內出血||||
subNomadSandTremors05|Waves of Despair||||絕望浪潮||||
subNomadSandTremors06|Shock Therapy||||休克療法||||
subNomadSandTremors07|Tremor´s Reach||||震顫範圍||||
subNomadSandTremors08|Conjuring Winds||||召喚之風||||
subNomadSandTremors09|Exchange of Life||||生命交換||||
subNomadSandTremors10|Area of Impact||||影響範圍||||
subNomadSandTremors11|Shrouding Sand||||沙塵籠罩||||
subNomadSandTremors12|Pulsating Tremors||||搏動性震顫||||
subNomadSandTremors13|Night at the Desert||||沙漠之夜||||
subNomadSandTremors14|Dune Warrior||||沙丘戰士||||
subDescNomadSandTremors01|Chance on attack to spawn additional tremors.||||攻擊時有幾率產生額外的震盪。||||
subDescNomadSandTremors02|Decreases movement diminish when using sand tremors.||||減少使用沙漠震盪雨時，移動速度降低的效果。。||||
subDescNomadSandTremors03|Chance on hit to inflict bleeding for a portion of the damage.||||擊中時有幾率造成部分傷害出血。||||
subDescNomadSandTremors04|Increases damage to bleeding targets.||||增加流血目標的傷害。||||
subDescNomadSandTremors05|Increases the area of effect radius of sand tremors.||||增加沙漠震盪的效果。||||
subDescNomadSandTremors06|Increases the damage dealt by sand tremors.||||增加沙漠震盪造成的傷害。||||
subDescNomadSandTremors07|Increases attack range when using sand tremors.||||使用沙漠震盪時增加攻擊距離。||||
subDescNomadSandTremors08|Chance on hit to send a sand tornado towards the target dealing additional damage.||||擊中時有機率向目標發射沙龍捲風，造成額外傷害。||||
subDescNomadSandTremors09|Killing monsters with sand tremors restores your life.||||用沙漠震盪殺死怪物可以恢復你的生命。||||
subDescNomadSandTremors10|Increases critical strike damage dealt by sand tremors.||||增加沙漠震盪造成的暴擊傷害。||||
subDescNomadSandTremors11|Striking monsters now enshrouds you in a sandstorm which gradually shrinks and disappears. Striking additional enemies causes it to grow larger and last longer.||||被攻擊的怪物現在將你籠罩在沙塵暴中，沙塵暴逐漸縮小並消失。攻擊更多的敵人會使其變得更大、持續時間更長。||||
subDescNomadSandTremors12|Tremors now travel a short distance dealing additional damage.||||震盪現在會傳播一小段距離，造成額外傷害。||||
subDescNomadSandTremors13|Tremors deal increased damage and inflict permafrost on hit.||||震盪會造成更大的傷害，並在撞擊時造成永久凍土。||||
subDescNomadSandTremors14|Striking monsters adds a stack of dune warrior sending multiple tornados dealing additional damage in an arc upon reaching maximum stacks.||||攻擊怪物會增加一層沙丘戰士增益，在達到最大堆疊層數時，會以弧形的方式釋放多條龍捲風，造成額外傷害。||||
subNomadSandGush01|Desert´s Sand||||沙漠的沙子||||
subNomadSandGush02|Gushing Winds||||洶湧的風||||
subNomadSandGush03|Piercing Sand||||穿刺沙||||
subNomadSandGush04|Stranded Impact||||擱淺影響||||
subNomadSandGush05|Armor Piercing Flow||||穿甲流||||
subNomadSandGush06|Gusting Winds||||陣風||||
subNomadSandGush07|Desert Storm||||沙漠風暴||||
subNomadSandGush08|Overwhelming Sand||||壓倒性沙土||||
subNomadSandGush09|Tamed Winds|||Укрощенные Ветры|馴服之風|手なずけられた風|길들인 바람|||
subNomadSandGush10|Contaminated Wounds|||Зараженные раны|污染傷口|汚染された傷|오염된 상처|||
subNomadSandGush11|Desert Cyclones||||沙漠氣旋||||
subNomadSandGush12|Sandstorm||||沙暴||||
subNomadSandGush13|Sand Tornado||||沙龍捲風||||
subNomadSandGush14|Dust Devils||||沙塵惡魔||||
subDescNomadSandGush01|Increases the area of effect radius of sand gush.||||增加沙流湧動的效果範圍。||||
subDescNomadSandGush02|Chance on cast to increase the size and damage of tornados.||||施法時有機率增加龍捲風的大小和傷害。||||
subDescNomadSandGush03|Increases the damage dealt by sand gush.||||增加沙流湧動造成的傷害。||||
subDescNomadSandGush04|Increases damage dealt to bosses.||Aumenta o dano causado contra chefes.|Увеличивает урон, наносимый оглушенным целям.|提高對首領造成的傷害。|気絶した敵へのダメージを増加させる。|기절한 대상에게 입히는 피해가 증가합니다.|Erhöht den Schaden gegen Bosse.|Augmente les dégâts contre les boss.|Aumenta el daño a jefes.|Zwiększa obrażenia zadawane bossom.
subDescNomadSandGush05|Inflicts arcane break on hit.||||擊中時造成奧術破壞。||||
subDescNomadSandGush06|Increases the speed of sand tornados.||||增加沙龍捲風的速度。||||
subDescNomadSandGush07|Increases the amount of sand tornados.|||||增加沙龍捲風的數量。||||
subDescNomadSandGush08|Tornados have a chance on hit to inflict bleeding for a portion of the damage.||||龍捲風有幾率擊中造成部分傷害造成出血。||||
subDescNomadSandGush09|Tornados now spin outwards following the nomad.||||龍捲風現在跟隨遊牧者向外旋轉。||||
subDescNomadSandGush10|Increases damage dealt to bleeding targets.||||增加流血目標造成的傷害。||||
subDescNomadSandGush11|Tornados spawn multiple small cyclones on hit.||||龍捲風擊中時會產生多個小型氣旋。||||
subDescNomadSandGush12|Cast continuous gushes around you for a short period with increased radius and damage. Sand Gush now has a cooldown.||||短時間內在你周圍施放連續沙流湧動，增加範圍和傷害。沙流湧動現在有冷卻時間。||||
subDescNomadSandGush13|Send out a sand tornado casting sand gush continuously.||||散發出一股沙龍捲不斷的鑄沙噴湧。||||
subDescNomadSandGush14|Unleash small dust devils bouncing off of walls and unleashing a pulse of sand on hit.||||釋放從牆壁上彈起的小型沙塵惡魔，並在擊中時釋放出沙土脈衝。||||
subNomadSandVortex01|Desert Mass||||沙漠聚集||||
subNomadSandVortex02|Quicksand||||流沙||||
subNomadSandVortex03|Shredding Sand||||粉碎沙子||||
subNomadSandVortex04|Locust Whirlpool||||蝗蟲漩渦||||
subNomadSandVortex05|Stuttering Pull||||不停拉扯||||
subNomadSandVortex06|Desert Control||||沙漠控制||||
subNomadSandVortex07|Lasting Whirlpool||||持久漩渦||||
subNomadSandVortex08|Veil of Sand||||沙之面紗||||
subNomadSandVortex09|Breaking Sands||||碎沙||||
subNomadSandVortex10|Brain Damaging Whirl||||腦損傷迴旋||||
subNomadSandVortex11|Sunken Field||||沉沒領域||||
subNomadSandVortex12|Accelerated Sand||||加速砂土||||
subNomadSandVortex13|Cycloning Kraken||||颶風海妖||||
subNomadSandVortex14|Slow Burn||||緩慢燃燒||||
subDescNomadSandVortex01|Increases the area of effect radius of sand vortex.||||增加沙漩渦的效果範圍。||||
subDescNomadSandVortex02|Increases pulling strength.||||增加拉力。||||
subDescNomadSandVortex03|Increases the damage dealt by sand vortex.||||增加沙漩渦造成的傷害。||||
subDescNomadSandVortex04|Restores mana on hit.||||擊中時恢復法力。||||
subDescNomadSandVortex05|Chance to stun monsters on hit.||||擊中時有機率擊暈怪物。||||
subDescNomadSandVortex06|Reduces the cooldown of sand vortex.||||減少沙漩渦的冷卻時間。||||
subDescNomadSandVortex07|Increases the duration of sand vortex.||||增加沙漩渦的持續時間。||||
subDescNomadSandVortex08|Increases damage dealt to stunned targets.||||增加對昏迷目標造成的傷害。||||
subDescNomadSandVortex09|Inflicts arcane break on hit.||||擊中時造成奧術破壞。||||
subDescNomadSandVortex10|Sand vortex now executes targets below a certain percentage of life.||||沙漩渦現在會處刑低於一定生命百分比的目標。||||
subDescNomadSandVortex11|Summon multiple small sand vortexes around target location with increased damage.||||在目標位置周圍召喚多個小沙漩渦，傷害增加。||||
subDescNomadSandVortex12|Sand vortex size and tick rate increases rapidly but lasts for a shorter duration.||||沙漩渦大小和傷害頻率率迅速增加，但持續時間較短。||||
subDescNomadSandVortex13|Sand vortex now spawns cycling tornados from its center.||||沙漩渦現在從其中心產生循環龍捲風。||||
subDescNomadSandVortex14|Sand vortex now doesn’t pull monsters but slows them and inflicts burning for a portion of the damage on hit.||||沙漩渦現在不會拉動怪物，但會減慢它們的速度，並在擊中時造成的部分傷害會造成燃燒。||||
subNomadBladeStrike01|Ferocious Swipe||||猛烈揮擊||||
subNomadBladeStrike02|Blade´s Edge||||刀鋒||||
subNomadBladeStrike03|Lethal Swing||||致命一擊||||
subNomadBladeStrike04|Blade Master||||刀鋒大師||||
subNomadBladeStrike05|Gut Slicer||||本質切割||||
subNomadBladeStrike06|Catch Up Blade||||追趕刀刃||||
subNomadBladeStrike07|Cleaving Slash||||劈砍||||
subNomadBladeStrike08|Agile Striker||||敏捷前鋒||||
subNomadBladeStrike09|Bounty Hunting||||賞金狩獵||||
subNomadBladeStrike10|Tribal Commander||||部落指揮官||||
subNomadBladeStrike11|Skewering Blades||||刀刃串||||
subNomadBladeStrike12|Brutalizing Cleave||||殘酷順劈斬||||
subNomadBladeStrike13|Stacked Blade||||堆疊刀片||||
subNomadBladeStrike14|Giant Slayer||||巨人殺手||||
subDescNomadBladeStrike01|Increases critical strike chance when using blade strike.||||使用刀刃衝擊時增加暴擊幾率。||||
subDescNomadBladeStrike02|Increases critical strike damage when using blade strike.||||使用刀刃衝擊時增加暴擊傷害。||||
subDescNomadBladeStrike03|Increases damage dealt by blade strike.||||增加刀刃衝擊造成的傷害。||||
subDescNomadBladeStrike04|Increases attack rating when using blade strike.||||使用刀刃衝擊時提高攻擊命中率。||||
subDescNomadBladeStrike05|Inflicts armor break on hit.||||擊中時造成護甲破壞。||||
subDescNomadBladeStrike06|Chance on attack to throw your weapon with force dealing additional damage and bouncing from terrain. ||||攻擊時有機率強力投擲武器，造成額外傷害並從地形上彈起。||||
subDescNomadBladeStrike07|Increases the area of effect of blade strike.||||增加刀刃衝擊的效果範圍。||||
subDescNomadBladeStrike08|Chance on attack to strike additional times.||||攻擊時有機率進行額外攻擊。||||
subDescNomadBladeStrike09|Chance on hit to increase your strength for a short period of time.||||受到攻擊後有一定幾率在短時間內提升自己的力量。||||
subDescNomadBladeStrike10|Gain a portion of your strength as all attributes.||||獲得一部分力量作為所有屬性。||||
subDescNomadBladeStrike11|Unleash flying blades on monster hit dealing area of effect damage and inflict bleeding.||||對擊中的怪物釋放飛刃，造成一定範圍的傷害並造成流血。||||
subDescNomadBladeStrike12|Gain increased attack range and damage slightly knocking enemies back stunning them.||||獲得更大的攻擊範圍和傷害，稍微擊退敵人並使其暈眩。||||
subDescNomadBladeStrike13|Striking a monster applies a debuff which when reaching max stacks will unleash multiple blades dealing additional damage and bouncing from terrain.||||攻擊怪物會施加一個減益效果，當達到最大堆疊層數時，會釋放出多個刀片，造成額外傷害並從地形上彈起。||||
subDescNomadBladeStrike14|Critical strike damage by blade strike is increased based on your vitality.||||刀刃衝擊造成的暴擊傷害會根據你的生命力而增加。||||
subNomadEyeOfRa01|Sunburn||||曬傷||||
subNomadEyeOfRa02|Ray´s of Wisdom||||智慧之光||||
subNomadEyeOfRa03|Solar Flow||||淹沒太陽||||
subNomadEyeOfRa04|Ultra Violet Radiation||||紫外線輻射||||
subNomadEyeOfRa05|Scorching Sun||||烈日||||
subNomadEyeOfRa06|Ra´s Wrath||||拉之怒||||
subNomadEyeOfRa07|Heat Paralysis||||熱麻痺||||
subNomadEyeOfRa08|Piercing Sunlight||||刺眼陽光||||
subNomadEyeOfRa09|Armed Light||||武裝燈||||
subNomadEyeOfRa10|Piercing Radiation||||穿透輻射||||
subNomadEyeOfRa11|God of Gods||||眾神之神||||
subNomadEyeOfRa12|Pillar of Light||||光明柱||||
subNomadEyeOfRa13|Orbiting the Sun||||繞太陽運行||||
subNomadEyeOfRa14|Lightbringer||||光明使者||||
subDescNomadEyeOfRa01|Increases the maximum targets per hit being affected by eye of ra.||||增加每次受到「拉之眼」影響的最大目標數。||||
subDescNomadEyeOfRa02|Increases damage dealt by sun rays based on your energy.||||根據你的能量增加太陽光線造成的傷害。||||
subDescNomadEyeOfRa03|Increases the range of the sun rays.||||增加太陽光線的範圍。||||
subDescNomadEyeOfRa04|Chance on hit to inflict burning for a portion of the damage dealt by eye of ra.||||擊中時有幾率對拉之眼造成的部分傷害造成燃燒。||||
subDescNomadEyeOfRa05|Increases damage dealt to burning targets.||||增加對燃燒目標造成的傷害。||||
subDescNomadEyeOfRa06|Increases the amount of sun rays additionally inflicting slow on hit.||||增加太陽光線的數量，並額外造成擊中速度減慢。||||
subDescNomadEyeOfRa07|Inflicts elemental break on hit.|||При попадании вызывает разрыв огня.|擊中時造成元素破壞|命中時にエレメンタルブレイク（属性防御低下）を付与する。|적중 시 화염 파괴를 가합니다.|||
subDescNomadEyeOfRa08|Increases critical strike damage dealt by eye of ra.||||增加拉之眼造成的暴擊傷害。||||
subDescNomadEyeOfRa09|Increases attack rating when using eye of ra.||||使用拉之眼時增加攻擊命中率。||||
subDescNomadEyeOfRa10|Inflicts armor break on hit.||||擊中時造成護甲破壞。||||
subDescNomadEyeOfRa11|Unleash eye of ra on all nearby monsters. Eye of Ra now has a cooldown. ||||對附近所有怪物釋放拉之眼。拉之眼現在有冷卻時間。||||
subDescNomadEyeOfRa12|Unleash pillars of light in a narrow line each dealing damage over time and slowing on hit. ||||在狹窄的直線上釋放光柱，每根光柱都會隨著時間的推移造成傷害，並在擊中時減速。||||
subDescNomadEyeOfRa13|Unleash multiple light pillars orbiting you dealing increased damage.||||釋放多個圍繞你旋轉的光柱，造成更高的傷害。||||
subDescNomadEyeOfRa14|Eye of Ra unleashes a storm of light pillars at the last target. ||||拉之眼向最後一個目標釋放出一道光柱風暴。||||
subNomadFlyingScimitar01|Afterslice||||切割後||||
subNomadFlyingScimitar02|Sharpened Blade||||鋒利刀刃||||
subNomadFlyingScimitar03|Slice and Flight||||飛形切割||||
subNomadFlyingScimitar04|Widened Blade||||加寬刀片||||
subNomadFlyingScimitar05|Blade´s Vengeance||||刀刃復仇||||
subNomadFlyingScimitar06|Rupturing Flyby||||破裂飛越||||
subNomadFlyingScimitar07|Scimitar´s Edge||||彎刀之刃||||
subNomadFlyingScimitar08|Maiming Scimitar||||致殘彎刀||||
subNomadFlyingScimitar09|Last Wish||||最後願望||||
subNomadFlyingScimitar10|Salted Blade||||鹽漬刀片||||
subNomadFlyingScimitar11|Flying Swarm||||飛群||||
subNomadFlyingScimitar12|Sticking Blade||||黏刀片||||
subNomadFlyingScimitar13|League of Nomad||||遊牧聯盟||||
subNomadFlyingScimitar14|Orbital Blade Strike||||環繞刀鋒打擊||||
subDescNomadFlyingScimitar01|Chance on attack to cast another scimitar.||||攻擊時有機率施展另一把彎刀。||||
subDescNomadFlyingScimitar02|Increases the damage dealt by flying scimitar.||||增加飛行彎刀造成的傷害。||||
subDescNomadFlyingScimitar03|Increases the projectile speed of flying scimitar.||||增加飛行彎刀的投射物速度。||||
subDescNomadFlyingScimitar04|Increases the size of the scimitars.||||增加彎刀的尺寸。||||
subDescNomadFlyingScimitar05|Returning scimitars pull enemies towards you with a chance to slow them.||||返回的彎刀將敵人拉向你，並有機率減慢他們的速度。||||
subDescNomadFlyingScimitar06|Chance on attack for flying scimitar to inflict bleeding on hit.||||飛行彎刀攻擊時有幾率造成擊中出血。||||
subDescNomadFlyingScimitar07|Increases critical strike chance when using flying scimitar.||||使用飛行彎刀時增加暴擊率。||||
subDescNomadFlyingScimitar08|Increases critical strike damage dealt by flying scimitar.||||增加飛行彎刀造成的暴擊傷害。||||
subDescNomadFlyingScimitar09|Flying scimitar now executes targets below a certain percentage of life.||||飛行彎刀現在可以處決生命低於一定百分比的目標。||||
subDescNomadFlyingScimitar10|Increases damage to bleeding targets.||||增加流血目標的傷害。||||
subDescNomadFlyingScimitar11|Throw multiple smaller scimitars with decreased damage.||||投擲多把較小的彎刀，傷害減少。||||
subDescNomadFlyingScimitar12|Scimitars now attach to the first target for a short period dealing damage over time and returning back to the nomad.||||彎刀現在會在短時間內附著在第一個目標上，隨著時間的推移造成傷害並返回遊牧者身上。||||
subDescNomadFlyingScimitar13|Scimitars now return to their spawning location. Successfully catching the returning scimitars increases your damage for a short period.||||彎刀現在返回其生成位置。成功接住返回的彎刀會在短時間內增加你的傷害。||||
subDescNomadFlyingScimitar14|Scimitars are now spawned in a circle around the nomad with increased projectile speed and pulled back dealing increased damage. Scimitar Throw now has a cooldown.||||彎刀現在會在遊牧者周圍生成一圈，投射物速度增加，並向後拉，造成更大的傷害。彎刀投擲現在有冷卻時間。||||
subNomadChainSlice01|Slice and Dice||||切割骰子||||
subNomadChainSlice02|Slicing Accuracy||||精準切割||||
subNomadChainSlice03|Penetrating Flesh||||穿透肉體||||
subNomadChainSlice04|Field Cover||||覆蓋領域||||
subNomadChainSlice05|Vagabond Quickblades||||流浪者快刃||||
subNomadChainSlice06|Extended Blade||||加長刀刃||||
subNomadChainSlice07|Poisoned Shiv||||中毒匕首||||
subNomadChainSlice08|Master Slicer||||切割大師||||
subNomadChainSlice09|Agile Footwork||||敏捷步法||||
subNomadChainSlice10|Infected Wounds||||感染傷口||||
subNomadChainSlice11|Bloodburn||||血燒||||
subNomadChainSlice12|Ghost Blade||||幽靈刀刃||||
subNomadChainSlice13|Critical Shred||||關鍵碎片||||
subNomadChainSlice14|Chainception||||連鎖感悟||||
subDescNomadChainSlice01|Increases the amount of bounces for chainslice.||||增加連鎖切片的反彈次數。||||
subDescNomadChainSlice02|Increases attack rating when using chainslice.||||使用連鎖切片時提高攻擊命中率。||||
subDescNomadChainSlice03|Inflict armor break on hit.||||擊中時造成護甲破壞。||||
subDescNomadChainSlice04|Increases the range of chainslice.||||增加連鎖切片的距離。||||
subDescNomadChainSlice05|Increases the projectile speed of chainslice.||||提高連鎖切片的投射物速度。||||
subDescNomadChainSlice06|Increases the size of chainslice.||||增加連鎖切片的大小。||||
subDescNomadChainSlice07|Chance on hit to inflict poisoned.||||擊中時有幾率造成中毒。||||
subDescNomadChainSlice08|Increases damage dealt by chainslice.||||增加鏈鋸​​造成的傷害。||||
subDescNomadChainSlice09|Decreases movement diminish when using chainslice.||||使用連鎖切片時，移動會減少。||||
subDescNomadChainSlice10|Increases damage dealt to poisoned targets.||||增加對中毒目標造成的傷害。||||
subDescNomadChainSlice11|Unleash small blood novas on hit dealing increased damage.||||擊中時釋放小型血新星，造成更高傷害。||||
subDescNomadChainSlice12|Each chainslice hit scatters a flying blade spawning a phantom blade when landing.||||每一次連鎖切片攻擊都會打散一把飛行的刀刃，並在著陸時生成一把幻影刀刃。||||
subDescNomadChainSlice13|When chainslice critically strikes it sends out additional scimitars in all directions.||||當連鎖切片造成致命一擊時，它會向各個方向發出額外的彎刀。||||
subDescNomadChainSlice14|Chance on hit to release an additional chainslice.||||命中時有機率釋放額外的連鎖切片。||||
subNomadScimitarCharge01|Sharpened Dash||||銳化衝刺||||
subNomadScimitarCharge02|Whirling Radius||||旋轉半徑||||
subNomadScimitarCharge03|Lethal Reach||||致命範圍||||
subNomadScimitarCharge04|Dashing Reflexes||||敏捷反應||||
subNomadScimitarCharge05|Keep the Distance||||保持距離||||
subNomadScimitarCharge06|Deadly Rush||||致命衝鋒||||
subNomadScimitarCharge07|Mind Over Matter||||思想高於物質||||
subNomadScimitarCharge08|Doubleslash||||雙斜線||||
subNomadScimitarCharge09|Debilitating Swirl||||虛弱漩渦||||
subNomadScimitarCharge10|Unhinged Slash||||精神錯亂斬擊||||
subNomadScimitarCharge11|Scimitar Storm||||彎刀風暴||||
subNomadScimitarCharge12|Slow Painful Death||||緩慢痛苦的死亡||||
subNomadScimitarCharge13|Static Blade Vortex||||靜態刀刃漩渦||||
subNomadScimitarCharge14|Phantom Charge||||幻象衝鋒||||
subDescNomadScimitarCharge01|Increases damage dealt by scimitar charge.||||增加彎刀衝鋒造成的傷害。||||
subDescNomadScimitarCharge02|Increases the area of effect radius of scimitar charge.||||增加彎刀衝鋒的效果範圍。||||
subDescNomadScimitarCharge03|Increases the traveling distance of scimitar charge.||||增加彎刀衝鋒的移動距離。||||
subDescNomadScimitarCharge04|Increases attack rating when using scimitar charge.||||使用彎刀衝鋒時增加攻擊命中率。||||
subDescNomadScimitarCharge05|Knock monsters back dealing increased damage on hit.||||將怪物擊退，擊中時造成更多傷害。||||
subDescNomadScimitarCharge06|Increases travel speed when using scimitar charge.||||使用彎刀衝鋒時提高行進速度。||||
subDescNomadScimitarCharge07|Decreases the mana cost of scimitar charge.||||降低彎刀衝鋒的法力消耗。||||
subDescNomadScimitarCharge08|Chance to swirl an additional time on hit.||||擊中時有機率額外旋轉一次。||||
subDescNomadScimitarCharge09|Chance to stun monsters on hit.||||擊中時有機率擊暈怪物。||||
subDescNomadScimitarCharge10|Increases damage dealt to stunned targets.||||增加對暈眩目標造成的傷害。||||
subDescNomadScimitarCharge11|Throw multiple scimitars in a circle around you on hit.||||擊中時將多把彎刀丟到你周圍一圈。||||
subDescNomadScimitarCharge12|Deal a portion of your damage as bleeding with increased effectiveness.||||將你的部分傷害以流血的形式處理，並提高效果。||||
subDescNomadScimitarCharge13|Scimitar charge now slows enemies on hit leaving behind a pulsating whirl for a short period.||||彎刀衝鋒現在會減慢擊中敵人的速度，並在短時間內留下脈動的旋轉。||||
subDescNomadScimitarCharge14|Mark the point of impact sending phantom nomads from random directions towards the mark casting scimitar charge for a short period.||||標記撞擊點，在短時間內幻影游牧者會從隨機方向向標記施放彎刀衝鋒發送。||||
subNomadPhantomBlade01|Paranormal Activity||||超自然活動||||
subNomadPhantomBlade02|Phantom Agility||||幻影敏捷||||
subNomadPhantomBlade03|Dimensional Intellect||||維度智力||||
subNomadPhantomBlade04|Ghostly Reach||||幽靈到達||||
subNomadPhantomBlade05|Malicious Essence||||惡意精華||||
subNomadPhantomBlade06|Essence of Time||||時間本質||||
subNomadPhantomBlade07|Malevolent Pulse||||惡毒脈衝||||
subNomadPhantomBlade08|Twice The Price||||價格翻倍||||
subNomadPhantomBlade09|Ghost Dimension||||幽靈維度||||
subNomadPhantomBlade10|Psychosis||||精神錯亂||||
subNomadPhantomBlade11|Spirit Blades||||靈魂之刃||||
subNomadPhantomBlade12|Terrorized Mind||||恐懼心靈||||
subNomadPhantomBlade13|Spectral Ghostblade||||幽鬼之刃||||
subNomadPhantomBlade14|Dimensional Ghostblade||||次元鬼刃||||
subDescNomadPhantomBlade01|Increases the maximum amount of phantom blades.||||增加幻影之刃的最大數量。||||
subDescNomadPhantomBlade02|Increases the attack speed of phantom blades.||||增加幻影之刃的攻擊速度。||||
subDescNomadPhantomBlade03|Decreases the mana cost of phantom blade.||||降低幻影之刃的法力消耗。||||
subDescNomadPhantomBlade04|Increases the attack range of phantom blades.||||增加幻影之刃的攻擊距離。||||
subDescNomadPhantomBlade05|Increases the damage dealt by phantom blades.||||增加幻影之刃造成的傷害。||||
subDescNomadPhantomBlade06|Increases the duration of phantom blade.||||增加幻影之刃的持續時間。||||
subDescNomadPhantomBlade07|Increases the area of effect radius of phantom blades attacks.||||增加幻影之刃攻擊的範圍效果。||||
subDescNomadPhantomBlade08|Chance for phantomblades to swing an additional time on hit.||||幻影之刃有幾率在擊中時會額外揮動一次。||||
subDescNomadPhantomBlade09|Inflicts arcane break on hit.||||擊中時造成奧術破壞。||||
subDescNomadPhantomBlade10|Inflicts bleeding on hit.||||擊中時造成流血。||||
subDescNomadPhantomBlade11|Phantom blades now orbit you and attack the closest monsters.||||幻影之刃現在圍繞著你旋轉並攻擊最近的怪物。||||
subDescNomadPhantomBlade12|When a phantom blade strikes a bleeding target the bleeding is consumed unleashing a vorpal pulse dealing increased damage based on the bleeding value.||||當幻影之刃擊中流血目標時，流血會被消耗，並釋放出斬首脈衝，根據流血值造成更多傷害。||||
subDescNomadPhantomBlade13|Phantom blades deal increased damage based on your energy.||||幻影之刃會根據你的能量造成更高的傷害。||||
subDescNomadPhantomBlade14|Phantom blades no longer attack but throw flying scimitars with increased damage.||||幻影之刃不再攻擊，而是投擲飛行彎刀，傷害增加||||
subRedneckMoonshineMolotov01|Extra Gasoline||||額外汽油||||
subRedneckMoonshineMolotov02|Double Bourbon||||雙波本威士忌||||
subRedneckMoonshineMolotov03|Wider Flames||||廣域火焰||||
subRedneckMoonshineMolotov04|Scorching Collision||||灼熱碰撞||||
subRedneckMoonshineMolotov05|Gas Leak||||瓦斯洩漏||||
subRedneckMoonshineMolotov06|Oil Spilled Flask||||漏油燒瓶||||
subRedneckMoonshineMolotov07|Burn The Demons||||燃燒惡魔||||
subRedneckMoonshineMolotov08|Redeeming Flames||||救贖之火||||
subRedneckMoonshineMolotov09|Bottle Flip||||瓶子翻轉||||
subRedneckMoonshineMolotov10|Resilient Liquid||||彈性液體||||
subRedneckMoonshineMolotov11|Heated Melting Point||||加熱熔點||||
subRedneckMoonshineMolotov12|Set The World On Fire!||||點燃世界!||||
subRedneckMoonshineMolotov13|Flaming Tar||||燃燒焦油||||
subRedneckMoonshineMolotov14|Blazing Trail of Flames||||熾熱火焰軌跡||||
subDescRedneckMoonshineMolotov01|Increased damage.||||傷害增加。||||
subDescRedneckMoonshineMolotov02|Chance to throw an additional molotov.||||有機率投擲額外的私釀燃燒瓶。||||
subDescRedneckMoonshineMolotov03|Increases flame radius.||||增加火焰範圍。||||
subDescRedneckMoonshineMolotov04|Direct hits with the molotov breaks monsters fire resistances.||||用燃燒瓶直接命中會破壞怪物的火焰抗性。||||
subDescRedneckMoonshineMolotov05|Molotovs leave a small trail of fire as they travel.||||燃燒瓶在行進時會留下一小段火痕。||||
subDescRedneckMoonshineMolotov06|Chance for molotovs to spill oil around them.||||燃燒瓶有機率在其周圍洩漏石油。||||
subDescRedneckMoonshineMolotov07|Inflicts burning on hit.||||擊中時造成燃燒。||||
subDescRedneckMoonshineMolotov08|Increases the amount of spills from moonshine molotov.||||增加私釀燃燒瓶的數量。||||
subDescRedneckMoonshineMolotov09|Molotovs now bounce once when they hit the ground redirecting them towards the closest enemy.||||現在，燃燒彈落地時會反彈一次，將其重新引導至最近的敵人。||||
subDescRedneckMoonshineMolotov10|Increases the duration of flames.||||增加火焰的持續時間。||||
subDescRedneckMoonshineMolotov11|Moonshine molotovs now ignite into blue flames increasing its damage significantly.||||私釀燃燒瓶現在會點燃藍色火焰，顯著增加其傷害。||||
subDescRedneckMoonshineMolotov12|Throw multiple molotovs around you for a short period setting the world ablaze. Moonshine molotov now has a cooldown.||||在短時間內向你周圍投擲多個燃燒瓶，讓世界著火。私釀燃燒瓶現在有冷卻時間。||||
subDescRedneckMoonshineMolotov13|Direct hits cause enemies to leave a trail of fire wherever they go damaging other nearby enemies dealing increased damage and inflicting burning.||||直接命中會導致敵人無論走到哪裡都會留下一道火痕，對附近的其他敵人造成傷害並造成燃燒。||||
subDescRedneckMoonshineMolotov14|Molotov now bounces additional times from the ground spilling small flames around.||||燃燒瓶現在會從地面上彈起更多次，並在周圍濺出小火焰。||||
subRedneckPipebombs01|Stacked Bag||||摺疊包||||
subRedneckPipebombs02|Lowered Weight||||重量減輕||||
subRedneckPipebombs03|TNT Mass||||大量TNT||||
subRedneckPipebombs04|Bomberman||||炸彈人||||
subRedneckPipebombs05|Splitting Explosive||||分裂炸藥||||
subRedneckPipebombs06|Wounding Blast||||傷人爆炸||||
subRedneckPipebombs07|Salt Covering||||鹽覆蓋||||
subRedneckPipebombs08|Blasting Powder||||爆破粉||||
subRedneckPipebombs09|Anti Fatigue||||疲勞抵抗||||
subRedneckPipebombs10|Upwards Pressure||||向上的壓力||||
subRedneckPipebombs11|Fiery Infusion||||注入火熱||||
subRedneckPipebombs12|Disorienting Blast||||迷失方向的爆炸||||
subRedneckPipebombs13|Eat This!||||吃這招!||||
subRedneckPipebombs14|Colossal Explosive||||巨型炸藥||||
subDescRedneckPipebombs01|Throw additional bombs.||||投擲額外的炸彈。||||
subDescRedneckPipebombs02|Increases the projectile speed of pipe bombs.||||提高管狀炸彈的投射物速。||||
subDescRedneckPipebombs03|Increases the size and explosion area of effect radius of pipe bombs.||||增加管狀炸彈的尺寸和爆炸的效果範圍。||||
subDescRedneckPipebombs04|Increases faster cast rate when using pipe bombs.||||提高使用管狀炸彈時的施法速度。||||
subDescRedneckPipebombs05|Chance on hit to split into multiple pipe bombs.||||擊中時有機率分裂成多個管狀炸彈。||||
subDescRedneckPipebombs06|Inflicts bleeding on hit.||||擊中時造成流血。||||
subDescRedneckPipebombs07|Increases damage dealt to bleeding targets.||||增加流血目標造成的傷害。||||
subDescRedneckPipebombs08|Increases the damage dealt by pipe bombs.||||增加管狀炸彈造成的傷害。||||
subDescRedneckPipebombs09|Decreases the mana cost of pipe bombs.||||降低管狀炸彈的法力消耗。||||
subDescRedneckPipebombs10|Chance on hit to knock up monsters dealing additional damage.||||擊中時有幾率擊飛怪物，造成額外傷害。||||
subDescRedneckPipebombs11|Pipe bombs now leave burning flames on the ground with increased damage and area of effect radius.||||管狀炸彈現在會在地面上留下燃燒的火焰，傷害和效果範圍都會增加。||||
subDescRedneckPipebombs12|Knock monsters back with massive power causing them to take additional damage and be stunned when hitting terrain.||||用巨大的力量擊退怪物，使它們在撞擊地形時受到額外傷害並被擊暈。||||
subDescRedneckPipebombs13|Throw a single pipe bomb with force unleashing multiple pipe bombs in a circle around the impact point.||||用力投擲一枚管狀炸彈，在彈著點周圍釋放多枚管狀炸彈。||||
subDescRedneckPipebombs14|Throw a giant pipe bomb that bounces multiple times dealing increased damage. Each bounce it shrinks in size and deals less damage until it vanishes.||||投擲一枚巨大的管狀炸彈，它會反彈多次，造成更大的傷害。每次反彈後尺寸都會縮小，造成的傷害也會減少，直到消失。||||
subRedneckTireFire01|Tire Density||||輪胎密度||||
subRedneckTireFire02|Increased Stock||||庫存增加||||
subRedneckTireFire03|Scaling Up||||擴大規模||||
subRedneckTireFire04|Hard Hitter||||強力擊球手||||
subRedneckTireFire05|Bouncy Tire||||彈性輪胎||||
subRedneckTireFire06|Flaming Tire||||燃燒的輪胎||||
subRedneckTireFire07|Overheated||||過熱||||
subRedneckTireFire08|The Machinist||||機械師||||
subRedneckTireFire09|Oily Tire||||油性輪胎||||
subRedneckTireFire10|Impact Angle||||衝擊角||||
subRedneckTireFire11|Monster Truck Tire||||怪物卡車輪胎||||
subRedneckTireFire12|Mini Tires||||迷你輪胎||||
subRedneckTireFire13|Donuts||||甜甜圈||||
subRedneckTireFire14|Loose Tire||||輪胎鬆動||||
subDescRedneckTireFire01|Increases the damage dealt by tire fire.||||增加火焰輪胎造成的傷害。||||
subDescRedneckTireFire02|Increases the projectile speed of tire fire.||||增加火焰輪胎的投射物速度。||||
subDescRedneckTireFire03|Increases the size of tires.||||增加輪胎尺寸。||||
subDescRedneckTireFire04|Knocks monsters back with increased damage.||||以增加的傷害擊退怪物。||||
subDescRedneckTireFire05|Tires now bounce over gaps and short terrain dealing a damaging area of effect pulse when landing.||||輪胎現在在間隙和短地形上彈跳，在著陸時造成破壞性的效果脈衝區域。||||
subDescRedneckTireFire06|Inflicts burning on hit.||||擊中時造成燃燒。||||
subDescRedneckTireFire07|Increases damage dealt to burning targets.||||增加對燃燒目標造成的傷害。||||
subDescRedneckTireFire08|Increases faster cast rate when casting tire fire.||||提高施放火焰輪胎時的施法速度。||||
subDescRedneckTireFire09|Tire now leaves a trail of oil behind with increased radius.||||輪胎現在會留下一條半徑更大的油跡。||||
subDescRedneckTireFire10|Tires now bounce off of high terrain and environment increasing its damage per impact.||||輪胎現在從高地形和環境中彈起，增加了每次撞擊的損壞。||||
subDescRedneckTireFire11|Now sends out a big monster truck tire stunning and knocking monsters up on hit dealing increased damage. Tire fire now has a cooldown.||||現在發出一個巨大的怪物卡車輪胎，擊中怪物時會眩暈並擊倒怪物，造成更大的傷害。火焰輪胎現在有冷卻時間。||||
subDescRedneckTireFire12|Now send out multiple smaller tires in an arc.||||現在以弧形的方式發出多個較小的輪胎。||||
subDescRedneckTireFire13|Tires now spiral outwards inflicting fire break on hit.||||輪胎現在向外螺旋，在撞擊時造成火災。||||
subDescRedneckTireFire14|Send out a bouncing tire dealing increased area of effect damage every time it lands.||||發射一個彈跳輪胎，每次落地時都會造成更大範圍的傷害。||||
subRedneckPickupRaid01|Ignition||Ignição|Зажигание|點燃|イグニッション|점화|Zündung|Allumage|Ignición|Zapłon
subRedneckPickupRaid02|Oil Leak||Vazamento de Óleo|Утечка масла|漏油|オイルリーク|오일 누출|Ölleck|Fuite d’huile|Fuga de aceite|Wyciek Oleju
subRedneckPickupRaid03|Napalm Filling||Enchimento de Napalm|Билли и Маленький Боб|填充凝固汽油彈|ビリー＆リトルボブ|빌리와 리틀 밥|Napalm-Füllung|Remplissage de napalm|Relleno de napalm|Wypełnienie Napalmem
subRedneckPickupRaid04|V12 Engine||Motor V12|Разбивающие снаряды|V12引擎|シャッタリングシェルズ|산산이 조각난 포탄|V12-Motor|Moteur V12|Motor V12|Silnik V12
subRedneckPickupRaid05|Shattering Shells||Estilhaçamento de Projéteis|Двигатель V12|粉碎之殼|V12エンジン|V12 엔진|Zerberstende Hüllen|Coques brisantes|Carcasas destrozadoras|Rozbijające się Pociski
subRedneckPickupRaid06|Speed Dial||Discagem Rápida|Муншайн Майлз|速度表|ムーンシャインマイルズ|문샤인 마일|Geschwindigkeitswahl|Cadran de vitesse|Dial de velocidad|Szybkościomierz
subRedneckPickupRaid07|Billy & Little Bob||Billy e Little Bob|Заполнение напалмом|比利和小鮑勃|ネイパムフィリング|네이팜탄 충전|Billy & Little Bob|Billy & Little Bob|Billy & Little Bob|Billy i Mały Bob
subRedneckPickupRaid08|Double Barrel||Canhão Duplo|Потрескивающий огонь|雙管|クラックリングファイア|타닥거리는 불|Doppellauf|Double canon|Doble cañón|Podwójna Lufa
subRedneckPickupRaid09|Moonshine Miles||Milhas de Moonshine|Быстрый набор|月光英里|スピードダイヤル|속도계|Moonshine-Meilen|Miles de moonshine|Millas de moonshine|Mile Moonshine
subRedneckPickupRaid10|Crackling Fire||Fogo Crepitante|Двойной ствол|爆裂火焰|ダブルバレル|더블 배럴|Knisterndes Feuer|Feu crépitant|Fuego crepitante|Trzaskający Ogień
subRedneckPickupRaid11|Suicide Squad||Esquadrão Suicida|Отряд Самоубийц|自殺小隊|スーサイドスクワッド|슈어사이드 스쿼드|Selbstmordkommando|Escouade suicide|Escuadrón suicida|Samobójczy Oddział
subRedneckPickupRaid12|Freedom Convoy||Comboio da Liberdade|Конвой Свободы|自由車隊|フリーダムコンボイ|프리덤 컨보이|Freiheitskonvoi|Convoi de la liberté|Convoy de la libertad|Konwój Wolności
subRedneckPickupRaid13|Drunken Air Raid||Ataque Aéreo Bêbado|Пьяный воздушный налет|醉酒空襲|ドランケンエアレイド|취한 공습|Betrunkener Luftangriff|Raid aérien ivre|Incursión aérea ebria|Pijany Nalot Powietrzny
subRedneckPickupRaid14|Tarethiel MC||Tarethiel MC |Таретиэль MC|塔雷希爾摩托俱樂部|タレシエルMC|타레시엘 MC|Tarethiel MC|Tarethiel MC|Tarethiel MC|Tarethiel MC
subDescRedneckPickupRaid01|Increases the damage dealt by pickup raid.||Aumenta o dano causado pelo ataque com caminhonete.|Увеличивает урон, наносимый при налете.|增加皮卡襲擊造成的傷害。|ピックアップレイドの与えるダメージを増加させる。|픽업 레이드가 입히는 피해 증가.|Erhöht den Schaden, den der Pickup-Überfall verursacht.|Augmente les dégâts infligés par le raid de pick-up.|Aumenta el daño infligido por la incursión de pick-up.|Zwiększa obrażenia zadawane przez pickup raid.
subDescRedneckPickupRaid02|All raid participants leak oil on the ground.||Todos os participantes do ataque derramam óleo no chão.|Все участники рейда пролили масло на землю.|所有突襲參與者都將石油洩漏到地面上。|レイド参加者全員が地面にオイルを漏らす。|모든 레이드 참가자가 땅에 오일을 흘림.|Alle Überfallteilnehmer hinterlassen Öl auf dem Boden.|Tous les participants au raid laissent de l’huile sur le sol.|Todos los participantes de la incursión dejan aceite en el suelo.|Wszyscy uczestnicy rajdu wyciekają olej na ziemię.
subDescRedneckPickupRaid03|Increases damage dealt to burning targets.||Aumenta o dano causado a alvos em chamas.|Добавляет в рейд по поиску пассажиров мотоциклиста, стреляющего картечью.|增加對燃燒目標造成的傷害。|ピックアップレイドにオートバイライダーを追加し、バックスショットを発射する。|픽업 레이드에 벅샷을 발사하는 오토바이 라이더를 추가.|Erhöht den Schaden gegen brennende Ziele.|Augmente les dégâts infligés aux cibles brûlées.|Aumenta el daño infligido a objetivos quemados.|Zwiększa obrażenia zadawane palącym się celom.
subDescRedneckPickupRaid04|Increases travel speed of all raid members.||Aumenta a velocidade de deslocamento de todos os membros do ataque.|Выстрелы картечью из мотоцикла теперь вызывают разрыв огня при попадании.|提高所有襲擊成員的移動速度。|オートバイライダーのバックスショットは命中時にファイアブレイクを付与する。|오토바이 라이더의 벅샷이 이제 명중 시 방화선을 입힘.|Erhöht die Reisegeschwindigkeit aller Überfallmitglieder.|Augmente la vitesse de déplacement de tous les membres du raid.|Aumenta la velocidad de viaje de todos los miembros de la incursión.|Zwiększa prędkość podróży wszystkich członków rajdu.
subDescRedneckPickupRaid05|Buckshots from the motorcycle rider now inflict fire break on hit.||Os tiros de espingarda do motociclista agora causam queimaduras ao atingir o alvo.|Увеличивает скорость передвижения всех участников рейда.|摩托車騎士的鉛彈現在會在擊中時造成火焰破壞。|レイドメンバー全員の移動速度を増加させる。|모든 레이드 멤버의 이동 속도 증가.|Schrotladungen des Motorradfahrers fügen bei Treffer Feuerbruch zu.|Les chevrotines du motard infligent désormais un bris de feu au coup.|Los perdigones del motorista ahora infligen bris de fuego al impactar.|Buckshoty z motocyklisty teraz nakładają fire break przy trafieniu.
subDescRedneckPickupRaid06|Decreases the cooldown of pickup raid.||Diminui o tempo de recarga do ataque com caminhonete.|Добавляет в рейд по поиску врагов деревянный самолет, сбрасывающий бомбы, наносящие урон по области.|減少皮卡襲擊的冷卻時間。|ピックアップレイドに木製の飛行機を追加し、範囲ダメージを与える爆弾を落とす。|픽업 레이드에 지역 효과 피해를 입히는 폭탄을 투하하는 나무 비행기 추가.|Verringert die Abklingzeit des Pickup-Überfalls.|Diminue le temps de recharge du raid de pick-up.|Reduce el tiempo de reutilización de la incursión de pick-up.|Zmniejsza cooldown pickup raid.
subDescRedneckPickupRaid07|Adds a motorcycle rider to the pickup raid firing buckshots.||Adiciona um motociclista ao ataque com caminhonete, disparando espingardas.|Увеличивает урон, наносимый горящим целям.|在皮卡突襲中添加一名摩托車騎手，他使用霰彈槍射擊。|燃焼状態の対象へのダメージを増加させる。|불타는 대상에게 입히는 피해 증가.|Fügt dem Pickup-Überfall einen Motorradfahrer hinzu, der Schrotladungen abfeuert.|Ajoute un motard au raid de pick-up qui tire des chevrotines.|Añade un motorista a la incursión de pick-up que dispara perdigones.|Dodaje motocyklistę do pickup raid strzelającego buckshotami.
subDescRedneckPickupRaid08|Pickup truck now fires additional projectiles.||A caminhonete agora dispara projéteis adicionais.|Бомбы, сброшенные деревянным самолетом, теперь вызывают ожоги при попадании.|皮卡車現在可以發射額外的投射物。|木製飛行機が落とす爆弾は命中時に燃焼を付与する。|나무 비행기가 투하한 폭탄이 이제 명중 시 불타오르게 함.|Der Pickup-Truck feuert nun zusätzliche Projektile ab.|Le pick-up tire désormais des projectiles supplémentaires.|La camioneta ahora dispara proyectiles adicionales.|Pickup truck teraz wystrzeliwuje dodatkowe pociski.
subDescRedneckPickupRaid09|Adds a wooden airplane to the pickup raid dropping bombs dealing area of effect damage.||Adiciona um avião de madeira ao ataque com caminhonete, lançando bombas que causam dano em área.|Уменьшает время восстановления рейда по подбору предметов.|在皮卡突襲中增加一架木製飛機，投擲炸彈造成範圍傷害。|ピックアップレイドのクールダウンを減少させる。|픽업 레이드의 재사용 대기시간 감소.|Fügt dem Pickup-Überfall ein hölzernes Flugzeug hinzu, das Bomben abwirft und Flächenschaden verursacht.|Ajoute un avion en bois au raid de pick-up qui largue des bombes infligeant des dégâts de zone d’effet.|Añade un avión de madera a la incursión de pick-up que deja caer bombas infligiendo daño de área de efecto.|Dodaje drewniany samolot do pickup raid zrzucający bomby zadające obrażenia obszarowe.
subDescRedneckPickupRaid10|Bombs dropped by the wooden airplane now inflict burning on hit.||As bombas lançadas pelo avião de madeira agora causam queimaduras ao atingir o alvo.|Пикап теперь стреляет дополнительными снарядами.|木製飛機投下的炸彈現在會造成擊中燃燒。|ピックアップトラックが追加の飛翔物を発射する。|픽업 트럭이 이제 추가 투사체를 발사함.|Die vom hölzernen Flugzeug abgeworfenen Bomben fügen bei Treffer Brennen zu.|Les bombes larguées par l’avion en bois infligent désormais une brûlure au coup.|Las bombas dejadas por el avión de madera ahora infligen quemadura al impactar.|Bomby zrzucane przez drewniany samolot teraz nakładają palenie przy trafieniu.
subDescRedneckPickupRaid11|The raid now moves towards target location exploding into multiple big explosions and truck tires rolling into all directions.||O ataque agora se move em direção ao local alvo, explodindo em múltiplas grandes explosões e com os pneus da caminhonete rolando em todas as direções.|Теперь рейд движется к намеченной цели, сопровождаясь многочисленными мощными взрывами и разлетающимися во все стороны шинами грузовиков.|攻擊現在向目標位置移動，發生多次大爆炸，卡車輪胎滾向各個方向。|レイドが目標地点へ向かい、複数の大爆発を起こし、トラックタイヤが全方向に転がる。|레이드가 이제 목표 위치로 이동하여 여러 개의 큰 폭발과 트럭 타이어가 사방으로 굴러갑니다.|Der Überfall bewegt sich nun zum Zielort und explodiert in mehrere große Explosionen, während Truck-Reifen in alle Richtungen rollen.|Le raid se déplace désormais vers l’emplacement cible en explosant en plusieurs grosses explosions tandis que des pneus de camion roulent dans toutes les directions.|La incursión ahora se mueve hacia el lugar objetivo explotando en múltiples grandes explosiones y neumáticos de camión rodando en todas las direcciones.|Rajd teraz porusza się w kierunku miejsca celu, eksplodując w wiele dużych eksplozji i toczących się opon ciężarowych we wszystkich kierunkach.
subDescRedneckPickupRaid12|Now send multiple pickup trucks.||Agora envia várias caminhonetes.|Теперь отправьте несколько пикапов.|現在派出多輛皮卡車。|複数のピックアップトラックを送る。|이제 여러 대의 픽업 트럭을 보냅니다.|Sendet nun mehrere Pickup-Trucks aus.|Envoie désormais plusieurs pick-up.|Ahora envía múltiples camionetas pick-up.|Teraz wysyła wiele pickup trucków.
subDescRedneckPickupRaid13|Now only send a raid of planes that fire projectiles and drop bombs.||Agora envia apenas um ataque de aviões que disparam projéteis e lançam bombas.|Теперь отправьте только налет самолетов, которые будут стрелять снарядами и сбрасывать бомбы.|現在襲擊只會有飛機，發射投射物並投擲炸彈。|飛行機のみのレイドを送り、飛翔物を発射し爆弾を落とす。|이제 투사체를 발사하고 폭탄을 투하하는 비행기 레이드만 보냅니다.|Sendet nun nur noch eine Flugzeugstaffel aus, die Projektile abfeuert und Bomben abwirft.|Envoie désormais uniquement une escadrille d’avions qui tirent des projectiles et larguent des bombes.|Ahora solo envía una incursión de aviones que disparan proyectiles y dejan caer bombas.|Teraz wysyła tylko rajd samolotów, które wystrzeliwują pociski i zrzucają bomby.
subDescRedneckPickupRaid14|Now only send motorcycle riders firing buckshot inflicting burning on hit.||Agora envia apenas motociclistas disparando espingardas que causam queimaduras ao atingir o alvo. |Теперь стрелять картечью теперь могут только мотоциклисты, вызывая ожоги при попадании.|現在襲擊只會有摩托車騎士，發射霰彈並命中時造成燃燒。|バックスショットを発射し燃焼を付与するオートバイライダーのみのレイドを送る。|이제 벅샷을 발사하여 적중 시 화상을 입히는 오토바이 라이더만 보냅니다.|Sendet nun nur noch Motorradfahrer aus, die Schrotladungen abfeuern und bei Treffer Brennen zufügen.|Envoie désormais uniquement des motards qui tirent des chevrotines en infligeant une brûlure au coup.|Ahora solo envía motoristas disparando perdigones infligiendo quemadura al impactar.|Teraz wysyła tylko motocyklistów strzelających buckshotami nakładającymi palenie przy trafieniu.
subRedneckChainSlash01|Wider Chain||||更寬的鏈條||||
subRedneckChainSlash02|Accelerated Chain||||加速鏈||||
subRedneckChainSlash03|Double The Logging||||雙倍記錄||||
subRedneckChainSlash04|Rupturing Slash||||破裂斬擊||||
subRedneckChainSlash05|Chaining Uppercut||||連鎖上勾拳||||
subRedneckChainSlash06|The Motor Goes BRRRRR!||||馬達發出“BRRRRR”聲!||||
subRedneckChainSlash07|Bigger Saw||||更大的鋸||||
subRedneckChainSlash08|Strengthened Bloodlust||||強化嗜血||||
subRedneckChainSlash09|Malfunctioning Chainsaw||||電鋸故障||||
subRedneckChainSlash10|Bloody Carnage||||血腥屠殺||||
subRedneckChainSlash11|Giant Slash||||巨型斬||||
subRedneckChainSlash12|Woodcutter´s Madness||||樵夫瘋狂||||
subRedneckChainSlash13|Gas To The Chainsaws||||給電鋸加油||||
subRedneckChainSlash14|Sawing Momentum||||鋸動力||||
subDescRedneckChainSlash01|Increases the attack area of effect radius of chainslaw slash.||||增加電鋸砍擊的攻擊距離和範圍效果。||||
subDescRedneckChainSlash02|Increases the damage dealt by chainsaw slash.||||增加電鋸砍擊造成的傷害。||||
subDescRedneckChainSlash03|Chance to attach an additional chainsaw on hit.||||有機率在擊中時附加一把額外的電鋸。||||
subDescRedneckChainSlash04|Chance on inflict bleeding on hit.||||擊中時有幾率造成出血。||||
subDescRedneckChainSlash05|Chance on hit to send monsters airborne dealing increased area of effect damage when landing.||||擊中時有幾率將怪物送至空中，在著陸時造成更大範圍的效果傷害。||||
subDescRedneckChainSlash06|Increases chainsaw slash attack speed while wielding a chainsaw.||||揮舞電鋸時提高電鋸砍擊的攻擊速度。||||
subDescRedneckChainSlash07|Increases the area of effect radius and size of rotating chainsaws.||||增加電鋸砍擊的影響半徑和尺寸。||||
subDescRedneckChainSlash08|Increases rotating chainsaw damage and size based on your total strength.||||根據您的總力量增加電鋸砍擊的傷害和尺寸。||||
subDescRedneckChainSlash09|Chainsaws explode after expiring dealing additional damage and stunning nearby enemies.||||鏈鋸在失效後爆炸，造成額外傷害並擊暈附近的敵人。||||
subDescRedneckChainSlash10|Increases damage dealt to bleeding enemies.||||增加對流血敵人造成的傷害。||||
subDescRedneckChainSlash11|Every 4th attack unleashes a giant slash dealing increased damage and inflicting armor break.||||每第四次攻擊都會釋放一次巨大的斬擊，造成更高的傷害並造成護甲破壞。||||
subDescRedneckChainSlash12|Every 3rd hit unleashes a spinning attack with increased radius and dealing increased damage.||||每第三次攻擊都會發動旋轉攻擊，攻擊半徑更大，造成的傷害也更高。||||
subDescRedneckChainSlash13|Each target can only have one chainsaw attached to them but striking them again causes it to reset its duration, growing in size and dealing additional damage up to 10 times.||||每個目標只能連接一把電鋸，但再次擊中它們會導致其重置持續時間、體積增大並造成最多10倍的額外傷害。||||
subDescRedneckChainSlash14|Enemies killed while a chainsaw is attached to them release the chainsaws outwards. If they hit a new target, they attach themselves to them instead.||||當敵人身上掛著電鋸時，敵人就會向外釋放電鋸。如果他們擊中了新目標，他們就會依附於新目標。||||
subRedneckChainsawMassacre01|Wielding The Saw||||揮舞鋸子||||
subRedneckChainsawMassacre02|Saw Through The Woods||||穿過樹林||||
subRedneckChainsawMassacre03|Sawing Execution||||鋸切執行||||
subRedneckChainsawMassacre04|Final Stand||||站到最後||||
subRedneckChainsawMassacre05|Optimal Working Hours||||最佳工作時間||||
subRedneckChainsawMassacre06|Overtime||||隨著時間的推移||||
subRedneckChainsawMassacre07|Critical Wounding||||致命傷口||||
subRedneckChainsawMassacre08|Resilient Sustain||||彈性維持||||
subRedneckChainsawMassacre09|Logging Machine||||伐木機||||
subRedneckChainsawMassacre10|Calling in Sick||||打電話請假||||
subRedneckChainsawMassacre11|Logger´s Lil Helpers||||Logger的Lil幫手|||||
subRedneckChainsawMassacre12|Raging Sawblades||||憤怒鋸片||||
subRedneckChainsawMassacre13|Standstill Focus||||靜止焦點||||
subRedneckChainsawMassacre14|Woodcutter´s Expertise||||樵夫專業知識||||
subDescRedneckChainsawMassacre01|Increases the damage dealt by chainsaw massacre while you are wielding a chainsaw.||||增加使用電鋸武器時電鋸屠殺造成的傷害。||||
subDescRedneckChainsawMassacre02|Increases the area of effect radius of chainsaw massacre.||||增加電鋸屠殺的效果範圍。||||
subDescRedneckChainsawMassacre03|Chainsaw massacre now executes targets below a certain percentage of life.||||電鋸屠殺現在會處決生命低於一定百分比的目標。||||
subDescRedneckChainsawMassacre04|Increases damage dealt by chainsaw massacre's ending whirl.||||增加電鋸屠殺結束時旋轉造成的傷害。||||
subDescRedneckChainsawMassacre05|Decreases duration but increases damage dealt each second spent spinning.||||減少持續時間，但增加旋轉每秒造成的傷害。||||
subDescRedneckChainsawMassacre06|Increases the duration of chainsaw massacre.||||Increases the duration of chainsaw massacre.||||
subDescRedneckChainsawMassacre07|Inflicts bleeding on hit.||||擊中時造成流血。||||
subDescRedneckChainsawMassacre08|Increases your life steal and mana steal while spinning.||||旋轉時增加你的生命偷取和法力偷取。||||
subDescRedneckChainsawMassacre09|Increases spinning speed of chainsaw massacre.||||提高電鋸屠殺的旋轉速度。||||
subDescRedneckChainsawMassacre10|Decreases the duration of chainsaw massacre.||||減少電鋸屠殺的持續時間。||||
subDescRedneckChainsawMassacre11|Additionally summons multiple chainsaws that spin around you at different speeds while chainsaw massacre is active.||||當電鋸屠殺處於活動狀態時，也會召喚多個以不同速度圍繞您旋轉的電鋸。||||
subDescRedneckChainsawMassacre12|Perform the ending whirl frequently while spinning.||||旋轉時經常進行結束旋轉。||||
subDescRedneckChainsawMassacre13|Spin in place dealing increased damage. Each kill increases the area of effect radius of chainsaw massacre.||||原地旋轉造成更大傷害。每次擊殺都會增加電鋸屠殺的影響半徑。||||
subDescRedneckChainsawMassacre14|Gain absolute control of the spinning dealing increased damage and inflict bleeding on hit.||||獲得對旋轉的絕對控制，造成更高的傷害並在擊中時造成流血。||||
subRedneckRogueChainsaw01|Overheating Engine||||引擎過熱||||
subRedneckRogueChainsaw02|Ripping Impact||||撕裂衝擊||||
subRedneckRogueChainsaw03|Handling Skills||||處理技巧||||
subRedneckRogueChainsaw04|Rough Chains||||粗糙鏈條||||
subRedneckRogueChainsaw05|Engine Gone Wild||||狂野引擎||||
subRedneckRogueChainsaw06|Chaining Chainsaws||||鏈鋸||||
subRedneckRogueChainsaw07|Empty The Workbag||||清空工作包||||
subRedneckRogueChainsaw08|Ruthless Chainsaws||||無情電鋸||||
subRedneckRogueChainsaw09|Consumed Rupture||||消耗性破裂||||
subRedneckRogueChainsaw10|Full Gas Tank||||加滿油箱||||
subRedneckRogueChainsaw11|Slice Em Up!||||把它們切成薄片！||||
subRedneckRogueChainsaw12|Shredding Squad||||粉碎小隊||||
subRedneckRogueChainsaw13|Homing Chainsaws||||追蹤鏈鋸||||
subRedneckRogueChainsaw14|Circle of Cutting||||圓形切割||||
subDescRedneckRogueChainsaw01|Increases the spinning speed of rogue chainsaws.||||提高流氓電鋸的旋轉速度。||||
subDescRedneckRogueChainsaw02|Chance to inflict bleeding on hit.||||擊中時有機率造成流血。||||
subDescRedneckRogueChainsaw03|Increases the cast rate of rogue chainsaw while wielding a chainsaw.||||提高使用電鋸時流氓電鋸的施法速度。||||
subDescRedneckRogueChainsaw04|Increases the damage dealt by rogue chainsaw.||||增加流氓電鋸造成的傷害。||||
subDescRedneckRogueChainsaw05|When expiring, the chainsaws launch into the direction they are facing, dealing additional damage and bouncing off of terrain.||||技能結束時，電鋸會向其面對的方向發射，造成額外傷害並從地形上彈起。||||
subDescRedneckRogueChainsaw06|Chainsaws have a chance to chain when they first hit an enemy.||As motosserras lançadas têm chance de encadear ao atingir um inimigo pela primeira vez.|Запущенные бензопилы имеют шанс зацепиться при первом попадании во врага.|電鋸在首次擊中敵人時有機率產生連鎖。|飛び出したのこぎりは敵に初めて当たった時に連鎖することがある。|발사된 사슬 톱은 적을 처음 타격할 때 사슬을 걸 확률이 있습니다.|Die abgeschossenen Kettensägen haben eine Chance, sich beim ersten Treffer eines Feindes zu verketten.|Les scies à chaîne lancées ont une chance de s’enchaîner lorsqu’elles touchent un ennemi pour la première fois.|Las sierras lanzadas tienen probabilidad de encadenarse cuando golpean un enemigo por primera vez.|Wyrzucone piły łańcuchowe mają szansę łańcuchować przy pierwszym trafieniu w wroga.
subDescRedneckRogueChainsaw07|Chance on cast to throw additional rogue chainsaw.||||有機率投擲額外的流氓電鋸。||||
subDescRedneckRogueChainsaw08|Increases damage dealt to bleeding targets.||||增加對流血目標造成的傷害。||||
subDescRedneckRogueChainsaw09|When hitting a bleeding monster, consume the bleeding debuff and unleash an explosion of blood scaling with the bleeding damage.||||當擊中流血怪物時，消耗流血減益並依據流血傷害的縮放比例造成流血爆炸。||||
subDescRedneckRogueChainsaw10|Increases the duration of rogue chainsaws.||||增加流氓電鋸的持續時間。||||
subDescRedneckRogueChainsaw11|Chainsaws now slowly travel forward with increased size and damage.||||電鋸現在會緩慢向前移動，尺寸和傷害都會增加。||||
subDescRedneckRogueChainsaw12|Launch multiple rogue chainsaws in an arc instead of throwing them on the ground.||||以弧形的方式發射多把流氓電鋸，而不是把它們扔到地上。||||
subDescRedneckRogueChainsaw13|Rogue chainsaws now home towards the closest monster.||||流氓電鋸現在會瞄準最近的怪物。||||
subDescRedneckRogueChainsaw14|Throw multiple rogue chainsaws in a circle around you, traveling back to you upon landing.||||將多把流氓電鋸丟到你周圍一圈，落地後回到你身邊。||||
subRedneckTreeTrunkTriumph01|Splinters||||碎片||||
subRedneckTreeTrunkTriumph02|Treefall||||樹倒||||
subRedneckTreeTrunkTriumph03|Heavy Trunk||||重型行李箱||||
subRedneckTreeTrunkTriumph04|Sequoia||||紅杉||||
subRedneckTreeTrunkTriumph05|Sticking Splinters||||黏碎片||||
subRedneckTreeTrunkTriumph06|Skillfull Fall||||巧落||||
subRedneckTreeTrunkTriumph07|Sudden Treefall||||突然的樹倒||||
subRedneckTreeTrunkTriumph08|Maiming Collision||||致殘碰撞||||
subRedneckTreeTrunkTriumph09|Heavy Fall||||重重墜落||||
subRedneckTreeTrunkTriumph10|Clear The Way||||掃清道路||||
subRedneckTreeTrunkTriumph11|Stack of Trunks||||一堆樹幹||||
subRedneckTreeTrunkTriumph12|Giant Red Tree||||巨大的紅樹||||
subRedneckTreeTrunkTriumph13|Splitting Fall||||分裂墜落||||
subRedneckTreeTrunkTriumph14|Falling Forest||||墜落森林||||
subDescRedneckTreeTrunkTriumph01|Trunks have a chance to explode into multiple splinters inflicting monsters hit with bleeding for a portion of the damage.||||樹幹有機率爆炸成多個碎片，使怪物流血並造成部分傷害。||||
subDescRedneckTreeTrunkTriumph02|Chance to stun on hit.||||擊中時有機率擊暈。||||
subDescRedneckTreeTrunkTriumph03|Increases damage dealt to stunned targets.||||增加對昏迷目標造成的傷害。||||
subDescRedneckTreeTrunkTriumph04|Increases the size of tree trunks.||||增加樹幹的大小。||||
subDescRedneckTreeTrunkTriumph05|Splinters stick to monsters on hit dealing damage over time.||||碎片會黏在怪物身上，造成持續傷害。||||
subDescRedneckTreeTrunkTriumph06|Increases the damage dealt by tree trunk triumph.||||增加樹幹打擊造成的傷害。||||
subDescRedneckTreeTrunkTriumph07|Trunks have a chance to cut down another tree at a nearby enemy.||||樹幹打擊有機率砍倒另一棵樹倒向附近敵人的。||||
subDescRedneckTreeTrunkTriumph08|Inflicts arcane break on hit.||||擊中時造成奧術破壞。||||
subDescRedneckTreeTrunkTriumph09|Chance on hit to unleash a shockwave in the falling direction, dealing additional damage.||||擊中時有機率向墜落方向釋放衝擊波，造成額外傷害。||||
subDescRedneckTreeTrunkTriumph10|Decreases movement diminish when using tree trunk triumph.||||減少使用樹幹打擊時，移動速度降低的效果。||||
subDescRedneckTreeTrunkTriumph11|Cut down multiple trees in an arc.||||以弧形砍伐多棵樹。||||
subDescRedneckTreeTrunkTriumph12|Every third attack summons a gigantic trunk dealing increased damage and inflicting armor break on hit.||||每三次攻擊都會召喚一個巨大的樹幹，造成更大的傷害並在擊中時造成護甲破壞。||||
subDescRedneckTreeTrunkTriumph13|Trunks split into multiple wooden discs upon falling that chain from monsters on hit.||||當鏈條從怪物身上擊中時，樹幹會分裂成多個木盤。||||
subDescRedneckTreeTrunkTriumph14|Multiple trunks fall from the sky on target location, falling towards the nearest monster. Tree trunk triumph now has a cooldown.||||多個樹幹從天上落到目標位置，落向最近的怪物。樹幹打擊現在有冷卻時間。||||
subNecromancerBoneShred01|Endochondral Ossification||||軟骨內鈣化||||
subNecromancerBoneShred02|LRP5 Gene||||LRP5基因||||
subNecromancerBoneShred03|Remodelling||||改造||||
subNecromancerBoneShred04|Bone Disruption||||骨質破壞||||
subNecromancerBoneShred05|Osteochondroma||||骨軟骨瘤||||
subNecromancerBoneShred06|Quick Growth||||快速成長||||
subNecromancerBoneShred07|Bonerang||||白骨迴響||||
subNecromancerBoneShred08|Exposed Fracture||||暴露骨折||||
subNecromancerBoneShred09|Infected Wound||||感染傷口||||
subNecromancerBoneShred10|Bone Spurs||||骨刺||||
subNecromancerBoneShred11|Bomb of Bones||||骨頭炸彈||||
subNecromancerBoneShred12|Shattering Carcass||||破碎屍體||||
subNecromancerBoneShred13|Orbiting Remains||||環繞殘骸||||
subNecromancerBoneShred14|Skeletal Split||||骨骼分裂||||
subDescNecromancerBoneShred01|Increases the amount of bone shreds.||||增加碎骨的數量。||||
subDescNecromancerBoneShred02|Increases the damage dealt by bone shred.||||增加碎骨造成的傷害。||||
subDescNecromancerBoneShred03|Decreases mana cost when using bone shred.||||使用碎骨時降低法力消耗。||||
subDescNecromancerBoneShred04|Increases projectile speed of the bone shreds.||||增加碎骨的投射物速度。||||
subDescNecromancerBoneShred05|Chance on cast to increase the damage and size of bones.||||施法時有機率增加碎骨的傷害和大小。||||
subDescNecromancerBoneShred06|Increases cast rate when using bone shred.||||提高使用碎骨時的施法速度。||||
subDescNecromancerBoneShred07|Bone shreds now return to the necromancer dealing increased damage.||||碎骨現在會回到死靈法師身上，造成更高的傷害。||||
subDescNecromancerBoneShred08|Chance to inflict bleeding on hit.||||擊中時有機率造成流血。||||
subDescNecromancerBoneShred09|Increases damage dealt to bleeding targets.||||增加對流血目標造成的傷害。||||
subDescNecromancerBoneShred10|Chance on cast to unleash additional bone shreds.||||施法時有機率釋放額外的碎骨。||||
subDescNecromancerBoneShred11|Throw a bonebomb that explodes into an increased amount of bone shred into all directions.||||向各個方向投擲一枚骨頭炸彈，該炸彈會爆炸成更多的碎骨。||||
subDescNecromancerBoneShred12|Bone shreds now explode into piercing bone shards on hit.||||碎骨現在在擊中時會爆炸成穿透的白骨碎片。||||
subDescNecromancerBoneShred13|Bone shred now orbits the necromancer with increased damage and are sent outwards after a short period if they do not hit a target.||||碎骨現在繞著死靈法師旋轉，傷害增加，如果沒有擊中目標，會在短時間內向外發射。||||
subDescNecromancerBoneShred14|Bone shreds split into multiple piercing shreds on hit.||||碎骨在擊中時分裂成多個穿透碎片。||||
subNecromancerMeatBomb01|High Protein||||高蛋白||||
subNecromancerMeatBomb02|Far Reaching Meat||||深遠的肉||||
subNecromancerMeatBomb03|Metabolic Lump||||代謝腫塊||||
subNecromancerMeatBomb04|Cadavery||||屍體||||
subNecromancerMeatBomb05|Elastic Meat||||彈性肉塊||||
subNecromancerMeatBomb06|High Blood Pressure||||高血壓||||
subNecromancerMeatBomb07|Tossing The Meat||||拋出肉塊||||
subNecromancerMeatBomb08|Double The Meat||||雙倍肉塊||||
subNecromancerMeatBomb09|Heavy Lump of Meat||||沉重肉塊||||
subNecromancerMeatBomb10|Fleshy Leftovers||||殘羹剩飯||||
subNecromancerMeatBomb11|Strong Bones||||強健骨骼||||
subNecromancerMeatBomb12|Rotten Corpses||||腐爛屍體||||
subNecromancerMeatBomb13|Multi Lumps||||多重腫塊||||
subNecromancerMeatBomb14|Colossal Carcass||||巨大屍體||||
subDescNecromancerMeatBomb01|Increases the damage dealt by meat bomb.||||增加血肉炸彈造成的傷害。||||
subDescNecromancerMeatBomb02|Increases the cast range of meat bomb.||||增加血肉炸彈的施法範圍。||||
subDescNecromancerMeatBomb03|Recover a portion of your maximum life on hit.||||擊中時恢復部分最大生命。||||
subDescNecromancerMeatBomb04|Increases the amount of corpses created by meat bomb.||||增加血肉炸彈產生的屍體數量。||||
subDescNecromancerMeatBomb05|Meatbomb bounces off the ground dealing area of effect damage with each bounce.||||血肉炸彈從地面彈跳，每次彈跳都會造成一定的範圍傷害。||||
subDescNecromancerMeatBomb06|Increases meat bombs explosion area of effect radius.||||增加血肉炸彈爆炸區域的影響半徑。||||
subDescNecromancerMeatBomb07|Increases meat bombs traveling speed.||||增加血肉炸彈的移動速度。||||
subDescNecromancerMeatBomb08|Chance on cast to unleash an additional meat bomb.||||施放時有機率釋放一枚額外的血肉炸彈。||||
subDescNecromancerMeatBomb09|Chance on hit to stun.||||擊中時有機率造成暈眩。||||
subDescNecromancerMeatBomb10|Chance for smaller chunks of meat to explode and spawn an additional corpse.||||小塊血肉有機率爆炸並產生額外的屍體。||||
subDescNecromancerMeatBomb11|Pull nearby monsters into the explosion location.||||將附近的怪物拉到爆炸位置。||||
subDescNecromancerMeatBomb12|Converts meat bombs damage to poison inflicting poisoned. Consumed corpses unleash a poison nova.||||將血肉炸彈傷害轉化為毒素並造成中毒。被吞噬的屍體會釋放出劇毒新星。||||
subDescNecromancerMeatBomb13|Throw multiple meat bombs in an arc inflicting arcane break on hit.||||以弧形的方式投擲多個血肉炸彈，擊中時造成奧術破壞。||||
subDescNecromancerMeatBomb14|Throw a massive chunk of meat with increased size and damage sending monsters airborne dealing area of effect damage when landing.||||丟出一大塊體積更大、傷害更大的血肉炸彈，將怪物送至空中，在著陸時造成一定的範圍傷害。||||
subNecromancerPoisonBreath01|Neurotoxin||||神經毒素||||
subNecromancerPoisonBreath02|Aerial Fumes||||空氣煙霧||||
subNecromancerPoisonBreath03|Venomous Essence||||劇毒精華||||
subNecromancerPoisonBreath04|Contamination||||污染||||
subNecromancerPoisonBreath05|Acid Components||||酸性成分||||
subNecromancerPoisonBreath06|Poisonous Gas||||有毒氣體||||
subNecromancerPoisonBreath07|Vile Bacteria||||邪惡細菌||||
subNecromancerPoisonBreath08|Toxic Lungs||||劇毒肺部||||
subNecromancerPoisonBreath09|Necrotic Intellect||||死靈智慧||||
subNecromancerPoisonBreath10|Necrotic Ward||||死靈守衛||||
subNecromancerPoisonBreath11|Acid Spit||||酸性噴吐||||
subNecromancerPoisonBreath12|Bio Hazard||||生化危機||||
subNecromancerPoisonBreath13|Necrotic Tongue||||死靈之舌||||
subNecromancerPoisonBreath14|Plague Breath||||瘟疫之息||||
subDescNecromancerPoisonBreath01|Increases cast rate when using poison breath.||||提高使用劇毒吐息的施法速度。||||
subDescNecromancerPoisonBreath02|Increases the size of poison breath.||||增加劇毒吐息的大小。||||
subDescNecromancerPoisonBreath03|Inflicts poisoned on hit.||||擊中時造成中毒。||||
subDescNecromancerPoisonBreath04|Chance on hit to chain an additional breath from the target to its closest monster.||||擊中時有機率將額外的吐息從目標連接到最近的怪物。||||
subDescNecromancerPoisonBreath05|Dissolve low life monsters into pools of acid dealing additional damage and slowing on hit.||||低生命怪物將溶解到酸性池中，造成額外傷害並在擊中時減速。||||
subDescNecromancerPoisonBreath06|Increases damage dealt to poisoned targets.||||增加對中毒目標造成的傷害。||||
subDescNecromancerPoisonBreath07|Chance on hit to inflict poison break.||||擊中時有機率造成毒素破壞。||||
subDescNecromancerPoisonBreath08|Increases the damage dealt by poison breath.||||增加劇毒吐息造成的傷害。||||
subDescNecromancerPoisonBreath09|Decreases the mana cost of poison breath.||||降低劇毒吐息的法力消耗。||||
subDescNecromancerPoisonBreath10|Chance to spawn a necrotic ward on hit unleashing poison breath towards the nearest monster for a short period.||||有機率在擊中時產生一個死靈守衛，在短時間內向最近的怪物釋放劇毒吐息。||||
subDescNecromancerPoisonBreath11|Spew out multiple poison projectiles exploding into acid novas inflicting increased poisoned damage.||||噴出多枚劇毒彈，爆炸成酸液新星，造成更高的中毒傷害。||||
subDescNecromancerPoisonBreath12|Increases the size of poison breath on hit.||||增加命中時劇毒吐息的大小。||||
subDescNecromancerPoisonBreath13|Increases the length of poison breath inflicting poison break and dealing increased damage.||||增加劇毒吐息的長度，造成毒素破壞並造成更大的傷害。||||
subDescNecromancerPoisonBreath14|Unleash multiple breaths in an arc dealing increased damage.||||以弧形的方式釋放多次吐息，造成更高的傷害。||||
subNecromancerBoneSpear01|Bone Density||||骨密度||||
subNecromancerBoneSpear02|Mana Dweller||||穴居法力||||
subNecromancerBoneSpear03|Raising Spirits||||振奮精神||||
subNecromancerBoneSpear04|Bone Sling||||骨彈弓||||
subNecromancerBoneSpear05|Disease Ridden Bone||||疾病纏身之骨||||
subNecromancerBoneSpear06|Autoimmune Disease||||自體免疫疾病||||
subNecromancerBoneSpear07|Sharp Edged Bone||||尖銳之骨||||
subNecromancerBoneSpear08|Bone Conjuring||||魔術白骨||||
subNecromancerBoneSpear09|Fervoring Fever||||狂熱狂熱||||
subNecromancerBoneSpear10|Spiritual Tradeoff||||權衡精神||||
subNecromancerBoneSpear11|Impaling Spine||||刺穿脊柱||||
subNecromancerBoneSpear12|Bone Nova||||白骨新星||||
subNecromancerBoneSpear13|Plenty of Bone||||大量白骨||||
subNecromancerBoneSpear14|Bone Splinters||||骨頭碎片||||
subDescNecromancerBoneSpear01|Increases the damage dealt by bone spear.||||增加骨矛造成的傷害||||
subDescNecromancerBoneSpear02|Decreases the mana cost of bone spear.||||降低骨矛的法力消耗。||||
subDescNecromancerBoneSpear03|Chance on hit to summon a bone spirit.||||命中時有幾率召喚骨靈。||||
subDescNecromancerBoneSpear04|Increases the projectile speed of bone spear.||||增加骨矛的投射物速度||||
subDescNecromancerBoneSpear05|Chance to inflict poisoned on hit.||||擊中時有幾率造成中毒||||
subDescNecromancerBoneSpear06|Inflicts arcane break on hit.||Inflige quebra arcana ao acertar.|При попадании наносит магический удар. |擊中時造成奧術破壞。|命中時にアーケインブレイクを付与する。|명중 시 독 해제 효과 부여.|Fügt bei Treffer Arkanbruch zu.|Inflige un bris arcanique au coup.|Inflige bris arcano al impactar.|Nakłada arcane break przy trafieniu.
subDescNecromancerBoneSpear07|Chance to critically hit with increased critical strike damage.||||有機率暴擊並增加暴擊傷害。||||
subDescNecromancerBoneSpear08|Decreases movement diminish when using bone spear.||||減少使用骨矛時，移動速度降低的效果。||||
subDescNecromancerBoneSpear09|Increases damage dealt to poisoned targets.||||增加對中毒目標造成的傷害。||||
subDescNecromancerBoneSpear10|Increases damage based on your energy increasing the mana cost by a portion of your maximum mana.||Aumenta o dano com base na sua energia, aumentando o custo de mana em uma porcentagem da sua mana máxima.|Увеличивает урон на основе вашей энергии, увеличивая стоимость маны на часть вашего максимального запаса маны.|依據你的能量提高傷害，並按最大魔力的一定比例增加魔力消耗。|エネルギーに基づいてダメージを増加させ、最大マナの一部をマナコストに追加する。|최대 마나의 일부만큼 마나 소모량을 증가시켜 에너지에 따라 데미지를 증가시킵니다. |Erhöht den Schaden basierend auf deiner Energie und erhöht die Manakosten um einen Teil deines maximalen Manas.|Augmente les dégâts en fonction de votre énergie en augmentant le coût en mana d’une partie de votre mana maximal.|Aumenta el daño basado en tu energía aumentando el coste de maná por una porción de tu maná máximo.|Zwiększa obrażenia na podstawie twojej energii, zwiększając koszt many o część twojego maksymalnego many.
subDescNecromancerBoneSpear11|Throw a colossal bone spear dealing increased damage and knocking up monsters on hit.||||投擲巨大的骨矛，造成更高的傷害，並擊飛怪物。||||
subDescNecromancerBoneSpear12|Bone spear now explodes into a bone nova on hit dealing increased damage and stunning on hit.||||骨矛現在會在擊中時爆炸成白骨新星，造成更高的傷害並擊中時造成暈眩。||||
subDescNecromancerBoneSpear13|Throw multiple smaller bone spears in an arc.||||將多個較小的骨矛以弧形的方式投擲。||||
subDescNecromancerBoneSpear14|Bone spears split into multiple smaller bone spears on hit.||||骨矛在擊中時分裂成多個較小的骨矛。||||
subNecromancerCorpseExplosion01|Volatile Magic||||揮發性魔法||||
subNecromancerCorpseExplosion02|Violent Burst||||暴力爆發||||
subNecromancerCorpseExplosion03|Channeling Necromancy||||引導死靈法術||||
subNecromancerCorpseExplosion04|Reaching Conduit||||噴泉範圍||||
subNecromancerCorpseExplosion05|Homunculus||||侏儒||||
subNecromancerCorpseExplosion06|Reaper Within||||內在收割||||
subNecromancerCorpseExplosion07|Rush from the Harvest||||匆忙收割||||
subNecromancerCorpseExplosion08|Unfair Advantage||||不公平優勢||||
subNecromancerCorpseExplosion09|Presence of the Lich||||巫妖的存在||||
subNecromancerCorpseExplosion10|Assured Passing||||確保穿越||||
subNecromancerCorpseExplosion11|Convergence||||收斂||||
subNecromancerCorpseExplosion12|Dissolvant Solution||||溶劑溶液||||
subNecromancerCorpseExplosion13|Devouring Aura||||吞噬光環||||
subNecromancerCorpseExplosion14|Lich's Command||||巫妖命令||||
subDescNecromancerCorpseExplosion01|Increases the explosion area of effect radius of corpse explosion.||||增加屍爆的爆炸範圍和影響半徑。||||
subDescNecromancerCorpseExplosion02|Chance to critically hit with increased critical strike damage.||||有機率造成暴擊並增加暴擊傷害。||||
subDescNecromancerCorpseExplosion03|Increases maximum cast range of corpse explosion.||||增加屍爆的最大施法範圍。||||
subDescNecromancerCorpseExplosion04|Increases the area of effect radius of corpse explosion.||||增加屍爆的影響範圍半徑。||||
subDescNecromancerCorpseExplosion05|Corpses spawned from meat bomb causes corpse explosions to deal additional damage.||||屍爆會對肉彈產生的屍體造成額外傷害。||||
subDescNecromancerCorpseExplosion06|Increases the damage dealt by corpse explosion.||||增加屍爆造成的傷害。||||
subDescNecromancerCorpseExplosion07|Exploding a corpse gives you a burst of movement speed.||||屍爆會讓你的移動速度驟增。||||
subDescNecromancerCorpseExplosion08|Increases damage dealt to stunned enemies.||||增加對暈眩敵人造成的傷害。||||
subDescNecromancerCorpseExplosion09|Chance to stun on hit.||||命中時有機率造成暈眩。||||
subDescNecromancerCorpseExplosion10|Corpses have a chance to explode twice.||||屍體有機率爆炸兩次。||||
subDescNecromancerCorpseExplosion11|Corpse explosion now inflicts poisoned and poison break on hit.||||屍爆現在會造成中毒和中毒破壞。||||
subDescNecromancerCorpseExplosion12|Corpse explosion deals poison damage inflicting poison break and dissolves low life monsters into gas clouds. ||||屍爆造成毒素傷害，造成毒素破壞，將低生命怪物溶解成氣體雲。||||
subDescNecromancerCorpseExplosion13|Activate an aura around you consuming nearby corpses per second casting corpse explosion. Corpse explosion now has a cooldown.||Ativa uma aura ao seu redor que consome cadáveres próximos por segundo enquanto conjura explosão de cadáver por um curto período. A explosão de cadáver agora possui um tempo de recarga.|Активируйте ауру вокруг себя, поглощающую близлежащие трупы в секунду, накладывая взрыв трупа на короткий период. Взрыв трупа теперь имеет время восстановления.|在你周圍啟動一個光環，每秒吞噬附近的屍體並自動施放爆屍術。 屍爆現在擁有冷卻時間。 |周囲の死体を消費し、短時間コープスエクスプロージョンを詠唱するオーラを発動。コープスエクスプロージョンはクールダウンを持つ。|주변에서 초당 시체를 소모하는 오라를 활성화하고 짧은 시간 동안 시체 폭발을 시전합니다. 시체 폭발은 이제 쿨다운이 있습니다.|Aktiviert eine Aura um dich, die nahe Leichen pro Sekunde verzehrt und für kurze Zeit Leichenexplosionen zaubert. Die Leichenexplosion hat nun eine Abklingzeit.|Active une aura autour de vous qui consomme les cadavres proches par seconde en lançant une explosion de cadavre pendant une courte période. L’explosion de cadavre a désormais un temps de recharge.|Activa un aura a tu alrededor que consume cadáveres cercanos por segundo lanzando explosión de cadáver durante un corto período. La explosión de cadáver ahora tiene tiempo de reutilización.|Aktywuje aurę wokół ciebie, zużywającą pobliskie trupy na sekundę i rzucającą corpse explosion przez krótki czas. Corpse explosion ma teraz cooldown.
subDescNecromancerCorpseExplosion14|Corpses are now lit on fire with increased size, dealing increased damage and inflicting burning on hit.||||屍體現在被點燃，尺寸增大，造成的傷害增加，擊中時造成燃燒。||||
subNecromancerBoneSpirit01|Divide Soul||||分裂靈魂||||
subNecromancerBoneSpirit02|Purifying Essence||||淨化精華||||
subNecromancerBoneSpirit03|Life Infusion||||灌注生命||||
subNecromancerBoneSpirit04|Ancient Possession||||遠古領土||||
subNecromancerBoneSpirit05|Cycle of Life||||生命週期||||
subNecromancerBoneSpirit06|Touch of Arcana||||奧術之觸||||
subNecromancerBoneSpirit07|Mark Target||||標記目標||||
subNecromancerBoneSpirit08|Follow the Leader||||聽從領隊||||
subNecromancerBoneSpirit09|Spirits Unleashed||||靈魂釋放||||
subNecromancerBoneSpirit10|Soul infusion||||灌注靈魂||||
subNecromancerBoneSpirit11|Ghouls of Agony||||痛苦食屍鬼||||
subNecromancerBoneSpirit12|Furnace of Souls||||靈魂熔爐||||
subNecromancerBoneSpirit13|Soul Sacrifice||||靈魂犧牲||||
subNecromancerBoneSpirit14|Spirit Festival||||靈魂盛宴||||
subDescNecromancerBoneSpirit01|Bone spirit unleashes additional souls on hit.||||白骨之魂在擊中時釋放額外的靈魂||||
subDescNecromancerBoneSpirit02|Increases the damage dealt by bone spirit.||||增加白骨之魂造成的傷害。||||
subDescNecromancerBoneSpirit03|Increases the explosion area of effect radius of bone spirit.||||增加白骨之魂效果半徑的爆炸範圍||||
subDescNecromancerBoneSpirit04|Bone spirits grow larger and deal more damage over time while traveling.||||隨著時間的推移，白骨之魂會變得更大並造成更多傷害。||||
subDescNecromancerBoneSpirit05|Gain chance to critically hit with increased critical damage.||||有機率造成暴擊並增加暴擊傷害。||||
subDescNecromancerBoneSpirit06|Inflicts arcane break on hit.||||擊中時造成奧術破壞。||||
subDescNecromancerBoneSpirit07|Increases the damage dealt to bosses.||||增加對Boss造成的傷害。||||
subDescNecromancerBoneSpirit08|Increases the damage dealt by bone spirits explosion.||||增加白骨之魂爆炸造成的傷害。||||
subDescNecromancerBoneSpirit09|Increases bone spirit size and damage scaling with your explosion area of effect stat.||||爆炸範圍效果的增減會影響白骨之魂大小和傷害。||||
subDescNecromancerBoneSpirit10|When passing through one of the necromancers summons, bone spirits heals them for a portion of their maximum life.||||當穿過死靈法師的召喚物時，骨魂會為其恢復一部分最大生命值。|||||Al atravesar una de las invocaciones del nigromante, los espíritus óseos restauran una parte de su vida máxima.|
subDescNecromancerBoneSpirit11|No longer explodes on hit but travels forwards slowly dealing damage over time.||||擊中時不再爆炸，而是緩慢地向前移動，隨著時間的推移造成傷害。||||
subDescNecromancerBoneSpirit12|Summon increased amount of souls inflicting burning on hit.||||召喚更多的靈魂，擊中時造成燃燒。||||
subDescNecromancerBoneSpirit13|Now consumes a portion of your mana on hit converting it into additional damage.||||現在在擊中時會消耗一部分法力，將其轉化為額外傷害。||||
subDescNecromancerBoneSpirit14|Consume multiple corpses in a radius around you summoning a bone spirit from each. Cooldown is now increased.||||吞噬你周圍半徑範圍內的多具屍體，並從每具屍體中召喚白骨之魂。白骨之魂現在增加冷卻時間了。||||
subNecromancerPoisonNova01|Hollow Fangs||||空心獠牙||||
subNecromancerPoisonNova02|Potent Venom||||烈性毒液||||
subNecromancerPoisonNova03|Embrace the Venom||||擁抱毒液||||
subNecromancerPoisonNova04|Conjurer's Might||||咒術師之力||||
subNecromancerPoisonNova05|Venom's Reach||||毒液觸及範圍||||
subNecromancerPoisonNova06|Weakening Infection||||傳染虛弱||||
subNecromancerPoisonNova07|Down with the Sickness||||戰勝疾病||||
subNecromancerPoisonNova08|Amplifying Mark||||放大標記||||
subNecromancerPoisonNova09|Overwhelming Presence||||壓倒性存在||||
subNecromancerPoisonNova10|Toxic Twist||||扭曲劇毒||||
subNecromancerPoisonNova11|Poison Cloud||||毒雲||||
subNecromancerPoisonNova12|Virulent Blink||||劇毒眨眼||||
subNecromancerPoisonNova13|Center of Epidemy||||流行病中心||||
subNecromancerPoisonNova14|Puppet Master||||傀儡師||||
subDescNecromancerPoisonNova01|Increases the amount of poison projectiles.||||增加劇毒投射物的數量。||||
subDescNecromancerPoisonNova02|Increases the damage dealt by poison nova.||||增加劇毒新星造成的傷害。||||
subDescNecromancerPoisonNova03|Increases the poisoned amount when dealing damage with poison nova.||||使用劇毒新星造成傷害時增加中毒量。||||
subDescNecromancerPoisonNova04|Increases the projectile speed of poison nova.||||增加劇毒新星的投射物速度。||||
subDescNecromancerPoisonNova05|Chance to spread poison to nearby monsters on hit.||||擊中時有機率向附近的怪物傳播毒液。||||
subDescNecromancerPoisonNova06|Chance to reduce targets damage dealt on hit.||||有機率減少目標擊中時造成的傷害。||||
subDescNecromancerPoisonNova07|Chance to slow and inflict poison break on hit.||||命中時有機率減速並造成毒素破壞。||||
subDescNecromancerPoisonNova08|Increases damage dealt to poisoned targets.||||增加對中毒目標造成的傷害。||||
subDescNecromancerPoisonNova09|Increases the size of poison projectiles.||||增加劇毒投射物的尺寸。||||
subDescNecromancerPoisonNova10|Poison nova projectiles now orbit outwards with increased duration.||||劇毒新星的投射物現在向外環繞飛行，持續時間增加。||||
subDescNecromancerPoisonNova11|Instead of releasing projectiles poison nova instead causes an explosion centered around the necromancer dealing increased damage based on projectile amount.||||劇毒新星不會釋放投射物，而是會引起以死靈法師為中心的爆炸，基於投射物數量增加傷害。||||
subDescNecromancerPoisonNova12|Teleport to cast location hexing enemies on hit.||||傳送到施放地點並對擊中的敵人施放咒術。||||
subDescNecromancerPoisonNova13|Poison nova projectiles have a chance to return to the necromancer dealing damage and increasing the necromancers poison damage on return.||||劇毒新星投射物有幾率回到死靈法師身邊，造成傷害，返回時增加死靈法師的毒素傷害。||||
subDescNecromancerPoisonNova14|Cast a poison nova from all nearby poisoned enemies with increased damage based on poisoned. Poison nova now has a cooldown.||||對附近所有中毒的敵人施放一顆劇毒新星，傷害因中毒而增加。劇毒新星現在有冷卻時間。||||
subNecromancerRaiseSkeleton01|Undead Army||||不死軍團||||
subNecromancerRaiseSkeleton02|Unholy Strike||||邪惡打擊||||
subNecromancerRaiseSkeleton03|Command for Haste||||急速命令||||
subNecromancerRaiseSkeleton04|Absorb Vitality||||吸收活力||||
subNecromancerRaiseSkeleton05|Undead Berserker||||亡靈狂戰士||||
subNecromancerRaiseSkeleton06|Between the Ribs||||肋骨之間||||
subNecromancerRaiseSkeleton07|Unholy Lifeforce||||邪惡生命力||||
subNecromancerRaiseSkeleton08|Toes Attached||||腳趾相連||||
subNecromancerRaiseSkeleton09|Undying Rage||||不滅憤怒||||
subNecromancerRaiseSkeleton10|Last Stand||||站到最後||||
subNecromancerRaiseSkeleton11|Zombies!||||殭屍!||||
subNecromancerRaiseSkeleton12|Winds of the Dead||||亡者之風||||
subNecromancerRaiseSkeleton13|Horde of Undead||||不死部落||||
subNecromancerRaiseSkeleton14|Weapons Beyond Grave||||墳墓外武器||||
subDescNecromancerRaiseSkeleton01|Increases the maximum amount of skeleton warriors.||||增加骷髏戰士的最大數量。||||
subDescNecromancerRaiseSkeleton02|Increases damage dealt by skeleton warriors.||||增加骷髏戰士造成的傷害。||||
subDescNecromancerRaiseSkeleton03|Increases the attack speed of skeleton warriors.||||提高骷髏戰士的攻擊速度。||||
subDescNecromancerRaiseSkeleton04|Skeleton warriors heal them selves for a portion of their missing life on hit.||||骷髏戰士在受到攻擊時會自行治癒部分失去的生命。||||
subDescNecromancerRaiseSkeleton05|Skeleton warriors now deal a portion of their damage as area of effect damage.||||骷髏戰士現在將其部分傷害作為造成範圍效果傷害。||||
subDescNecromancerRaiseSkeleton06|Skeleton warriors now have a chance to dodge incoming damage.||||骷髏戰士現在有機率躲避擊中的傷害。||||
subDescNecromancerRaiseSkeleton07|Increases the life of skeleton warriors.||||增加骷髏戰士的生命。||||
subDescNecromancerRaiseSkeleton08|Increases skeleton warrior movement speed.||||提高骷髏戰士的移動速度。||||
subDescNecromancerRaiseSkeleton09|Increases skeleton warrior damage based on their missing life percentage.||||根據骷髏戰士損失的生命百分比增加他們的傷害。||||
subDescNecromancerRaiseSkeleton10|Skeleton warrior life is reduced and they explode upon death unleashing bone shrapnel around them.||||骷髏戰士的生命會減少，他們在死亡時會爆炸，釋放出周圍的骨頭彈片。||||
subDescNecromancerRaiseSkeleton11|Skeleton warriors are spawned as zombies rapidly draining their life and exploding into pieces inflicting poisoned.||||骷髏戰士是作為殭屍而產生的，它們會迅速耗盡生命並爆炸成碎片，造成中毒。||||
subDescNecromancerRaiseSkeleton12|Skeleton warriors have a chance to perform an area of effect attack with increased radius and damage.||||骷髏戰士有機率進行範圍攻擊，半徑和傷害都會增加。||||
subDescNecromancerRaiseSkeleton13|Increases the maximum summon amount of skeleton warriors. Skeleton warriors damage and life is reduced.||||增加骷髏戰士的最大召喚數。骷髏戰士的傷害和生命減少。||||
subDescNecromancerRaiseSkeleton14|Skeleton warriors have a chance on attack to deal critical damage equal to your critical strike damage. ||||骷髏戰士在攻擊時有一定幾率造成與你的暴擊傷害相同的暴擊傷害。||||
subNecromancerRaiseSkeletonMage01|Undead Coven||||不死族集會||||
subNecromancerRaiseSkeletonMage02|Unholy Force||||邪惡力量||||
subNecromancerRaiseSkeletonMage03|Reflection||||反射||||
subNecromancerRaiseSkeletonMage04|Unholy Spellsling||||邪惡咒語||||
subNecromancerRaiseSkeletonMage05|Unholy Necrosis||||邪惡壞死||||
subNecromancerRaiseSkeletonMage06|Dark Bolts||||黑暗閃電||||
subNecromancerRaiseSkeletonMage07|Necrotic Mirage||||壞死幻影||||
subNecromancerRaiseSkeletonMage08|Festering Scorch||||潰爛焦土||||
subNecromancerRaiseSkeletonMage09|Gluttony||||暴食||||
subNecromancerRaiseSkeletonMage10|Unholy Grasp||||邪惡之握||||
subNecromancerRaiseSkeletonMage11|Cursed Blast||||詛咒衝擊||||
subNecromancerRaiseSkeletonMage12|Chaining Scorn||||連鎖蔑視||||
subNecromancerRaiseSkeletonMage13|Summon Archmage||||召喚大法師||||
subNecromancerRaiseSkeletonMage14|Unholy Lightning||||邪惡閃電||||
subDescNecromancerRaiseSkeletonMage01|Increases the maximum amount of skeleton mages.||||增加骷髏法師的最大數量。||||
subDescNecromancerRaiseSkeletonMage02|Increases damage dealt by skeleton mages.||||增加骷髏法師造成的傷害。||||
subDescNecromancerRaiseSkeletonMage03|Chance for skeleton mages to fire an additional projectile on attack.||||骷髏法師有機率在攻擊時發射額外的投射物。||||
subDescNecromancerRaiseSkeletonMage04|Chance for skeleton mages to critically hit.||||骷髏法師有機率暴擊。||||
subDescNecromancerRaiseSkeletonMage05|Increases critical strike damage dealt by skeleton mages.||||增加骷髏法師造成的暴擊傷害。||||
subDescNecromancerRaiseSkeletonMage06|Skeleton mage now fires multiple projectiles in an arc.||||骷髏法師現在可以用弧形的方式發射多個投射物。||||
subDescNecromancerRaiseSkeletonMage07|Chance on attack to create an illusion for a short period of time.||||攻擊時有機率在短時間內造成幻象。||||
subDescNecromancerRaiseSkeletonMage08|Chance to inflict burning on hit.||||擊中時有機率造成燃燒。||||
subDescNecromancerRaiseSkeletonMage09|Increases the life of skeleton mages.||||增加骷髏法師的生命。||||
subDescNecromancerRaiseSkeletonMage10|Increases attack speed for skeleton mages.||||提高骷髏法師的攻擊速度。||||
subDescNecromancerRaiseSkeletonMage11|Unleash an arcane nova on hit dealing a portion of the damage.||||擊中時釋放一顆奧術新星，造成部分傷害。||||
subDescNecromancerRaiseSkeletonMage12|Attacks now chain on hit dealing increased damage.||||現在，攻擊會連續命中，造成更高的傷害。||||
subDescNecromancerRaiseSkeletonMage13|You can now only summon one skeleton mage but it scales according to the maximum amount of skeleton mages.||||你現在只能召喚一名骷髏法師，但它會根據骷髏法師的最大數量進行縮放。||||
subDescNecromancerRaiseSkeletonMage14|Skeleton mages now shoot a surge of dark lightning with increased range and damage.||||骷髏法師現在會射出一股黑暗閃電，其範圍和傷害都增加了。||||
subNecromancerSummonDamnedLegion01|Unhallowed Authority||||褻瀆權威||||
subNecromancerSummonDamnedLegion02|Undead Leadership||||亡靈領導力||||
subNecromancerSummonDamnedLegion03|Unholy Reverberation||||邪惡迴響||||
subNecromancerSummonDamnedLegion04|Colossus Smash||||巨像粉碎||||
subNecromancerSummonDamnedLegion05|Vile Shock||||邪惡的衝擊||||
subNecromancerSummonDamnedLegion06|Mass Legion||||多量軍團||||
subNecromancerSummonDamnedLegion07|Infused with Blood||||注入血液||||
subNecromancerSummonDamnedLegion08|Profane Zeal||||褻瀆熱情||||
subNecromancerSummonDamnedLegion09|Legionnaire Agility||||敏捷軍團||||
subNecromancerSummonDamnedLegion10|Crimson Aura||||赤紅光環||||
subNecromancerSummonDamnedLegion11|Abombination||||憎惡||||
subNecromancerSummonDamnedLegion12|Thorned Revenant||||荊棘亡靈||||
subNecromancerSummonDamnedLegion13|Damned Sharpshooter||||詛咒神槍手||||
subNecromancerSummonDamnedLegion14|Catastrophic Legion||||災難軍團||||
subDescNecromancerSummonDamnedLegion01|Increases the damage dealt by damned legion.||||增加詛咒軍團造成的傷害。||||
subDescNecromancerSummonDamnedLegion02|Chance on hit to inspire nearby allies increasing their attack speed and damage for a short period.||||命中時有機率激勵附近隊友在短時間內提高攻擊速度和傷害。||||
subDescNecromancerSummonDamnedLegion03|Chance on attack for damned legion to stun nearby monsters.||||詛咒軍團攻擊時有機率擊暈附近的怪物。||||
subDescNecromancerSummonDamnedLegion04|Attacks deal a portion of their damage to enemies around the target.||||攻擊會對目標周圍的敵人造成部分傷害。||||
subDescNecromancerSummonDamnedLegion05|Chance on attack to cast shockwave dealing area of effect damage and stunning monsters in a line.||||攻擊時有機率施放衝擊波，造成一定範圍的傷害並擊暈一條線上的怪物。||||
subDescNecromancerSummonDamnedLegion06|Increases the maximum amount of damned legions.||||增加詛咒軍團的最大數量。||||
subDescNecromancerSummonDamnedLegion07|Increases the life of damned legion based on your maximum life.||||根據你的最大生命值增加詛咒軍團的生命值。||||
subDescNecromancerSummonDamnedLegion08|Chance to perform an additional attack.||||有機率進行額外攻擊。||||
subDescNecromancerSummonDamnedLegion09|Increases the attack speed of damned legion.||||提高詛咒軍團的攻擊速度。||||
subDescNecromancerSummonDamnedLegion10|Damned legion has an aura around them that pulses every second dealing a portion of their life as damage to nearby monsters.||||詛咒軍團周圍有一種光環，每秒鐘都會脈衝一次，對附近的怪物造成部分生命傷害。||||
subDescNecromancerSummonDamnedLegion11|Summon an frenzied Abomination instead that deals increased Damage for a short period of time before exploding dealing massively increased damage to nearby monsters.||||技能變為召喚一個瘋狂的憎惡，它會在短時間內造成更高的傷害，然後爆炸，對附近的怪物造成大量更高的傷害。||||
subDescNecromancerSummonDamnedLegion12|Damned legion gains damage return based on your total damage return.||||詛咒軍團團根據你的總傷害返回獲得傷害返回。||||
subDescNecromancerSummonDamnedLegion13|Instead summon a legion marksman firing explosive bolts with a giant ballista.||||相反，召喚一名軍團射手，用巨型弩砲發射爆炸箭。||||
subDescNecromancerSummonDamnedLegion14|Summon a single damned legion with increased damage and life. Additionally grows the size of damned legion scaling from the legion's maximum life.||||只召喚一隻詛咒軍團，增加傷害和生命。另外，詛咒軍團的大小也會根據軍團的最大生命而增加。||||
subNecromancerVengefulSpirit01|Hostile Intelligence||||復仇智慧||||
subNecromancerVengefulSpirit02|Nimble Spirit||||敏捷之魂||||
subNecromancerVengefulSpirit03|Swift Bolts||||迅捷彈||||
subNecromancerVengefulSpirit04|Eternal Vengeance||||永恆復仇||||
subNecromancerVengefulSpirit05|Forking Bolts||||分岔彈||||
subNecromancerVengefulSpirit06|Critical Wrath||||暴擊之怒||||
subNecromancerVengefulSpirit07|Stacking Pain||||堆積的痛苦||||
subNecromancerVengefulSpirit08|Vacuuming Apparation||||真空幻影||||
subNecromancerVengefulSpirit09|Extended Lightning||||延長閃電||||
subNecromancerVengefulSpirit10|Retaliatory Transfusion||||報復性輸血||||
subNecromancerVengefulSpirit11|Contaminated Spirit||||污染靈魂||||
subNecromancerVengefulSpirit12|Hatred Reinforcements||||仇恨強化||||
subNecromancerVengefulSpirit13|Sacrificial Offering||||祭品||||
subNecromancerVengefulSpirit14|Vengeful Poltergeist||||復仇惡鬼||||
subDescNecromancerVengefulSpirit01|Increases vengeful spirits damage based on your intelligence.||||根據你的智力增加復仇之靈的傷害。||||
subDescNecromancerVengefulSpirit02|Increases the movement speed of vengeful spirit.||||增加復仇之靈的移動速度。||||
subDescNecromancerVengefulSpirit03|Increases the attack speed of vengeful spirit.||||增加復仇之靈的攻擊速度。||||
subDescNecromancerVengefulSpirit04|Increases vengeful spirits life.||||增加復仇之靈的生命。||||
subDescNecromancerVengefulSpirit05|Attacks by vengeful spirit have a chance to fork creating multiple chain lightnings.||||復仇之靈的攻擊有機率產生多道連鎖閃電。||||
subDescNecromancerVengefulSpirit06|Attacks always critically strike targets at max health dealing increased damage stunning them.||||攻擊總是對最大生命值的目標造成爆擊，造成更高的傷害，使他們暈眩。||||
subDescNecromancerVengefulSpirit07|Increases damage dealt to stunned targets.||||增加對暈眩目標造成的傷害。||||
subDescNecromancerVengefulSpirit08|Chance on attack to summon a ghastly whirlpool that pulls nearby targets into it.||||攻擊時有幾率召喚一個可怕的漩渦，將附近的目標拉入其中。||||
subDescNecromancerVengefulSpirit09|Chain lightning from vengeful spirit chains to additional targets.||||復仇之靈將閃電連鎖至其他目標。||||
subDescNecromancerVengefulSpirit10|Vengeful spirit gains an aura dealing damage and draining a portion of it to heal it self.||O espírito vingativo ganha uma aura que causa dano e drena uma parte dele para se curar.|Мстительный дух получает ауру, наносящую урон и поглощающую часть урона, чтобы исцелить себя. |復仇之靈獲得一個傷害光環，並將部分傷害轉化為自身生命回復。|ヴェンジェフル・スピリットはダメージを与えるオーラを持ち、その一部を吸収して自己回復する|복수심에 불타는 영혼이 피해를 입히고 일부를 흡수하여 자신을 치료하는 기운을 얻습니다. |Der rächende Geist erhält eine Aura, die Schaden verursacht und einen Teil davon absaugt, um sich selbst zu heilen.|L’esprit vengeur gagne une aura qui inflige des dégâts et en draine une partie pour se soigner.|El espíritu vengativo gana un aura que inflige daño y drena una porción para curarse.|Vengeful spirit zyskuje aurę zadającą obrażenia i odciągającą część z nich, aby się uleczyć.
subDescNecromancerVengefulSpirit11|Vengeful spirit now deals poison damage inflicting poisoned for a portion of its damage. Additionally gains a chance to unleash a poison nova on hit.||||復仇之靈現在會造成毒素傷害，造成部分傷害的中毒。此外，還有機率在擊中時釋放有毒新星。||||
subDescNecromancerVengefulSpirit12|You can now summon additional vengeful spirits.||||你現在可以召喚更多的復仇之靈。||||
subDescNecromancerVengefulSpirit13|Sacrifice all existing necromancer summons increasing the stats of vengeful spirit per summon sacrificed. You can no longer summon any minion while vengeful spirit is active.||||你的復仇之靈現在會吸收附近所有死靈法師的召喚物,以增加復仇之靈的屬性。當復仇之靈啟動時，你不能再召喚任何隨從。||||
subDescNecromancerVengefulSpirit14|Vengeful spirit now summons bone spirits and tornados in addition to its normal attack.||||復仇之靈現在除了普通攻擊之外還可以召喚骨魂和龍捲風。||||
subSamuraiBattleGlance01|Quick Strike||||快速打擊||||
subSamuraiBattleGlance02|Honed Blade||||磨刀||||
subSamuraiBattleGlance03|Refined Technique||||精湛的技術||||
subSamuraiBattleGlance04|Intanglible||||無形||||
subSamuraiBattleGlance05|Execution||||處刑||||
subSamuraiBattleGlance06|Restorative Strikes||||恢復性打擊||||
subSamuraiBattleGlance07|Spinning Katanas||||旋轉武士刀||||
subSamuraiBattleGlance08|From Behind||||從背後||||
subSamuraiBattleGlance09|Guided Swing||||引導擺動||||
subSamuraiBattleGlance10|Burst of Speed||||速度爆發||||
subSamuraiBattleGlance11|Shadow From Within||||內心的陰影||||
subSamuraiBattleGlance12|Blood Harvest||||鮮血收穫||||
subSamuraiBattleGlance13|Perfection||||完美||||
subSamuraiBattleGlance14|Evasive Prodigy||||迴避奇才||||
subDescSamuraiBattleGlance01|Increases the amount of attacks performed by battle glance.||||增加戰鬥閃光的攻擊目標量。||||
subDescSamuraiBattleGlance02|Increases the damage dealt by battle glance.||||增加戰鬥閃光造成的傷害。||||
subDescSamuraiBattleGlance03|Increases the area of effect radius of battle glance.||||增加戰鬥閃光的效果半徑範圍。||||
subDescSamuraiBattleGlance04|Chance on hit to gain increased dodge chance for a short period.||||命中時有一定幾率在短時間內增加閃避幾率。||||
subDescSamuraiBattleGlance05|Execute monsters with low life.||||處決生命值低的怪物。||||
subDescSamuraiBattleGlance06|Leech life and mana on hit.||||命中時吸取生命和法力。||||
subDescSamuraiBattleGlance07|Chance on attack to summon a rotating blade orbiting around you for a short period inflicting bleeding on hit.||||攻擊時有機率召喚一把旋轉刀片在你周圍短暫旋轉, 擊中時造成流血。||||
subDescSamuraiBattleGlance08|Increases damage dealt to bleeding targets.||||增加流血目標造成的傷害。||||
subDescSamuraiBattleGlance09|Increases critical strike damage by battle glance.||||透過戰鬥掃視增加暴擊傷害。||||
subDescSamuraiBattleGlance10|Chance on kill to gain increased movement speed for a short period.||||擊殺時有機率在短時間內提高移動速度。||||
subDescSamuraiBattleGlance11|Chance on attack to unleash a shadowy ball of energy traveling towards your blade causing monsters to be cloned to harm them selves on hit. ||||攻擊時有機率釋放出一個暗影能量球, 朝著你的劍刃移動, 導致怪物被克隆並在擊中時傷害自己。||||
subDescSamuraiBattleGlance12|Gain stacks of blood harvest when killing monsters. At maximum stacks gain increased damage and attack speed based on your vitality.||||殺死怪物時獲得大量的血液收穫. 在最大疊層時, 根據你的體力獲得更高的傷害和攻擊速度。||||
subDescSamuraiBattleGlance13|Battle Glance now deals increased cleave damage to all monsters within your blade’s reach.||||戰鬥閃光現在對你的劍刃範圍內的所有怪物造成更高的順劈傷害。||||
subDescSamuraiBattleGlance14|Dodging or blocking an attack causes your next battle glance to unleash bouncing katanas in an arc infront of you dealing increased damage.||||閃避或格擋攻擊會使你的下一次戰鬥閃光在你面前的弧形範圍中釋放彈跳武士刀, 造成更高的傷害。||||
subSamuraiShurikenThrow01|Pointy Edges||||尖銳邊緣||||
subSamuraiShurikenThrow02|Quickthrow||||快速投擲||||
subSamuraiShurikenThrow03|Forceful Flight||||強力飛行||||
subSamuraiShurikenThrow04|Twin Shurikens||||雙重手裏劍||||
subSamuraiShurikenThrow05|Shady Trickster||||詐欺陰影||||
subSamuraiShurikenThrow06|Starstruck||||星擊||||
subSamuraiShurikenThrow07|Empowering Shurikens||||強化手裏劍||||
subSamuraiShurikenThrow08|Sharp stars||||銳利星星||||
subSamuraiShurikenThrow09|Throwing Profiency||||投擲能力||||
subSamuraiShurikenThrow10|Manainfused Shurikens||||魔力手裏劍||||
subSamuraiShurikenThrow11|Shadow Shuriken||||暗影手裏劍||||
subSamuraiShurikenThrow12|Cutting Field||||切割領域||||
subSamuraiShurikenThrow13|Ripping Flesh||||撕裂肉體||||
subSamuraiShurikenThrow14|Slicing Ricochet||||跳彈切割||||
subDescSamuraiShurikenThrow01|Increases critical strike chance.||||增加爆擊幾率。||||
subDescSamuraiShurikenThrow02|Increases projectile speed.||||增加投射物速度。||||
subDescSamuraiShurikenThrow03|Increases damage dealt by shurikens.||||增加手裡劍造成的傷害||||
subDescSamuraiShurikenThrow04|Throw additional shurikens with increased mana cost.||||投擲額外的手裏劍, 增加法力消耗。||||
subDescSamuraiShurikenThrow05|While standing in smoke bomb thrown shurikens grant you a brief moment of invisibility and increased dodge chance.||||當站在煙霧彈中投擲手裏劍時, 你會獲得短暫的隱形時間並增加閃避機率。||||
subDescSamuraiShurikenThrow06|Chance on critical strikes to split shurikens into smaller shurikens in a cone behind the target.||||致命一擊有幾率將手裏劍分裂成目標後方圓錐體中的較小手裏劍。||||
subDescSamuraiShurikenThrow07|Chance on hit to increase your attack speed and attack damage for a short duration.||||命中時有幾率在短時間內提高攻擊速度和攻擊力。||||
subDescSamuraiShurikenThrow08|Increases critical strike damage dealt by shurikens.||||增加手裏劍造成的暴擊傷害。||||
subDescSamuraiShurikenThrow09|Increases attack rating while wielding a throwing weapon.||||使用投擲武器時提高攻擊命中率。||||
subDescSamuraiShurikenThrow10|Increases the damage dealt by shurikens according to mana spent.||||根據消耗的法力增加手裏劍造成的傷害。||||
subDescSamuraiShurikenThrow11|Throw a single big shuriken dealing increased damage, stunning and returning to you. If re-casted while shuriken exists, teleport to the shurikens position throwing smaller shurikens in all directions.||||投擲一枚大手裏劍,造成更高的傷害,暈眩並回到你身邊. 如果在手裏劍存在時再次施放, 則傳送到手裏劍位置, 向各個方向投擲較小的手裏劍。||||
subDescSamuraiShurikenThrow12|Shurikens now stop mid air and float for a short period and explode into sharp metal shrapnel around it dealing damage and slowing on hit.||||手裏劍現在會停止在半空中並漂浮一小段時間, 並在其周圍爆炸成鋒利的金屬彈片, 造成傷害並在擊中時減速。||||
subDescSamuraiShurikenThrow13|Shurikens now attach to monsters on hit and are ripped off back to the samurai after a short period. Shuriken throw now has a cooldown.|||Сюрикены теперь прилипают к монстрам при попадании и через некоторое время вырываются обратно к самураю. Бросок сюрикена теперь имеет время восстановления.|手裡劍擊中時會附著在怪物身上，並在短時間後撕裂並返回武士身邊。手裡劍投擲現在擁有冷卻時間。||이제 표창이 적중 시 몬스터에게 박히며, 잠시 후 사무라이에게 다시 찢겨 돌아옵니다. 표창 던지기에 재사용 대기시간이 추가됩니다.|||Los Shuriken ahora se adhieren a los monstruos al golpearlos y regresan al samurái tras un breve período. Lanzamiento de Shuriken ahora tiene Enfriamiento.|
subDescSamuraiShurikenThrow14|Shurikens now ricochet from monster hits and terrain inflicting bleeding on hit.||||手裏劍現在擊中造成流血, 並在擊中怪物和的地形時反彈。||||
subSamuraiQuickslash01|Lightspeed||||光速||||
subSamuraiQuickslash02|Greater Slash||||大斬擊||||
subSamuraiQuickslash03|Dual Hit||||雙重打擊||||
subSamuraiQuickslash04|Exposed Weakness||||暴露弱點||||
subSamuraiQuickslash05|Top to Bottom||||從上到下||||
subSamuraiQuickslash06|Exploitation||||剝削||||
subSamuraiQuickslash07|Spirit Double||||雙倍精神||||
subSamuraiQuickslash08|Origin Point||||原點||||
subSamuraiQuickslash09|Lost Teachings||||失落教義||||
subSamuraiQuickslash10|Switch it Up||||切換||||
subSamuraiQuickslash11|Plan Ahead||||提前規劃||||
subSamuraiQuickslash12|Multiplicative Duality||||倍數增加||||
subSamuraiQuickslash13|Mechanical Advantage||||Mechanical Advantage||||
subSamuraiQuickslash14|Now You See Me||||現在你看到我了||||
subDescSamuraiQuickslash01|Increases dash speed.||||增加衝刺速度。||||
subDescSamuraiQuickslash02|Increases quickslash area of effect radius.||||增加快速斬擊的效果半徑區域。||||
subDescSamuraiQuickslash03|Increases the amount of performed slashes.||||增加執行砍擊的數量。||||
subDescSamuraiQuickslash04|Chance on hit to stun the target.||||命中時有機率擊暈目標。||||
subDescSamuraiQuickslash05|Increases attack rating when using quickslash.||||使用快速斬擊時提高攻擊命中率。||||
subDescSamuraiQuickslash06|Increases the damage dealt to stunned targets.||||增加對暈眩目標造成的傷害||||
subDescSamuraiQuickslash07|Summon shadow performing quickslash towards a nearby monster dealing a portion of the damage.||||召喚暗影對附近的怪物進行快速斬擊, 造成部分傷害。||||
subDescSamuraiQuickslash08|Leave a shadow behind slashing monsters around it dealing a portion of the damage.||||在身後留下陰影, 砍殺周圍的怪物, 造成一部分傷害。||||
subDescSamuraiQuickslash09|Increases the range of quickslash.||||增加快速斬擊的範圍。||||
subDescSamuraiQuickslash10|Quickslash no longer deals damage in a circle and instead deals damage to the closest target and a cone behind them firing multiple piercing kunai.||||快速斬擊造成傷害不再是圓圈形, 而是對最近的目標及其後面的圓錐形造成傷害, 並發射多個刺穿苦無||||
subDescSamuraiQuickslash11|Summon a shadow dashing towards your aim multiple times dealing damage to all monsters hit. After it expires you quickly dash following the same path with massively increased damage.||||召喚一個影子多次衝向你的目標, 對所有擊中的怪物造成傷害. 結束後, 你會沿著相同的路徑快速衝刺, 傷害大幅增加。||||
subDescSamuraiQuickslash12|Spirit double now spawns multiple shadows dashing with increased speed and damage.||||雙魂現在會產生多個以更高的速度和傷害衝刺的陰影。||||
subDescSamuraiQuickslash13|Dash an increased range sending explosive kunai in an aura at your wake.||||衝刺範圍擴大, 在最後一波會發出爆炸性的苦無光環。||||
subDescSamuraiQuickslash14|Slash with increased area of effect radius and damage dropping a smoke bomb at target location.||||斬擊效果半徑增加, 傷害增加, 在目標位置投擲煙霧彈。||||
subSamuraiSmokeBomb01|Weakening Powder||||弱化粉||||
subSamuraiSmokeBomb02|Key to Precision||||精準的關鍵||||
subSamuraiSmokeBomb03|Acidic Component||||酸性成分||||
subSamuraiSmokeBomb04|Thick Clouds||||厚雲層||||
subSamuraiSmokeBomb05|Mindfulness||||豐富精神||||
subSamuraiSmokeBomb06|Greater Impact||||更大的影響||||
subSamuraiSmokeBomb07|Preparation||||準備||||
subSamuraiSmokeBomb08|Swift Deploy||||快速部署||||
subSamuraiSmokeBomb09|Feel the Heat||||感受熱量||||
subSamuraiSmokeBomb10|Burning Weakness||||虛弱灼熱||||
subSamuraiSmokeBomb11|Adjusted Formula||||調整配方||||
subSamuraiSmokeBomb12|Stealth Zone||||隱形區||||
subSamuraiSmokeBomb13|Monster Cleansing||||淨化怪物||||
subSamuraiSmokeBomb14|Smoke Trail||||煙霧足跡||||
subDescSamuraiSmokeBomb01|Slows and reduces attack rating of targets hit.||||減慢並降低命中目標的攻擊命中率。||||
subDescSamuraiSmokeBomb02|Increases projectile speed.||||提高投射物速度。||||
subDescSamuraiSmokeBomb03|Chance on hit to inflict armor break.||||命中時有機率造成護甲破壞。||||
subDescSamuraiSmokeBomb04|Increases smoke bomb area of effect radius.||||增加煙霧彈的作用半徑範圍||||
subDescSamuraiSmokeBomb05|Inflict arcane break on hit.||||擊中時降低奧術抗性。||||
subDescSamuraiSmokeBomb06|Increases damage dealt by smoke bomb.||||增加煙霧彈造成的傷害||||
subDescSamuraiSmokeBomb07|Smoke bomb has a chance to bounce releasing an additional smoke cloud.||||煙霧彈有機率彈跳並釋放出額外的煙霧雲。||||
subDescSamuraiSmokeBomb08|Increases cast rate when using smoke bomb.||||使用煙霧彈時提高施法速度。||||
subDescSamuraiSmokeBomb09|Inflicts burning on hit.||||擊中時造成燃燒。||||
subDescSamuraiSmokeBomb10|Increases damage dealt to burning targets.||||增加對燃燒目標造成的傷害。||||
subDescSamuraiSmokeBomb11|Significantly reduce enemy attack rating and increase monster damage taken when inside smoke bomb.||||顯著降低敵人的攻擊命中率, 並增加在煙霧彈內的怪物受到的傷害。||||
subDescSamuraiSmokeBomb12|Throw out smoke bombs in all directions forming a massive cloud increasing your movement speed inside of it. Smoke bomb now has a cooldown.||||向各個方向丟出煙霧彈,形成巨大的雲,增加你在其中的移動速度. 煙霧彈現在有冷卻時間。||||
subDescSamuraiSmokeBomb13|Smoke bomb consumes damage over time debuffs from monsters inside of it dealing full damage instantly. ||||煙霧彈會隨著時間的推移消耗其中怪物的減益效果, 立即造成全部傷害。||||
subDescSamuraiSmokeBomb14|Smoke bomb now leaves a trail of smoke behind you dealing increased damage. Smoke bomb now has a cooldown.||||煙霧彈現在會在你身後留下煙霧足跡,造成更高的傷害. 煙霧彈現在有冷卻時間。||||
subSamuraiExplosiveKunai01|Stronger Explosives||||更強的炸藥||||
subSamuraiExplosiveKunai02|Packed Up Kunai||||包裝苦無||||
subSamuraiExplosiveKunai03|Satisfaction||||滿意||||
subSamuraiExplosiveKunai04|Split Up||||分裂||||
subSamuraiExplosiveKunai05|Willful Sacrifice||||隨意犧牲||||
subSamuraiExplosiveKunai06|First Is Best||||第一個是最好的||||
subSamuraiExplosiveKunai07|Ronin's Curse||||浪人詛咒||||
subSamuraiExplosiveKunai08|Doubleblast||||雙重爆破||||
subSamuraiExplosiveKunai09|Bouncy Kunai||||彈性苦無||||
subSamuraiExplosiveKunai10|Concussive Explosions||||震盪爆炸||||
subSamuraiExplosiveKunai11|Doubleforking Kunai||||雙叉苦無||||
subSamuraiExplosiveKunai12|Penetration Volley||||穿透截擊||||
subSamuraiExplosiveKunai13|Chainsplosions||||連鎖爆炸||||
subSamuraiExplosiveKunai14|Little Slicers||||小型切割||||
subDescSamuraiExplosiveKunai01|Increases damage dealt by explosive kunai.||||增加爆炸苦無造成的傷害。||||
subDescSamuraiExplosiveKunai02|Increases kunai explosion area of effect radius.||||增加苦無爆炸區域的效果半徑。||||
subDescSamuraiExplosiveKunai03|Decreases the mana cost of explosive kunai.||||降低爆炸苦無的法力消耗。||||
subDescSamuraiExplosiveKunai04|Chance on hit to split into additional kunais.||||擊中時有機率分裂成額外的苦無。||||
subDescSamuraiExplosiveKunai05|Now consumes a percentage of your maximum life each cast giving your kunai increased speed and explosion aoe. Maximum life damage is non-lethal.||||現在每次施法都會消耗你最大生命的一定百分比, 從而提高你的苦無的速度和爆炸範圍. 最大生命傷害是非致命的。||||
subDescSamuraiExplosiveKunai06|Increases the damage dealt and explosion area of effect radius kunai.||||增加造成的傷害和效果半徑苦無的爆炸範圍。||||
subDescSamuraiExplosiveKunai07|Chance to inflict arcane break on hit.||||擊中時降低奧術抗性。||||
subDescSamuraiExplosiveKunai08|Chance on hit for the kunai to explode an additional time.||||擊中苦無時有機率額外爆炸一次。||||
subDescSamuraiExplosiveKunai09|Kunais have a chance to bounce off of terrain and stun monsters on hit.||||苦無有機率從地形上反彈並在擊中時擊暈怪物。||||
subDescSamuraiExplosiveKunai10|Increases damage dealt to stunned targets.||||增加對暈眩目標造成的傷害。||||
subDescSamuraiExplosiveKunai11|Explosive kunai split an additional time dealing increased damage each time they split.||||爆炸苦無會額外分裂一次, 每次分裂造成的傷害都會增加。||||
subDescSamuraiExplosiveKunai12|Throw a spread of piercing kunai that explode on each enemy hit.||||投擲大量刺眼的苦無, 每擊中敵人就會爆炸。||||
subDescSamuraiExplosiveKunai13|Split kunais chain on the first enemy hit exploding on each enemy chained to.||||在第一個擊中的敵人身上分裂苦無鎖鏈, 並在每個被鏈住的敵人身上爆炸。||||
subDescSamuraiExplosiveKunai14|Explosive kunai no longer explode but instead pierces with increased projectile speed slicing monsters inflicting bleeding.||||爆炸苦無不再爆炸, 而是以更高的投射物速度刺穿怪物,造成流血。||||
subSamuraiBladeBarrier01|Rotational Force||||旋轉力||||
subSamuraiBladeBarrier02|Cursed Blades||||詛咒之刃||||
subSamuraiBladeBarrier03|Barrier Extension||||屏障延伸||||
subSamuraiBladeBarrier04|Damascus Steel Blades||||大馬士革鋼刀片||||
subSamuraiBladeBarrier05|Infinite Potential||||無限潛力||||
subSamuraiBladeBarrier06|Battle Wounds||||戰傷||||
subSamuraiBladeBarrier07|Crippling Hits||||嚴重打擊||||
subSamuraiBladeBarrier08|Laceration||||撕裂傷||||
subSamuraiBladeBarrier09|Sharp Greeting||||尖銳的問候||||
subSamuraiBladeBarrier10|Spirit Fire||||靈火||||
subSamuraiBladeBarrier11|Twin Barriers||||雙屏障||||
subSamuraiBladeBarrier12|Forgotten Arts||||被遺忘的藝術||||
subSamuraiBladeBarrier13|Body And Soul||||身體與靈魂||||
subSamuraiBladeBarrier14|Spinning Armory||||旋轉軍械庫||||
subDescSamuraiBladeBarrier01|Increases blade barriers rotation speed.||||增加刃影結界旋轉速度||||
subDescSamuraiBladeBarrier02|Blade barrier has a chance to shoot out a blade when hitting a target.||||刃影結界擊中目標時有一定幾率射出刀刃。||||
subDescSamuraiBladeBarrier03|Increases duration of blade barrier.||||增加劍刃屏障的持續時間。||||
subDescSamuraiBladeBarrier04|Increases physical damage dealt by blade barrier but reduces arcane damage dealt.||||增加刃影結界造成的物理傷害, 但減少造成的奧術傷害。||||
subDescSamuraiBladeBarrier05|Increases the amount of blades in the barrier.||||增加刃影結界中的刀片數量。||||
subDescSamuraiBladeBarrier06|Chance to cause monsters to bleed on hit.||||有幾率使怪物擊中時流血。||||
subDescSamuraiBladeBarrier07|Slows monsters on hit.||||擊中怪物時緩速目標。||||
subDescSamuraiBladeBarrier08|Increases damage dealt to bleeding enemies.||||增加對流血敵人造成的傷害。||||
subDescSamuraiBladeBarrier09|Blade barrier deals increased damage to monsters with full life.||||刃影結界對滿血怪物造成的傷害增加。||||
subDescSamuraiBladeBarrier10|Physical scaling is converted to burning. Blade barrier now only deals arcane damage.||||物理縮放轉化為燃燒. 刃影結界現在只造成奧術傷害。||||
subDescSamuraiBladeBarrier11|Blade barrier now summons an outer and an inner barrier. The inner barrier deals increased damage and the out barrier is guaranteed to proc cursed blades on hit.||||轉化為內外各一圈的刃影結界. 內圈刃影結界會造成更高的傷害, 而外圈刃影結界則保證在擊中時觸發詛咒之刃。||||
subDescSamuraiBladeBarrier12|Hitting an enemy refreshes blade barrier duration. Gain increased damage for each active blade barrier you have.||||擊中敵人會刷新刃影結界的持續時間. 您擁有的每個刃影結界都會增加傷害。||||
subDescSamuraiBladeBarrier13|Blades seek out and stick on nearby monsters dealing increased damage. Blades return to the player if the target is too far away or the monster dies.||||刀片會尋找並粘在附近的怪物上,造成更高的傷害.如果目標太遠或怪物死亡,刀片會回到玩家。||||
subDescSamuraiBladeBarrier14|Adds an additional orbital layer of blades.||||添加額外的刀片軌道層。||||
subSamuraiExplodingBolas01|Explosive Outburst||||爆發力||||
subSamuraiExplodingBolas02|Improved Design||||改進的設計||||
subSamuraiExplodingBolas03|Close Impact||||近距離影響||||
subSamuraiExplodingBolas04|Fastbol||||快球||||
subSamuraiExplodingBolas05|Multibolas||||多球||||
subSamuraiExplodingBolas06|Low Blow||||低打擊||||
subSamuraiExplodingBolas07|Another One||||另一個||||
subSamuraiExplodingBolas08|Tough Fall||||粗暴落下||||
subSamuraiExplodingBolas09|Speedslinger||||速度投石手||||
subSamuraiExplodingBolas10|Longer Ropes||||更長的繩索||||
subSamuraiExplodingBolas11|Loaded Charge||||附載充能||||
subSamuraiExplodingBolas12|Clusterducks||||集束鴨子||||
subSamuraiExplodingBolas13|Magnetic String||||磁力繩||||
subSamuraiExplodingBolas14|Bola'd Stasis||||波拉德停滯||||
subDescSamuraiExplodingBolas01|Increases the explosion area of effect radius of exploding bolas.||||增加爆炸流星錘的影響半徑的爆炸區域。||||
subDescSamuraiExplodingBolas02|Increases the damage dealt by exploding bolas.||||增加爆炸流星錘造成的傷害。||||
subDescSamuraiExplodingBolas03|Inflicts arcane break on hit.||||擊中時造成奧術破壞。||||
subDescSamuraiExplodingBolas04|Increases projectile speed.||||提高投射物速度。||||
subDescSamuraiExplodingBolas05|Throw multiple bolas in an arc.||||以弧形的方式投擲多條流星錘。||||
subDescSamuraiExplodingBolas06|Bolas have a chance on hit to stun the enemy.||||爆炸流星錘擊中時有幾率暈眩敵人。||||
subDescSamuraiExplodingBolas07|Chance for bolas to explode an additional time.||||爆炸流星錘有機率額外爆炸一次。||||
subDescSamuraiExplodingBolas08|Increases damage dealt to stunned targets.||||增加對暈眩目標造成的傷害。||||
subDescSamuraiExplodingBolas09|Increases cast rate when using exploding bolas.||||使用爆炸流星錘時提高施法速度。||||
subDescSamuraiExplodingBolas10|Bolas now pierce allowing them to attach to multiple targets dealing increased damage.||||爆炸流星錘現在可以穿透, 使它們能夠附著在多個目標上, 造成更高的傷害。||||
subDescSamuraiExplodingBolas11|Bolas are stuck on enemies for a longer period of time, dealing damage to them during this period causes the explosion to gain increased damage & size up to 5 times.||||爆炸流星錘會內黏在敵人身上一段時間, 在此期間對敵人造成傷害, 會導致爆炸造成的傷害和大小增加最多5倍。||||
subDescSamuraiExplodingBolas12|Throw multiple explosive rubberducks that bounce towards a nearby target before exploding.||||扔出多個爆炸性橡皮鴨,它們會彈向附近的目標,然後爆炸。||||
subDescSamuraiExplodingBolas13|Monsters caught by bolas are pulled towards the first target.||||被流星捕獲的怪物會被拉向第一個目標。||||
subDescSamuraiExplodingBolas14|Bola now grabs all enemies on its path.|||Теперь бола захватывает всех врагов на своем пути.|爆炸流星錘現在會抓取路徑上的所有敵人。||이제 볼라가 경로에 있는 모든 적을 끌어당깁니다.|||Bola ahora atrapa a todos los enemigos a su paso.|
subSamuraiOmnislash01|Clean Hits||||俐落打擊||||
subSamuraiOmnislash02|Extra Cut||||額外切割||||
subSamuraiOmnislash03|No Hesitation||||毫不猶豫||||
subSamuraiOmnislash04|Powerful Slashes||||強力斬擊||||
subSamuraiOmnislash05|Looming Cover||||覆蓋幽影||||
subSamuraiOmnislash06|Nail In The Coffin||||靈柩釘||||
subSamuraiOmnislash07|Emperor's Orders||||皇帝命令||||
subSamuraiOmnislash08|Killstrike||||殺戮一擊||||
subSamuraiOmnislash09|Thirst For Death||||渴求死亡||||
subSamuraiOmnislash10|Cutting Machine||||切割機||||
subSamuraiOmnislash11|Lucky Strikes||||幸運一擊||||
subSamuraiOmnislash12|Rain Of Chaos||||混沌之雨||||
subSamuraiOmnislash13|Poison Coated Daggers||||塗毒匕首||||
subSamuraiOmnislash14|Thunder Slashes||||雷霆斬||||
subDescSamuraiOmnislash01|Increases attack rating when using omnislash.||||使用無敵斬時提高攻擊命中率。||||
subDescSamuraiOmnislash02|Increases the amount of slashes.||||增加砍擊數量.||||
subDescSamuraiOmnislash03|Reduces the cooldown of omnislash.||||減少無敵斬的冷卻時間。||||
subDescSamuraiOmnislash04|Increases the damage dealt by omnislash.||||增加無敵斬造成的傷害||||
subDescSamuraiOmnislash05|When cast inside a smoke bomb invulnerability lasts for a small duration after omnislash ends.||||在煙霧彈內施放時, 無敵狀態會在全能斬結束後持續一段時間。||||
subDescSamuraiOmnislash06|Throw a piercing kunai at a nearby enemy with reduced damage each strike.||||向附近的敵人投擲刺穿的苦無, 每次攻擊造成的傷害減少。||||
subDescSamuraiOmnislash07|Striking monsters with Omnislash has a chance to cast empires slash.||||用無敵斬攻擊怪獸有幾率施展帝國斬。||||
subDescSamuraiOmnislash08|Increases critical chance with omnislash.||||增加無敵斬的暴擊幾率。||||
subDescSamuraiOmnislash09|Chance to increase the amount of slashes depending on your critical strike chance.||||根據你的暴擊率, 機率增加砍擊數量。||||
subDescSamuraiOmnislash10|Increases critical strike damage dealt by omnislash.||||增加無敵斬造成的暴擊傷害。||||
subDescSamuraiOmnislash11|Omnislash now always procs all your striking effects on hit with halved amount of slashes and decreased damage. Omnislash cooldown is increased.||||無敵斬現在總是在擊中時觸發所有打擊擊中觸發效果,斬擊數量減半並減少傷害. 無敵斬冷卻時間增加。||||
subDescSamuraiOmnislash12|Each slash now drops a shadow meteor down from the sky dealing area of effect damage when landing.||||現在, 每次斬擊都會從天而降一顆暗影流星, 在著陸時造成一定範圍的傷害。||||
subDescSamuraiOmnislash13|Throw poison coated daggers around with each slash inflicting poisoned and dealing increased damage to poisoned targets.||||投擲塗上毒藥的匕首, 每次揮砍都會造成中毒並對中毒目標造成更高的傷害。||||
subDescSamuraiOmnislash14|Unleash chain lightning with each slash inflicting lightning break on hit.||||每一次揮砍都會釋放連鎖閃電，擊中時造成閃電破壞。||||
subSamuraiShadowStep01|Traversal||||穿越||||
subSamuraiShadowStep02|Calm And Collected||||冷靜和鎮定||||
subSamuraiShadowStep03|Groundshaker||||撼地者||||
subSamuraiShadowStep04|Improved Lethality||||提高殺傷力||||
subSamuraiShadowStep05|Shadow Ally||||暗影盟友||||
subSamuraiShadowStep06|Stepping Stone||||踏腳石||||
subSamuraiShadowStep07|Sonic Boom||||音爆||||
subSamuraiShadowStep08|Crushing Step||||粉碎步驟||||
subSamuraiShadowStep09|Planned Out||||計劃之外||||
subSamuraiShadowStep10|Speed Demon||||速度惡魔||||
subSamuraiShadowStep11|Daggerstorms||||匕首風暴||||
subSamuraiShadowStep12|Bargain With Demons|||與惡魔討價還價|||||
subSamuraiShadowStep13|Vortex Step||||漩渦步伐||||
subSamuraiShadowStep14|Pulsating Shadows||||脈衝暗影||||
subDescSamuraiShadowStep01|Increases teleport distance.||||增加傳送距離。||||
subDescSamuraiShadowStep02|Decreases the mana cost of shadow step.||||降低暗影步伐的法力消耗。||||
subDescSamuraiShadowStep03|Chance to stun monsters on hit.||||擊中時有機率擊暈怪物。||||
subDescSamuraiShadowStep04|Increases damage dealt to stunned enemies.||||增加對暈眩敵人造成的傷害。||||
subDescSamuraiShadowStep05|Chance on cast to summon shadow clones to mimic your shadow step on a nearby target.||||施法時有機率召喚暗影克隆來模仿你對附近目標的暗影步。||||
subDescSamuraiShadowStep06|Stunning an enemy with shadow step has a chance to increase your damage & cast rate for a short period stacking up to eight times.||Atordoar um inimigo com o Passo Sombrio tem uma chance de aumentar seu dano e velocidade de conjuração por um curto período, acumulando até oito vezes.|Оглушение врага с помощью «Шага тени» увеличивает ваш урон и скорость произнесения заклинаний на короткий период времени, суммируясь до восьми раз.|使用暗影步擊暈敵人時有機率在短時間內提高你的傷害與施法速度，最多可疊加八次。|シャドウステップで敵をスタンさせると、短時間ダメージと詠唱速度が増加し、最大8回まで重複する。|그림자 걸음으로 적을 기절시키면 잠시 동안 피해량과 시전 속도가 증가하여 최대 8회까지 중첩됩니다.|Das Betäuben eines Feindes mit dem Schattenschritt hat Chance, deinen Schaden und deine Zauberrate für kurze Zeit zu erhöhen und stapelt sich bis zu acht Mal.|Étourdir un ennemi avec le pas d’ombre a une chance d’augmenter vos dégâts et votre vitesse de lancement pendant une courte période en s’empilant jusqu’à huit fois.|Aturdir un enemigo con el paso de sombra tiene probabilidad de aumentar tus daños y velocidad de lanzamiento durante un corto período apilándose hasta ocho veces.|Ogłuszenie wroga shadow step ma szansę zwiększyć twoje obrażenia i szybkość rzucania na krótki czas, stackując się do ośmiu razy.
subDescSamuraiShadowStep07|Chance on cast to deal damage additional times upon arrival.||||抵達後有機率額外造成傷害。||||
subDescSamuraiShadowStep08|Inflict armor break on hit.||||擊中時造成護甲破壞。||||
subDescSamuraiShadowStep09|Increases cast rate when using shadow step.||||使用暗影步伐時提高施法速度。||||
subDescSamuraiShadowStep10|Increases area of effect radius for a portion of your bonus movement speed.||||一部分的增加移動速度效果作用於增加效果半徑範圍上。||||
subDescSamuraiShadowStep11|Additionally summons a storm of daggers from the sky on hit.||||擊中時還會從天上召喚出一陣匕首風暴。||||
subDescSamuraiShadowStep12|When landing nearby corpses are consumed to unleash a shadow explosion dealing area of effect damage and inflict burning.||||當著陸時, 附近的屍體會被消耗並釋放出暗影爆炸, 對區域造成傷害並造成燃燒。||||
subDescSamuraiShadowStep13|Pull nearby monsters towards you unleashing bolts of shadow energy into all directions when landing dealing additional damage and stunning them.||||將附近的怪物拉向您, 在著陸時向各個方向釋放暗影能量箭, 造成額外傷害並擊暈它們。||||
subDescSamuraiShadowStep14|Shadow step now pulsates additional times inflicting arcane break.||||暗影步伐現在會有額外的脈衝造成奧術破壞。||||
subSamuraiEmpiresSlash01|Steel Cutter||||鋼鐵切割||||
subSamuraiEmpiresSlash02|Destructive Force||||破壞力||||
subSamuraiEmpiresSlash03|Mastering The Sword||||掌握劍法||||
subSamuraiEmpiresSlash04|On The Mark||||標記上||||
subSamuraiEmpiresSlash05|Emperor's Command||||皇帝的命令||||
subSamuraiEmpiresSlash06|Piercing Backslash||||穿透反向斬||||
subSamuraiEmpiresSlash07|Slithering Blade||||滑行之刃||||
subSamuraiEmpiresSlash08|Absorb Life||||吸收生命||||
subSamuraiEmpiresSlash09|Wounding Slash||||創傷斬||||
subSamuraiEmpiresSlash10|Time To Spare||||備用時間||||
subSamuraiEmpiresSlash11|Unbridled Rage||||恣意憤怒||||
subSamuraiEmpiresSlash12|Bloodcovered Edge||||血刃||||
subSamuraiEmpiresSlash13|Cone Of Death||||死亡之錐||||
subSamuraiEmpiresSlash14|Muda Muda Muda Muda Muda||||無用無用無用無用無用||||
subDescSamuraiEmpiresSlash01|Increases the damage dealt by empire´s slash.||||增加帝國斬造成的傷害。||||
subDescSamuraiEmpiresSlash02|Increases the area of effect of empire´s slash.||||增加帝國斬的效果範圍。||||
subDescSamuraiEmpiresSlash03|Increases the attack speed of empire’s slash when wielding a 2-handed weapon.||||提高使用雙手武器時帝國斬的攻擊速度。||||
subDescSamuraiEmpiresSlash04|Increases the attack rating when using empire´s slash.||||提高使用帝國斬時的攻擊命中率。||||
subDescSamuraiEmpiresSlash05|Executes monsters after a threshold.||||在達到閾值後處決怪物。||||
subDescSamuraiEmpiresSlash06|Gain additional critical strike damage when using empire’s slash.||||使用帝國斬時可獲得額外的暴擊傷害。||||
subDescSamuraiEmpiresSlash07|Gain additional critical strike chance when using empire’s slash.||||使用帝國斬時可獲得額外的暴擊率。||||
subDescSamuraiEmpiresSlash08|Increases life steal when using empire´s slash.||||使用帝國斬時增加生命偷取。||||
subDescSamuraiEmpiresSlash09|Chance to inflict bleed on hit.||||擊中時有機率造成流血。||||
subDescSamuraiEmpiresSlash10|Increases the blink range.||Aumenta o alcance do teleporte.|Вы больше не телепортируетесь на фиксированное расстояние. Дальность телепортации увеличена.|增加閃現範圍。|固定距離へのテレポートではなくなる。テレポート範囲が増加。|더 이상 고정된 거리를 순간이동하지 않습니다. 순간이동 범위가 증가했습니다.|Erhöht die Blink-Reichweite.|Augmente la portée du clignement.|Aumenta el alcance del parpadeo.|Zwiększa zasięg blink.
subDescSamuraiEmpiresSlash11|Perform a series of slashes in multiple directions after teleporting.||||傳送後向多個方向進行一系列斬擊。||||
subDescSamuraiEmpiresSlash12|Monsters hit by empire´s slash rebound an additional empire´s slash towards a nearby monster. Empire´s slash now has a cooldown.||||被帝國斬擊中的怪物會向附近的怪物反彈額外的帝國斬. 帝國斬現在有冷卻時間。||||
subDescSamuraiEmpiresSlash13|Empire slash attacks with multiple smaller slashes in a cone infront of you.||O Golpe do Império não teletransporta mais e ataca com múltiplos golpes menores em um cone à sua frente.|«Имперский удар» больше не телепортируется и не атакует несколькими меньшими ударами в конусе перед вами.|帝國斬不再進行傳送，改為在你面前的錐形區域內進行多次小範圍揮砍。|エンパイアスラッシュはテレポートしなくなり、前方の円錐範囲に複数の小さい斬撃を繰り出す。|제국의 베기는 더 이상 순간이동하지 않으며, 당신 앞에 원뿔 모양으로 여러 개의 작은 베기를 공격합니다.|Der Kaiser-Hieb teleportiert nicht mehr und greift mit mehreren kleineren Hieben in einem Kegel vor dir an.|L’entaille de l’empire ne se téléporte plus et attaque avec plusieurs entailles plus petites en cône devant vous.|El corte del imperio ya no se teletransporta y ataca con múltiples cortes más pequeños en un cono frente a ti.|Empire slash nie teleportuje już i atakuje wieloma mniejszymi cięciami w stożku przed tobą.
subDescSamuraiEmpiresSlash14|Perform a huge attack covering the whole screen dealing high damage. Empire´s slash no longer teleports you and now has a cooldown.||||進行覆蓋整個螢幕的巨大攻擊,造成高傷害. 帝國斬不再傳送你並且現在有冷卻時間。||||
subPaladinVengeance01|Higher Frequency||||高級頻率||||
subPaladinVengeance02|Uncontrolled Spike||||不受控尖刺||||
subPaladinVengeance03|Amped Amps||||興奮電流||||
subPaladinVengeance04|Power Surge||||電能浪湧||||
subPaladinVengeance05|Recharging Strike||||充能打擊||||
subPaladinVengeance06|Overclock||||超頻||||
subPaladinVengeance07|Copper-plated Blade Edge||||鍍銅刀刃||||
subPaladinVengeance08|Direct Current||||直流電||||
subPaladinVengeance09|Destructive Voltage||||破壞電壓||||
subPaladinVengeance10|Alternative Current||||交流電||||
subPaladinVengeance11|Charge Release||||充能釋放||||
subPaladinVengeance12|Thunderbolt||||雷霆箭||||
subPaladinVengeance13|Electric Pillars||||電流柱||||
subPaladinVengeance14|Self Shock||||震撼自我||||
subDescPaladinVengeance01|Increases attack speed when using vengeance.||||使用復仇時提高攻擊速度。||||
subDescPaladinVengeance02|Increases the amount of lightning bolts from vengeance.||||增加復仇閃電箭的數量。||||
subDescPaladinVengeance03|Increases the lightning damage dealt by vengeance.||||增加復仇造成的閃電傷害。||||
subDescPaladinVengeance04|Increases the attack damage dealt by vengeance according to your strength.||||根據你的力量增加復仇造成的攻擊傷害。||||
subDescPaladinVengeance05|Vengeance restores a portion of damage dealt as mana on hit.||||復仇擊中時造成的部分傷害會恢復法力。||||
subDescPaladinVengeance06|Vengeance has increased attack range. No longer requires hitting a target.||||復仇增加了攻擊距離。不再需要擊中目標。||||
subDescPaladinVengeance07|Chance to critically spell hit with increased critical strike damage.|||Вероятность критического удара заклинанием с увеличенным критическим уроном. |有機率造成暴擊，增加暴擊傷害|クリティカルスペルヒットの発生確率とクリティカルダメージが増加する|치명타 피해가 증가하여 치명타 주문이 적중할 확률이 높아집니다. |||
subDescPaladinVengeance08|Increases the length of lightning bolts.||||增加閃電箭的長度。||||
subDescPaladinVengeance09|Vengeance's lightning bolts have a chance to inflict lightning break on hit.||||復仇的閃電擊中時有一定幾率造成閃電破壞。||||
subDescPaladinVengeance10|Vengeance's lightning bolts have a chance to zap monsters on hit dealing additional damage.||||復仇的閃電箭有幾率擊中怪物，造成額外傷害。||||
subDescPaladinVengeance11|Lightning now releases pulses of lightning on hit dealing area of effect damage.||||閃電現在會在擊中時釋放閃電脈衝，造成一定範圍的傷害。||||
subDescPaladinVengeance12|Strike monsters with additional bolts of thunder on hit.||||擊中時用額外的閃電箭攻擊怪物。||||
subDescPaladinVengeance13|Summon pillars of electricity to nearby monsters on hit.||||擊中時向附近的怪物召喚電流柱。||||
subDescPaladinVengeance14|Lightning bolts now inflict a portion of your total damage return as lightning damage.||||現在閃電箭會依據你的總傷害返回造成閃電傷害。||||
subPaladinDivineStorm01|Overloaded Coil||||過載線圈||||
subPaladinDivineStorm02|Charged Cells||||充能牢房||||
subPaladinDivineStorm03|Divine Ionization||||神聖離子化||||
subPaladinDivineStorm04|Voltage Charge||||伏特充能||||
subPaladinDivineStorm05|Electron Jump||||電子跳躍||||
subPaladinDivineStorm06|Heaven's Interference||||天堂干涉||||
subPaladinDivineStorm07|Blow the Fuse||||熔斷保險絲||||
subPaladinDivineStorm08|Overwhelming Power||||壓倒性力量||||
subPaladinDivineStorm09|Precision of the Storm||||精準風暴||||
subPaladinDivineStorm10|Dashing Flow||||衝撞流||||
subPaladinDivineStorm11|Chaining Storm||||連鎖風暴||||
subPaladinDivineStorm12|Eye of the Storm||||風暴之眼||||
subPaladinDivineStorm13|Bad Omens||||不祥之兆||||
subPaladinDivineStorm14|Charged Hurricane||||蓄力颶風||||
subDescPaladinDivineStorm01|Increases the area of effect radius of divine storm.||||增加神聖風暴的範圍效果。||||
subDescPaladinDivineStorm02|Chance on hit to inflict stasis for a portion of the damage.||||擊中時的部分傷害有機率造成停滯。||||
subDescPaladinDivineStorm03|Chance to inflict elemental break on hit.||||命中時有機率造成元素破壞。||||
subDescPaladinDivineStorm04|Chance to gain increased damage return on hit.||||命中時有機率獲得更高的傷害返回。||||
subDescPaladinDivineStorm05|Chance on hit to gain increased defense for a short period.||||命中時時有機率在短時間內提高防禦力。||||
subDescPaladinDivineStorm06|Chance on cast to perform an additional storm.||||有機率釋放額外的風暴。||||
subDescPaladinDivineStorm07|Chance on cast to zap enemies hit with lightning bolts.||||消滅敵人時有機率施放閃電箭。||||
subDescPaladinDivineStorm08|Increases damage dealt by divine storm.||||增加神聖風暴造成的傷害。||||
subDescPaladinDivineStorm09|Increases attack speed when using divine storm.||||使用神聖風暴時提高攻擊速度。||||
subDescPaladinDivineStorm10|Divine storm now travels forward for a short distance.||||神聖風暴現在向前行進了一小段距離。||||
subDescPaladinDivineStorm11|Divine Storm inflicts monsters with zapper causing attacks on the monster to unleash chain lightning.||||神聖風暴對怪物造成電擊，對怪物進行攻擊並釋放連鎖閃電。||||
subDescPaladinDivineStorm12|Unleash a storm around you dealing area of effect damage and inflicting lightning break. Divine storm now has a cooldown.||||在你周圍釋放風暴，造成範圍傷害並造成閃電破壞。神聖風暴現在有冷卻時間。||||
subDescPaladinDivineStorm13|Divine Storm slowly expands from it's casting area unleashing chain lightning on hit. Divine storm now has a cooldown.||||神聖風暴從釋放區域緩慢擴張，擊中時釋放出連鎖閃電。神聖風暴現在有冷卻時間。||||
subDescPaladinDivineStorm14|Divine Storm now forms an electrically charged hurricane that whirls to a random direction.||||神聖風暴現在形成一股帶電颶風，向隨機方向旋轉。||||
subPaladinHolyShockAura01|Adjusted Fuses||||調節保險絲||||
subPaladinHolyShockAura02|Larger Grid||||大型框架||||
subPaladinHolyShockAura03|Double the Hz||||雙倍赫茲||||
subPaladinHolyShockAura04|Voltage Increase||||伏特增加||||
subPaladinHolyShockAura05|Concentrated Aura||||集中靈氣||||
subPaladinHolyShockAura06|Rupturing Lightning||||破裂閃電||||
subPaladinHolyShockAura07|Charge Mark||||充電標記||||
subPaladinHolyShockAura08|Conduit||||導管||||
subPaladinHolyShockAura09|Friendly Electron Flow||||友善電流||||
subPaladinHolyShockAura10|Defensive Charge||||防守衝鋒||||
subPaladinHolyShockAura11|Surging Wrath||||憤怒浪湧||||
subPaladinHolyShockAura12|Lightning Tether||||閃電拘束||||
subPaladinHolyShockAura13|Chain Thunder||||連鎖雷霆||||
subPaladinHolyShockAura14|Gathering Storm||||風暴聚集||||
subDescPaladinHolyShockAura01|Chance to trigger a lightning explosion dealing additional damage on hit.||||擊中時有幾率觸發閃電爆炸造成額外傷害。||||
subDescPaladinHolyShockAura02|Increases the area of effect radius of holy shock aura.||||增加神聖衝擊光環的範圍效果。||||
subDescPaladinHolyShockAura03|Increases the hit frequency of holy shock aura.||||增加神聖衝擊光環的傷害頻率。||||
subDescPaladinHolyShockAura04|Increases damage dealt by holy shock aura.||||增加神聖衝擊光環造成的傷害。||||
subDescPaladinHolyShockAura05|Holy shock aura now deals increased damage in a cone in front of you instead.||||神聖衝擊光環現在會對你面前的錐形區域造成更高的傷害。||||
subDescPaladinHolyShockAura06|Chance to inflict lightning break on hit.||||擊中時有機率造成閃電破壞。||||
subDescPaladinHolyShockAura07|Chance to inflict stasis on hit.||||有機率在擊中時造成停滯。||||
subDescPaladinHolyShockAura08|Increases damage dealt to bosses.||||增加對Boss造成的傷害。||||
subDescPaladinHolyShockAura09|Gain a stacking buff increasing lightning damage on hit.||||擊中時獲得增加閃電傷害的疊層增益，。||||
subDescPaladinHolyShockAura10|Chance to increase your defense and lightning resistance on hit.||||擊中時有機率提高你的防禦力和的閃電抗性。||||
subDescPaladinHolyShockAura11|Increases the hit frequency and damage dealt by holy shock aura.||||增加神聖衝擊光環的傷害頻率和造成傷害。||||
subDescPaladinHolyShockAura12|Holy shock aura no longer deals periodical damage. Instead creates a tether of lightning between you and all monsters inside its radius dealing constant damage.||||神聖衝擊光環不再造成週期性傷害。相反，會在你和其半徑內的所有怪物之間創建一道閃電連結，造成持續傷害。||||
subDescPaladinHolyShockAura13|Unleash chain lightning on hit dealing increased damage.||||擊中時釋放連鎖閃電，造成更高傷害。||||
subDescPaladinHolyShockAura14|Stack up static energy from monsters inside the aura radius and release a massive storm of lightning novas dealing damage on an increased radius.||||累積光環半徑內怪物的靜態能量，並釋放巨大的閃電新星風暴，對更大的範圍造成傷害。||||
subPaladinBallLightning01|Outbursting Charge||||爆發衝鋒||||
subPaladinBallLightning02|Thicker Coil||||加大線圈||||
subPaladinBallLightning03|Flash from the Sky||||從天而降的閃光||||
subPaladinBallLightning04|Overcharge||||過度充電||||
subPaladinBallLightning05|Rapid Retreat||||快速撤退||||
subPaladinBallLightning06|Charged Bolts||||充能彈||||
subPaladinBallLightning07|Phantom Ball||||幻影球||||
subPaladinBallLightning08|Within the Storm||||風暴之中||||
subPaladinBallLightning09|Efficient Vains||||高效特質||||
subPaladinBallLightning10|Angelic Interference||||天使干預||||
subPaladinBallLightning11|Hovering Bolt||||盤旋彈||||
subPaladinBallLightning12|Pulsating Thunderball||||脈衝雷球||||
subPaladinBallLightning13|Righteous Leap||||正義之躍||||
subPaladinBallLightning14|Charging Ball||||充電球||||
subDescPaladinBallLightning01|Increases the damage dealt by ball lightning.||||增加球狀閃電造成的傷害。||||
subDescPaladinBallLightning02|Gain increased lightning resistance when using ball lightning.||||使用球狀閃電時，獲得更高的閃電抗性。||||
subDescPaladinBallLightning03|Increases the critical strike damage when using ball lightning.||||增加使用球狀閃電時的暴擊傷害。||||
subDescPaladinBallLightning04|Chance to critically hit when using ball lightning.||||使用球狀閃電時有幾率造成暴擊。||||
subDescPaladinBallLightning05|When landing gain increased movement speed and defense for a short period.||||落地時會在短時間內提高移動速度和防禦力。||||
subDescPaladinBallLightning06|When landing additionally unleash multiple charged bolts bouncing off of terrain dealing additional damage. ||||著陸時還會釋放多個充能彈，從地形上彈起，造成額外傷害。||||
subDescPaladinBallLightning07|Chance when casting to summon phantom illusions jumping into nearby monsters dealing additional damage.||||施法時有幾率召喚幻影跳入附近的怪物身上，造成額外傷害。||||
subDescPaladinBallLightning08|Chance when landing to render you immune to all damage for a short period.||||著陸時有機率讓你在短時間內免疫所有傷害。||||
subDescPaladinBallLightning09|Decreases the mana cost of ball lightning.||||降低球狀閃電的法力消耗。||||
subDescPaladinBallLightning10|When below 25% life ball lightning gains increased speed, damage, area of effect and knocks monsters into the air.||||當生命值低於25%時，閃電球的速度、傷害、效果範圍都會提高，並將怪物擊飛到空中。||||
subDescPaladinBallLightning11|Become an orb of lightning and hover to the target location unleashing chain lightning on nearby monsters.||||變成一個閃電球並懸停到目標位置，向附近的怪物釋放連鎖閃電。||||
subDescPaladinBallLightning12|When landing you instead bounce multiple times releasing electrified pulses with increased damage and area of effect radius when landing.||||著陸時，您會彈跳多次，釋放帶電脈衝，從而增加著陸時的傷害和效果範圍。||||
subDescPaladinBallLightning13|When landing taunt nearby monsters and increases your damage return for a short period.||||著陸時會嘲諷附近的怪物並在短時間內增加你的傷害返回。||||
subDescPaladinBallLightning14|Unleash a charged storm of lightning on nearby monsters when landing dealing increased damage with increased area of effect radius. Ball lightning now has a cooldown.||||著陸時向附近的怪物釋放一道閃電風暴，造成更大的傷害並擴大範圍效果。球狀閃電現在有冷卻時間。||||
subPaladinLightningFury01|Lightning Stasis||||停滯閃電||||
subPaladinLightningFury02|Retribution||||報應||||
subPaladinLightningFury03|Million Volt Charge||||百萬伏特充能||||
subPaladinLightningFury04|Crackling Thunder||||爆裂雷霆||||
subPaladinLightningFury05|Breaking Soundbarrier||||打破音障||||
subPaladinLightningFury06|Electro Pulse||||電能脈衝||||
subPaladinLightningFury07|Forking Bolt||||分岔箭||||
subPaladinLightningFury08|Low Resistance||||低阻力||||
subPaladinLightningFury09|Double Conduit||||雙導管||||
subPaladinLightningFury10|Maximize Fury||||憤怒最大化||||
subPaladinLightningFury11|Storm Surge||||風暴浪湧||||
subPaladinLightningFury12|Concentrated Fury||||集中怒火||||
subPaladinLightningFury13|Ionizing Fury||||電離之怒||||
subPaladinLightningFury14|Fury Within||||內心之怒||||
subDescPaladinLightningFury01|Increases the amount of bounces.||||增加反彈數量。||||
subDescPaladinLightningFury02|Increases damage dealt by lightning fury based on your strength.||||根據你的力量增加閃電之怒造成的傷害。||||
subDescPaladinLightningFury03|Increases lightning damage dealt by lightning fury.||||增加閃電之怒造成的閃電傷害。||||
subDescPaladinLightningFury04|Chance to inflict lightning break on hit.||||擊中時有機率造成閃電破壞。||||
subDescPaladinLightningFury05|Chance on attack to increase the amount of bounces.||||攻擊時有機率增加反彈數量。||||
subDescPaladinLightningFury06|Chance on chain lightning hit to unleash electric pulses dealing area of effect damage.||||連鎖閃電擊中時有機率釋放電能脈衝，造成一定範圍的傷害。||||
subDescPaladinLightningFury07|Chance on hit to fork into an additional chain lightning.||||擊中時有機率分叉成額外的連鎖閃電。||||
subDescPaladinLightningFury08|Increases attack speed when using lightning fury.||||使用閃電之怒時提高攻擊速度。||||
subDescPaladinLightningFury09|Chance to call down bolts of thunder on hit dealing additional damage.||||擊中時有機率召喚雷霆，造成額外傷害。||||
subDescPaladinLightningFury10|Increases spell critical chance and damage when using lightning.||||使用閃電時增加法術暴擊幾率和傷害。||||
subDescPaladinLightningFury11|Unleash a wide surge of lightning on hit with increased area of effect and dealing additional damage.||||擊中時釋放大範圍閃電，擴大範圍效果並造成額外傷害。||||
subDescPaladinLightningFury12|Summon an orb of lightning orbiting you and zapping nearby monsters.||||召喚一個圍繞你旋轉的閃電球並攻擊附近的怪物。||||
subDescPaladinLightningFury13|Chance on hit to halve the damage but double the amount of bounces and inflicting stasis.||||擊中時有機率使傷害減半，但反彈數量加倍並造成停滯。||||
subDescPaladinLightningFury14|Lightning fury now triggers without hitting enemies increasing its range and damage.||||閃電之怒現在會在不擊中敵人的情況下觸發，從而增加其距離和傷害。||||
subPaladinHolyBolt01|Divine Combustion||||神聖燃燒||||
subPaladinHolyBolt02|Heaven's Help||||天堂援助||||
subPaladinHolyBolt03|Lightforce||||光之力||||
subPaladinHolyBolt04|Bolt Rampage||||狂暴箭||||
subPaladinHolyBolt05|Rewarded by the Angels||||天使的獎勵||||
subPaladinHolyBolt06|Call of Justice||||正義召喚||||
subPaladinHolyBolt07|Strengthened Will||||堅強意志||||
subPaladinHolyBolt08|Spoils of Holy War||||聖戰的戰利品||||
subPaladinHolyBolt09|Illumination||||照亮||||
subPaladinHolyBolt10|Reveal the Sinners||||揭露罪人||||
subPaladinHolyBolt11|Rolling Judgement||||滾動審判||||
subPaladinHolyBolt12|Touch of Righteousness||||正義之觸||||
subPaladinHolyBolt13|Righteous Path||||正義之徑||||
subPaladinHolyBolt14|Divine Assbeating||||神聖背擊||||
subDescPaladinHolyBolt01|Inflicts burning for a portion of the damage.||||造成的一部分傷害將燃燒目標。||||
subDescPaladinHolyBolt02|Increases projectile speed.||||增加投射物速度。||||
subDescPaladinHolyBolt03|Unleash a pulse of holy essence dealing area of effect damage on hit.||||釋放神聖精華脈衝，擊中時造成一定範圍的傷害。||||
subDescPaladinHolyBolt04|Unleash multiple holy bolts with halved damage.||||釋放多支聖光彈，傷害減半。||||箭，傷害減半。||||
subDescPaladinHolyBolt05|Chance to replenish a portion of your maximum life on hit.||||擊中時有機率回復部分最大生命。||||
subDescPaladinHolyBolt06|Chance to ricochet into a nerby monster with increased damage on hit.||||有機率彈射到附近怪物身上，擊中時造成的傷害增加。||||
subDescPaladinHolyBolt07|Increases damage dealt by holy bolt.||||增加聖光彈造成的傷害。||||
subDescPaladinHolyBolt08|Chance on kill to drop increased amount of gold.||||擊殺時有機率掉落更多金幣。||||
subDescPaladinHolyBolt09|Chance on hit to summon a pillar of light inflicting arcane break and dealing area of effect damage.||||擊中時有幾率召喚一道光柱，造成奧術突破並造成範圍傷害。||||
subDescPaladinHolyBolt10|Mark targets as sinners on hit. Damaging a sinner unleashes holy smite dealing additional arcane damage.||||擊中時將目標標記為罪人。傷害罪人會釋放神聖重擊，造成額外的奧術傷害。||||
subDescPaladinHolyBolt11|Holy bolt travels slower but grows larger over time ticking faster and dealing increased damage based on it´s size.||||神聖箭的移動速度變慢，但隨著時間的過去會變得更大，速度更快，並根據其大小造成更大的傷害。||||
subDescPaladinHolyBolt12|Unleash a holy nova on allied impact healing allies and damaging foes.||||釋放神聖新星對盟軍造成影響，治癒盟友並傷害敵人。||||
subDescPaladinHolyBolt13|Unleash a barrage of holy bolts dealing increased damage. Holy bolt now has a cooldown.||||釋放一連串聖光彈，造成更高傷害。神聖之箭現在有冷卻時間。||||
subDescPaladinHolyBolt14|Unleash righteous fists instead attaching on to monsters on hit dealing damage over time and exploding dealing area of effect damage.||||變為釋放正義的拳頭，擊中時附著在怪物身上，隨著時間的推移造成傷害，並爆炸造成範圍效果傷害。||||
subPaladinHolyNova01|Crusade Allies||||十字軍盟友||||
subPaladinHolyNova02|Practical Punishment||||實際懲罰||||
subPaladinHolyNova03|Strength Prayer||||力量禱告||||
subPaladinHolyNova04|Strong Faith||||堅定信念||||
subPaladinHolyNova05|Spiritual Awakening||||精神覺醒||||
subPaladinHolyNova06|Restore Light||||恢復之光||||
subPaladinHolyNova07|Blessing Buff||||祝福增益||||
subPaladinHolyNova08|Warrior's Light||||戰士之光||||
subPaladinHolyNova09|Deliver Consequences||||帶來後果||||
subPaladinHolyNova10|Heaven's Chosen||||天選之人||||
subPaladinHolyNova11|Righteous Transaction||||正義交易||||
subPaladinHolyNova12|Mark of Judgement||||審判印記||||
subPaladinHolyNova13|Remote Prayer||||遠距祈禱||||
subPaladinHolyNova14|Faith's Winds||||信仰之風||||
subDescPaladinHolyNova01|Allies healed by holy nova take reduced damage for a short period.||||受到神聖新星治療的盟友在短時間內受到的傷害會減少。||||
subDescPaladinHolyNova02|Chance to stun monsters on hit.||||擊中時有機率擊暈怪物。||||
subDescPaladinHolyNova03|Increases area of effect radius of holy nova.||||增加神聖新星的範圍效果。||||
subDescPaladinHolyNova04|Increases the damage dealt by holy nova.||||增加神聖新星造成的傷害。||||
subDescPaladinHolyNova05|Holy nova no longer heals you or your allies but recovers a portion of your maximum mana instead.||||神聖新星不再治療你或你的盟友，而是恢復你最大法力的一部分。||||
subDescPaladinHolyNova06|Holy nova heals you for a portion of your missing life.||||神聖新星治癒了你生命中缺失的一部分。||||
subDescPaladinHolyNova07|Chance on cast to increase your and allied arcane damage and magic find for a short period.||||施法時有機率在短時間內增加你和盟友的奧術傷害和掉寶率。||||
subDescPaladinHolyNova08|Increases damage dealt by holy nova scaling with your vitality.||||神聖新星因你的生命值增減增加所造成的傷害。||||
subDescPaladinHolyNova09|Increases damage dealt by holy nova and gives a chance to instantly execute non-boss targets affected by mark of judgement.||||增加神聖新星造成的傷害，並有機率立即處決受審判印記影響的非Boss目標。||||
subDescPaladinHolyNova10|Chance on cast to unleash an additional holy nova.||||有機率釋放額外的神聖新星。||||
subDescPaladinHolyNova11|Steal a portion of target life on hit over time.||||隨著時間的推移，擊中目標時竊取部分生命。||||
subDescPaladinHolyNova12|Mark target monsters with judgement on hit causing them to take increased damage on hit consuming the mark.||||擊中時對目標怪物進行審判印記，再次擊中消耗標記使它們受到更多傷害。||||
subDescPaladinHolyNova13|Holy nova now heals all allies within the same area with increased power.||||神聖新星現在可以以增強的力量治癒同一區域內的所有盟友。||||
subDescPaladinHolyNova14|Unleash multiple smaller orbiting novas around you.||||在你周圍釋放多個較小的環繞星。||||
subPaladinHolyHammer01|Anvil Smash||||鐵砧粉碎||||
subPaladinHolyHammer02|Blessed Light||||祝福之光||||
subPaladinHolyHammer03|Divine Prayer||||神聖祈禱||||
subPaladinHolyHammer04|Free of Sin||||脫離罪惡||||
subPaladinHolyHammer05|Smite||||懲擊||||
subPaladinHolyHammer06|Double Forge||||雙鍛造||||
subPaladinHolyHammer07|Thor’s Revenge||||索爾復仇||||
subPaladinHolyHammer08|Sacred Hammer||||神聖之錘||||
subPaladinHolyHammer09|Colossus Hammer||||巨像錘||||
subPaladinHolyHammer10|Slamming Mallet||||敲擊木槌||||
subPaladinHolyHammer11|Divine Lightning||||神聖閃電||||
subPaladinHolyHammer12|Returning Lightforge||||回歸光鑄||||
subPaladinHolyHammer13|Orbital Light||||環繞之光||||
subPaladinHolyHammer14|Chaining Mallet||||鎖鏈槌||||
subDescPaladinHolyHammer01|Increases holy hammer projectile speed.||||增加神聖之錘的投射物速度。||||
subDescPaladinHolyHammer02|Increases damage dealt by holy hammer.||||增加神聖之錘造成的傷害。||||
subDescPaladinHolyHammer03|Decreases holy hammer mana cost.||||降低神聖之錘法力消耗。||||
subDescPaladinHolyHammer04|Decreases movement diminish when using holy hammer.||||減少使用神聖之錘時，移動速度降低的效果。||||
subDescPaladinHolyHammer05|Chance on hit to ricochet an additional hammer into the closest monster.||||擊中時有機率將額外的神聖之錘彈射到最近的怪物身上。||||
subDescPaladinHolyHammer06|Chance on cast to unleash an additional hammer.||||施法時有機率釋放額外的鐵鎚。||||
subDescPaladinHolyHammer07|Chance on hit to drop a hammer down from the sky dealing area of effect damage.||||擊中時有機率從天而降錘子，造成一定的範圍傷害。||||
subDescPaladinHolyHammer08|Inflicts arcane break on hit.||||擊中時造成奧術破壞。||||
subDescPaladinHolyHammer09|Increases the size of holy hammers.||||增加神聖之錘的尺寸。||||
subDescPaladinHolyHammer10|Hammers now knock monsters back unleashing a holy pulse on hit dealing area of effect damage.||||錘子現在可以擊退怪物，擊中時釋放神聖脈衝，造成範圍傷害。||||
subDescPaladinHolyHammer11|Hammers unleash a chain of divine lightning on hit.||||錘子擊中時會釋放出一連串神聖閃電。||||
subDescPaladinHolyHammer12|Throw multiple hammers traveling in a straight line and returning to you. Hammers no longer orbit.||||丟出多個沿直線行進並返回給你的錘子。錘子不再環繞自身。||||
subDescPaladinHolyHammer13|Hammers now follow you with increased radius and damage.||||錘子現在會跟隨你，半徑和傷害都會增加。||||
subDescPaladinHolyHammer14|Throw hammers that chain on hit dealing area of effect damage.||||投擲錘子，擊中時連鎖造成一定範圍的傷害。||||
subPaladinFistOfTheHeavens01|One with the Faith||||與信仰合一||||
subPaladinFistOfTheHeavens02|Guardian Angels||||守護天使||||
subPaladinFistOfTheHeavens03|Punish the Sinners||||懲罰罪人||||
subPaladinFistOfTheHeavens04|Trust in Faith||||相信信仰||||
subPaladinFistOfTheHeavens05|Heaven's Wrath||||天堂之怒||||
subPaladinFistOfTheHeavens06|Heaven's Might||||天堂之力||||
subPaladinFistOfTheHeavens07|Divine Reach||||神聖之觸||||
subPaladinFistOfTheHeavens08|Crusader of Heavens||||天堂十字軍||||
subPaladinFistOfTheHeavens09|Halting Luminosity||||靜止之光||||
subPaladinFistOfTheHeavens10|Blessed One||||受祝福的||||
subPaladinFistOfTheHeavens11|Divine Explosion||||神聖爆炸||||
subPaladinFistOfTheHeavens12|Forceful Salvation||||強力救援||||
subPaladinFistOfTheHeavens13|Immaculate Warrior||||完美戰士||||
subPaladinFistOfTheHeavens14|Tiring Combat||||疲憊戰鬥||||
subDescPaladinFistOfTheHeavens01|Increases the amount of projectiles.||||增加投射物數量。||||
subDescPaladinFistOfTheHeavens02|Increases damage dealt by fist of the heavens.||||增加天堂之拳造成的傷害。||||
subDescPaladinFistOfTheHeavens03|Chance to inflict arcane break on hit.||||命中時有機率造成奧術破壞。||||
subDescPaladinFistOfTheHeavens04|Decreases fist of the heavens mana cost.||||降低天堂之拳的法力消耗。||||
subDescPaladinFistOfTheHeavens05|Holy bolts now return back to the point of impact dealing increased damage.||||聖光彈現在返​​回到撞擊點，造成更大的傷害。||||
subDescPaladinFistOfTheHeavens06|Chance to stun target on hit.||||擊中時有機率擊暈目標。||||
subDescPaladinFistOfTheHeavens07|Increases cast rate when using fist of the heavens.||||提高使用天堂之拳時的施法速度。||||
subDescPaladinFistOfTheHeavens08|Chance on cast to summon an additional fist.||||施法時有機率召喚額外的拳頭。||||
subDescPaladinFistOfTheHeavens09|Inflicts slow on hit.||||命中時造成緩慢效果。||||
subDescPaladinFistOfTheHeavens10|Fist of the heavens no longer fires holy bolts. Instead unleash a holy nova scaling its damage based on projectile amount.||||天堂之拳不再發射聖光彈。變為釋放一顆神聖新星，根據投射物數量縮放其傷害。||||
subDescPaladinFistOfTheHeavens11|Fist of heavens grows in size according to the amount of projectiles shocking the ground dealing damage in an increased area of effect radius.||||天堂之拳的大小會根據衝擊地面的投射物數量而增加，在更大的範圍效果內造成傷害。||||
subDescPaladinFistOfTheHeavens12|Unleash the fist towards target location pulsating holy bolts as it travels and then returns back to you.||||向目標位置釋放拳頭，在它行進時發出脈動的聖光彈，然後回到你身邊。||||
subDescPaladinFistOfTheHeavens13|Smash with the fist dealing increased damage based on projectile amount inflicting arcane break and knocking back targets. ||||用拳頭猛擊，根據投射物數量造成更高的傷害，造成奧術破壞並擊退目標。||||
subDescPaladinFistOfTheHeavens14|Summon multiple smaller fist of the heavens orbiting you and unleashing holy bolts on hit.||||召喚多個較小的天堂之拳圍繞你旋轉，並在擊中時釋放聖光彈。||||
subAmazonNoxiousStrike01|Corrosive Force||||腐蝕力||||
subAmazonNoxiousStrike02|Touch of Noxus||||連結之觸||||
subAmazonNoxiousStrike03|Empowered Toxins||||強化毒素||||
subAmazonNoxiousStrike04|Noxious Bolts||||毒彈||||
subAmazonNoxiousStrike05|Noxian Slash||||毒斬擊||||
subAmazonNoxiousStrike06|Corrosive Reach||||範圍腐蝕||||
subAmazonNoxiousStrike07|Envenoming Empowerment||||授予劇毒||||
subAmazonNoxiousStrike08|Glimmering Venom||||閃爍的毒液||||
subAmazonNoxiousStrike09|Crushing Corrosion||||粉碎腐蝕||||
subAmazonNoxiousStrike10|Noxious Duality||||雙重劇毒||||
subAmazonNoxiousStrike11|Spinning Speartips||||旋轉矛尖||||
subAmazonNoxiousStrike12|Explosive Toxins||||爆炸性毒素||||
subAmazonNoxiousStrike13|Elemental Fragmentation||||元素碎片||||
subAmazonNoxiousStrike14|Noxious Sequence||||連續劇毒||||
subDescAmazonNoxiousStrike01|Increases damage dealt by noxious strike.||||增加劇毒打擊造成的傷害。||||
subDescAmazonNoxiousStrike02|Increases poisoned damage inflicted by noxious strike.||||增加劇毒打擊造成的中毒傷害。||||
subDescAmazonNoxiousStrike03|Increases damage dealt to poisoned targets.||||增加對中毒目標造成的傷害。||||
subDescAmazonNoxiousStrike04|Increases projectile count on your third attack.||||增加第三次攻擊的投射物數量。||||
subDescAmazonNoxiousStrike05|Increases the damage and area of effect of your third attack.||||增加第三次攻擊的傷害和影響範圍。||||
subDescAmazonNoxiousStrike06|Increased attack damage and attack range while wielding a polearm.||||揮舞長柄武器時增加攻擊力和攻擊範圍。||||
subDescAmazonNoxiousStrike07|Killing a monster with noxious strike grants you a burst of movement speed.||||用劇毒打擊殺死怪物會讓你獲得爆發性的移動速度。||||
subDescAmazonNoxiousStrike08|Increases poison damage dealt by noxious strike.||||增加劇毒打擊造成的毒素傷害。||||
subDescAmazonNoxiousStrike09|Chance to inflict poison break on hit.||||命中時有機率造成毒素破壞。||||
subDescAmazonNoxiousStrike10|Chance on attack to perform an additional noxious strike.||||攻擊時有機率發動額外的劇毒打擊。||||
subDescAmazonNoxiousStrike11|Throw multiple spears on your third attack in an arc. The spears start spinning when hitting the ground dealing area of effect damage for a short period.||||進行第三次攻擊時以弧形的方式投擲多支長矛。長矛在擊中地面時開始旋轉，對區域造成短時間內的傷害。||||
subDescAmazonNoxiousStrike12|Poison projectiles explode on hit, dissolving into an acidic pool inflicting poison break and dealing additional damage. Acidic pool area of effect radius is increased based on your dexterity.||||劇毒投射物擊中時爆炸，溶解成酸性池，造成毒素破壞並造成額外傷害。酸性池的影響半徑範圍會根據你的敏捷而增加。||||
subDescAmazonNoxiousStrike13|Increases damage dealt by noxious strike and inflicts stacking elemental break on hit.||||增加劇毒打擊造成的傷害，並在擊中時造成疊加元素破壞。||||
subDescAmazonNoxiousStrike14|Perform additional spin attacks after the third one.||||在第三次之後進行額外的旋轉攻擊。||||
subAmazonLeapingAmbush01|Power Quads||||強大股四頭肌||||
subAmazonLeapingAmbush02|Heavyweight Slam||||重量級猛撞||||
subAmazonLeapingAmbush03|Tribal Spearnage||||部落矛舞||||
subAmazonLeapingAmbush04|Landing Blast||||落地爆炸||||
subAmazonLeapingAmbush05|Stunning Smash||||暈眩粉碎||||
subAmazonLeapingAmbush06|Crippling the Weak||||虛弱致殘||||
subAmazonLeapingAmbush07|Venomous Blastwave||||劇毒衝擊波||||
subAmazonLeapingAmbush08|Adrenaline Rush||||腎上腺素激增||||
subAmazonLeapingAmbush09|Anti-Antidote||||抗解毒劑||||
subAmazonLeapingAmbush10|Stoneskinned Warrior||||石膚戰士||||
subAmazonLeapingAmbush11|Envenomous Groundslam||||劇毒地面猛擊||||
subAmazonLeapingAmbush12|Master of Agility||||敏捷大師||||
subAmazonLeapingAmbush13|Arc of Spears||||長矛之弧||||
subAmazonLeapingAmbush14|Ground Stomper||||地面踐踏者||||
subDescAmazonLeapingAmbush01|Increases maximum leap distance.||||增加最大跳躍距離。||||
subDescAmazonLeapingAmbush02|Increases damage dealt by leaping ambush.||||增加跳躍伏擊造成的傷害。||||
subDescAmazonLeapingAmbush03|Chance to rain down falling spears on hit dealing additional damage.||||擊中時有機率掉落長矛，造成額外傷害。||||
subDescAmazonLeapingAmbush04|Increases the area of effect radius of leaping ambush.||||增加跳躍伏擊的效果範圍半徑。||||
subDescAmazonLeapingAmbush05|Chance on hit to stun the target.||||命中時有機率擊暈目標。||||
subDescAmazonLeapingAmbush06|Increases damage dealt to stunned targets.||||增加對暈眩目標造成的傷害。||||
subDescAmazonLeapingAmbush07|Chance on hit to inflict poisoned.||||擊中時有幾率造成中毒。||||
subDescAmazonLeapingAmbush08|Landing grants you a burst of attack speed and cast rate.||||著陸會為你帶來爆發的攻擊速度和施法速度。||||
subDescAmazonLeapingAmbush09|Inflicts poison break on hit.||||擊中時造成毒素破壞。||||
subDescAmazonLeapingAmbush10|Gain increased damage reduction when leaping.||||跳躍時獲得更多的傷害減免。||||
subDescAmazonLeapingAmbush11|Unleash a burst of poison from the ground on hit dealing increased damage and inflicting poisoned.||||擊中時從地面釋放出一陣毒藥，造成更高的傷害並造成中毒。||||
subDescAmazonLeapingAmbush12|Leaping ambush can now be casted through terrain with decreased damage.||||現在可以在地形中施放跳躍伏擊，並減少傷害。||||
subDescAmazonLeapingAmbush13|Throw multiple piercing spears around you upon landing dealing increased damage.||||落地時向你周圍投擲多支穿刺長矛，造成更高的傷害。||||
subDescAmazonLeapingAmbush14|When landing, stomp the ground multiple times with increased area of effect radius and dealing increased damage.||||落地時，多次踩踏地面，增加效果半徑並造成更多傷害。||||
subAmazonCausticSpearhead01|Stocked Quiver||||箭袋積蓄||||
subAmazonCausticSpearhead02|Caustic Liquid||||腐蝕性液體||||
subAmazonCausticSpearhead03|Fierce Spearheads||||兇猛矛頭||||
subAmazonCausticSpearhead04|Venomous Touch||||劇毒之觸||||
subAmazonCausticSpearhead05|Splintering Arrows||||分裂箭矢||||
subAmazonCausticSpearhead06|Tribal Hunter's Aim||||部落獵人目標||||
subAmazonCausticSpearhead07|Rapid Arrows||||快速箭矢||||
subAmazonCausticSpearhead08|Additional Venom||||額外毒液||||
subAmazonCausticSpearhead09|Arrow Wound||||箭矢創傷||||
subAmazonCausticSpearhead10|Erupting Spearheads||||噴發矛頭||||
subAmazonCausticSpearhead11|Caustic Arc||||電弧腐蝕||||
subAmazonCausticSpearhead12|Caustic Rampage||||狂暴腐蝕||||
subAmazonCausticSpearhead13|Toxic Spores||||有毒孢子||||
subAmazonCausticSpearhead14|Venomous Burst||||劇毒爆發||||
subDescAmazonCausticSpearhead01|Increases projectile amount.||||增加投射物數量。||||
subDescAmazonCausticSpearhead02|Increases poisoned damage inflicted by caustic spearhead.||||增加腐蝕矛頭造成的中毒傷害。||||
subDescAmazonCausticSpearhead03|Increases damage dealt by caustic spearhead.||||增加腐蝕矛頭造成的傷害。||||
subDescAmazonCausticSpearhead04|Inflicts the target with stacks of venom on hit increasing damage dealt by poisoned.||||擊中時對目標造成層層毒液，增加中毒造成的傷害。||||
subDescAmazonCausticSpearhead05|Spearheads have a chance to fork on hit with increased damage.||||矛頭有機率在擊中時分裂並增加傷害。||||
subDescAmazonCausticSpearhead06|Increases attack rating when using caustic spearhead.||||使用腐蝕矛頭時提高攻擊命中率||||
subDescAmazonCausticSpearhead07|Increases projectile speed.||||提高投射物速度。||||
subDescAmazonCausticSpearhead08|Chance to inflict poison break on hit.||||命中時有機率造成毒素破壞。||||
subDescAmazonCausticSpearhead09|Chance for spearheads to get stuck on enemies dealing damage over time for a short period.||||矛頭有機率卡在敵人身上，在短時間內造成傷害。||||
subDescAmazonCausticSpearhead10|Chance for spearheads to explode on hit dealing increased damage with increased area of effect radius.||||矛頭擊中時有幾率爆炸，造成的傷害增加，效果半徑也增加。||||
subDescAmazonCausticSpearhead11|Split spearheads into multiple arrows in a circle around the target on hit.||||擊中目標後，將矛頭分裂成圍繞目標的一圈內的多個箭頭。||||
subDescAmazonCausticSpearhead12|Fire additional smaller spearheads in a tighter spread increasing chance of dealing critical strikes and dealing increased critical strike damage.||||以更緊密的分佈發射更多較小的矛頭，增加暴擊機率並造成更高的暴擊傷害。||||
subDescAmazonCausticSpearhead13|Caustic spearhead leaves spores behind seeking nearby monsters and exploding on hit dealing additional damage and inflicting poisoned.||||腐蝕矛頭留下孢子尋找附近的怪物並在擊中時爆炸，造成額外傷害並造成中毒。||||
subDescAmazonCausticSpearhead14|Whenever a monster reaches maximum stacks of venom it unleashes a burst of poison dealing the full damage of venom consuming it.||||每當怪物的毒液達到最大層數時，它就會爆裂出一波毒物，造成消耗的毒液層數全部傷害。||||
subAmazonDeathFromAbove01|Rapid Spearhandling||||迅速矛操作||||
subAmazonDeathFromAbove02|Heavy Spears||||重矛||||
subAmazonDeathFromAbove03|Icebreaking Spearshower||||破冰矛雨||||
subAmazonDeathFromAbove04|Spearhandler's Intellect||||持矛者的智力||||
subAmazonDeathFromAbove05|Need for Speed||||需要速度||||
subAmazonDeathFromAbove06|Beast Slayer||||野獸殺手||||
subAmazonDeathFromAbove07|Safeheaven||||避風港||||
subAmazonDeathFromAbove08|Critical Arrowfall||||致命箭落||||
subAmazonDeathFromAbove09|Stacking Life||||堆疊生命||||
subAmazonDeathFromAbove10|Dual Spearshower||||雙重矛雨||||
subAmazonDeathFromAbove11|Spear Delivery||||釋放矛||||
subAmazonDeathFromAbove12|Ancient Device||||古代裝置||||
subAmazonDeathFromAbove13|Detonation Shower||||爆炸雨||||
subAmazonDeathFromAbove14|Storm of Spears||||長矛風暴||||
subDescAmazonDeathFromAbove01|Increases attack speed when using death from above.||Aumenta a cadência de conjuração ao usar Morte do Alto.|Увеличивает скорость произнесения заклинаний при использовании смерти сверху.|使用死亡空襲時提高攻擊速度。|「死の降下」を使用時の詠唱速度を増加する|위에서 죽음을 사용할 때 시전 속도가 증가합니다.|Erhöht die Zauberrate beim Einsatz des Todes von oben.|Augmente la vitesse de lancement lors de l’utilisation de la mort d’en haut.|Aumenta la velocidad de lanzamiento al usar la muerte desde arriba.|Zwiększa szybkość rzucania podczas używania death from above.
subDescAmazonDeathFromAbove02|Increases falling speed and damage dealt by death from above.||||增加死亡空襲的墜落速度和造成的傷害。||||
subDescAmazonDeathFromAbove03|Increases damage dealt by death from above to monsters at maximum life.||||增加死亡空襲對滿血怪物造成的傷害。||||
subDescAmazonDeathFromAbove04|Decreases mana cost when using death from above.||||降低使用死亡空襲時的法力消耗。||||
subDescAmazonDeathFromAbove05|Death from above deals additional damage based on your bonus movement speed.||||死亡空襲會根據你的額外移動速度造成額外傷害。||||
subDescAmazonDeathFromAbove06|Increases damage dealt to bosses.||||增加對Boss造成的傷害。||||
subDescAmazonDeathFromAbove07|If there are no nearby enemies, death from above covers a larger area with increased damage.||||如果附近沒有敵人，死亡空襲會覆蓋更大的區域並造成更大的傷害。||||
subDescAmazonDeathFromAbove08|Now has a chance to critically strike dealing increased damage based on your critical strike damage.||||現在有機率造成暴擊，根據你的暴擊傷害造成更高的傷害。||||
subDescAmazonDeathFromAbove09|Increase your maximum life and mana on hit for a short period.||||短時間內擊中時增加你的最大生命值和的法力值。||||
subDescAmazonDeathFromAbove10|Chance to fire an additional death from above.||||有機率從上方額外再釋放一次死亡空襲。||||
subDescAmazonDeathFromAbove11|Throw multiple spears in an arc unleashing death from above on hit.||||以弧形的方式投擲多支長矛，擊中時從怪物上方釋放死亡空襲。||||
subDescAmazonDeathFromAbove12|Summon an ancient device periodically firing death from above on nearby targets based on your cooldown recovery.||||根據你的冷卻時間恢復，召喚一個古老的裝置定期從上方向附近的目標施放死亡空襲。||||
subDescAmazonDeathFromAbove13|Chance on landing for spears to explode dealing increased damage.||||長矛落地時有幾率爆炸，造成更高傷害。||||
subDescAmazonDeathFromAbove14|Multiple waves of spears rain down over time in a larger area that slowly follows the closest enemy. Death from above now has a small cooldown.||||多波長矛會隨著時間的推移在更大的範圍內落下，並緩慢地跟隨最近的敵人。死亡空襲現在有一個很小的冷卻時間。||||
subAmazonEnvenom01|Toxic Fortune||||幸運毒物||||
subAmazonEnvenom02|Empowered Toxin||||強化毒素||||
subAmazonEnvenom03|Toxic Afterburst||||毒性爆發||||
subAmazonEnvenom04|Corrosive Liquid||||腐蝕性液體||||
subAmazonEnvenom05|Lifesap||||生命湧泉||||
subAmazonEnvenom06|Toxic Reach||||劇毒範圍||||
subAmazonEnvenom07|Spreading Disease||||傳播疾病||||
subAmazonEnvenom08|Crippling Poison||||致殘毒藥||||
subAmazonEnvenom09|Added Venom||||添加毒液||||
subAmazonEnvenom10|Venom Overflow||||毒液溢出||||
subAmazonEnvenom11|Stacked Weakness||||疊加弱點||||
subAmazonEnvenom12|Rapid End||||快速結束||||
subAmazonEnvenom13|Envenova||||傳入||||
subAmazonEnvenom14|Venomwave||||毒浪||||
subDescAmazonEnvenom01|Increases envenom proc chance.||||增加施毒的觸發幾率。||||
subDescAmazonEnvenom02|Increases poisoned damage inflicted by envenom.||||增加施毒造成的中毒傷害。||||
subDescAmazonEnvenom03|Chance for a fissure to burst twice on hit.||||擊中時裂縫有幾率爆裂兩次。||||
subDescAmazonEnvenom04|Increases damage dealt by envenom.||||增加施毒造成的傷害。||||
subDescAmazonEnvenom05|Chance to unleash a venomous nova dealing poison damage.||||有機率釋放毒素新星，對目標造成毒素傷害||||
subDescAmazonEnvenom06|Increases the area of effect radius of envenom.||||增加施毒的作用半徑範圍。||||
subDescAmazonEnvenom07|Chance to unleash an additional envenom on a nearby monster on hit.||||擊中時有機率對附近的怪物釋放額外的施毒。||||
subDescAmazonEnvenom08|Inflicts slow on hit.||||命中造成緩慢||||
subDescAmazonEnvenom09|Increases damage to poisoned targets.||||增加對中毒目標的傷害。||||
subDescAmazonEnvenom10|Chance to increase poisoned damage on hit.||||有幾率增加命中時的中毒傷害||||
subDescAmazonEnvenom11|Inflict stacking poison break on hit.||||擊中時疊加毒素破壞||||
subDescAmazonEnvenom12|Increases poisoned damage and the tick frequency of poisoned.||||增加中毒傷害和中毒頻率。||||
subDescAmazonEnvenom13|Unleash a poisonous nova instead with increased damage.||||釋放劇毒新星，傷害增加。||||
subDescAmazonEnvenom14|Unleash waves of fissures from targets dealing additional damage.||||從目標身上釋放出一波又一波的裂縫，造成額外傷害。||||
subAmazonAstropesGift01|Master of Javelin||||標槍大師||||
subAmazonAstropesGift02|Power Current||||力量電流||||
subAmazonAstropesGift03|Astrope's Curse||||阿斯忒洛珀的詛咒||||
subAmazonAstropesGift04|Astrope's Revenge||||阿斯忒洛珀的復仇||||
subAmazonAstropesGift05|Rapid Momentum||||迅猛氣勢||||
subAmazonAstropesGift06|Powerstasis||||力量停滯||||
subAmazonAstropesGift07|Ending Fate||||終結命運||||
subAmazonAstropesGift08|Astrope's Agility||||阿斯忒洛珀的敏捷||||
subAmazonAstropesGift09|Astrope's Dexterity||||阿斯忒洛珀的靈活||||
subAmazonAstropesGift10|Zapping Voltage||||突變電壓||||
subAmazonAstropesGift11|Surging Stormbolt||||洶湧風暴彈||||
subAmazonAstropesGift12|Thundering Storm||||雷霆風暴||||
subAmazonAstropesGift13|Critical Thunderbolt||||致命雷電||||
subAmazonAstropesGift14|Eye of Storm||||風暴之眼||||
subDescAmazonAstropesGift01|Fire additional projectiles when using a throwing weapon.||||使用投擲武器時發射額外的投射物。||||
subDescAmazonAstropesGift02|Increases damage dealt by astrope’s gift.||||增加阿斯忒洛珀之贈造成的傷害||||
subDescAmazonAstropesGift03|Chance to inflict lightning break on hit.||||擊中時有機率造成閃電破壞。||||
subDescAmazonAstropesGift04|Chance to unleash an additional lightning bolt on hit.||||擊中時有機率釋放額外的閃電。||||
subDescAmazonAstropesGift05|Grants you a stacking attack speed buff on hit. All stacks are lost if you miss.||||擊中時為你提供疊加攻擊速度增益。如果您未命中，所有堆疊都會遺失。||||
subDescAmazonAstropesGift06|Lightning bolts have a chance to deal double damage.||||閃電有機率造成雙倍傷害。||||
subDescAmazonAstropesGift07|Increases damage to bosses when using polearms or throwing weapons.||||使用長柄武器或投擲武器時增加對Boss的傷害||||
subDescAmazonAstropesGift08|Decreases movement diminish when using astrope’s gift.||||減少使用阿斯忒洛珀之贈時，移動速度的下降。||||
subDescAmazonAstropesGift09|Increases attack rating when using astrope’s gift.||||使用阿斯忒洛珀之贈時提高攻擊命中率。||||
subDescAmazonAstropesGift10|Chance to inflict stasis on hit.||||有機率在擊中時造成停滯。||||
subDescAmazonAstropesGift11|Lightning strikes now unleash an AoE pulse with increased area of effect radius and damage.||||閃電現在會釋放範圍脈衝，影響範圍半徑和傷害都會增加。||||
subDescAmazonAstropesGift12|Summons a thundering storm dealing area of effect damage for a short period instead of a lightning bolt.||||變為在短時間內召喚雷霆風暴，對區域造成傷害，而不是閃電箭。||||
subDescAmazonAstropesGift13|Lightning bolts can critically hit dealing increased critical strike damage when using polearms.||||使用長柄武器或投擲武器時，閃電可以造成致命一擊，造成更高的暴擊傷害。||||
subDescAmazonAstropesGift14|Summon a storm following you and rapidly shrinking. Hitting a monster causes the storm to grow in size.||||召喚一場會迅速縮小的風暴跟隨你。擊中怪物會導致風暴變大||||
subAmazonRebound01|Jumping Spear||||跳矛||||
subAmazonRebound02|Damascus Speartip||||大馬士革矛尖||||
subAmazonRebound03|Reaching Ricochet||||延伸跳彈||||
subAmazonRebound04|Splitting Speartip||||分裂矛尖||||
subAmazonRebound05|Multi Rebound||||多重反彈||||
subAmazonRebound06|Accurate Spearshot||||精準矛射擊||||
subAmazonRebound07|Increasing Odds||||增加優勢||||
subAmazonRebound08|Penetrating Rebound||||穿透性反彈||||
subAmazonRebound09|Marksmanship||||射術||||
subAmazonRebound10|Rapidfly||||快速飛行||||
subAmazonRebound11|Electrocharged Rebound||||充能反彈||||
subAmazonRebound12|Rebomb||||重彈||||
subAmazonRebound13|Orbital Rebound||||軌道反彈||||
subAmazonRebound14|Kickback Projectile||||激烈投射物||||
subDescAmazonRebound01|Increases the amount of rebounds.||||增加反彈目標數量。||||
subDescAmazonRebound02|Increases the damage dealt by rebound.||||增加反彈造成的傷害。||||
subDescAmazonRebound03|Increases the maximum range of rebound.||||增加最大反彈範圍||||
subDescAmazonRebound04|Chance on hit for the rebound projectile to split into an additional rebound.||||反彈射彈命中後有機率分裂成額外的反彈。||||
subDescAmazonRebound05|Chance on chain hit to unleash projectiles in an arc dealing decreased damage.||Chance, em acertos em cadeia, de liberar projéteis em arco, causando dano reduzido.|Увеличивает количество отскоков от первоначального удара. Урон уменьшается.|連鎖擊中時，有機率向扇形範圍施放投射物，造成的傷害降低。|初撃からの跳弾数が増加するがダメージが減少する|초기 타격에서 반동의 양을 증가시킵니다. 피해가 감소합니다.|Chance bei Ketten-Treffer, Projektile in einem Bogen abzuschießen, die reduzierten Schaden verursachen.|Chance sur un coup en chaîne de libérer des projectiles en arc infligeant des dégâts réduits.|Probabilidad en un golpe en cadena de liberar proyectiles en un arco infligiendo daño reducido.|Szansa przy łańcuchowym trafieniu na uwolnienie pocisków w łuku zadających zmniejszone obrażenia.
subDescAmazonRebound06|Increases attack rating when using rebound.||||使用反彈時增加攻擊命中率。||||
subDescAmazonRebound07|Rebound gains additional crit damage on each bounce.||||反彈在每次彈跳時都會獲得額外的暴擊傷害。||||
subDescAmazonRebound08|Chance to lightning break on hit.||||擊中時有機率閃電破壞。||||
subDescAmazonRebound09|Increases attack speed when using a bow with rebound.||||使用弓武器時提高反彈的攻擊速度。||||
subDescAmazonRebound10|Increases the projectile speed of rebound.||||增加反彈的投射物速度。||||
subDescAmazonRebound11|Chance to strike targets with bolts of lightning on hit.||||擊中時有機率用閃電擊中目標。||||
subDescAmazonRebound12|Rebound now increases its damage and size with every bounce and explodes at the end dealing damage on a large radius.||||反彈現在會隨著每次反彈而增加其傷害和大小，並在最後爆炸，對半徑造成傷害。||||
subDescAmazonRebound13|When hitting an enemy spawn the rebound projectile orbiting you until it hits a monster.||||當擊中敵人時，會產生反彈投射物繞著你旋轉，直到擊中怪物。||||
subDescAmazonRebound14|Rebound projectiles now return to you instead of expiring dealing increased damage to monsters on its path.||||反彈投射物現在會回到你，替代掉消失，對路徑上的怪物造成更大的傷害。||||
subAmazonSpearnage01|Lethal Spearstorm||||致命矛風暴||||
subAmazonSpearnage02|Spear Storm||||矛風暴||||
subAmazonSpearnage03|Accurate Spearing||||精確矛擊||||
subAmazonSpearnage04|Thundertips||||雷霆矛尖||||
subAmazonSpearnage05|Timefunneling Spears||||時光流動之矛||||
subAmazonSpearnage06|Pointy Ends||||矛尖||||
subAmazonSpearnage07|Swift Glaives||||迅捷長柄刀||||
subAmazonSpearnage08|Swiftstepping||||快步||||
subAmazonSpearnage09|Conqueror of Light||||光之征服者||||
subAmazonSpearnage10|Sudden Flank||||突襲側翼||||
subAmazonSpearnage11|Spinning to Win||||勝利旋轉||||
subAmazonSpearnage12|Lightning Ball||||閃電球||||
subAmazonSpearnage13|Boomerang Spears||||迴力矛||||
subAmazonSpearnage14|Explosive Speartips||||爆炸矛尖||||
subDescAmazonSpearnage01|Increases the damage dealt by spearnage.|||Увеличивает урон, наносимый копейной стрелой.|增加投擲長矛造成的傷害|スピアネージのダメージが増加する|창술로 입히는 피해가 증가합니다.|||
subDescAmazonSpearnage02|Increases the amount of spears thrown.||||增加投擲長矛的數量。||||
subDescAmazonSpearnage03|Increases attack rating when using spearnage.||||使用槍矛風暴時提高攻擊命中率。||||
subDescAmazonSpearnage04|Increases lightning damage dealt by spearnage.||||增加槍矛風暴造成的閃電傷害。||||
subDescAmazonSpearnage05|Spears grow in size and gain increased damage while traveling.||||槍矛風暴在行進時會變大並受到更大的傷害。||||
subDescAmazonSpearnage06|Chance to inflict lightning break on hit.|||Вероятность пробития брони при попадании.|有機率在擊中時造成閃電破壞。|命中時、アーマーブレイクを付与する確率がある|피격 시 방어구 파손을 일으킬 확률이 증가합니다.|||
subDescAmazonSpearnage07|Increases spearnage projectile speed.||||增加槍矛風暴的投射物速度。||||
subDescAmazonSpearnage08|Decreases movement diminish when using spearnage.||||減少使用槍矛風暴時，移動速度下降的效果。||||
subDescAmazonSpearnage09|Increases damage dealt to bosses.||||增加對Boss造成的傷害||||
subDescAmazonSpearnage10|Spears have a chance to ricochet towards another target on hit.||||槍矛風暴擊中時有機率彈向另一個目標。||||
subDescAmazonSpearnage11|Rapidly throw spears around you for a short duration dealing increased damage.||||短時間內快速地向你周圍投擲長矛，造成更高的傷害。||||
subDescAmazonSpearnage12|Chance on hit to spawn a ball of lightning traveling forward dealing increased lightning damage.|||При попадании есть шанс создать шаровую молнию, движущуюся к цели, наносящую урон молнией и вызывающую разрыв молнии.|擊中時有機率產生一個向前移動的閃電球，造成更大的閃電傷害。|命中時、雷ダメージを与えるライトニングボールを生成し、雷ブレイクを付与する|타격 시 일정 확률로 대상을 향해 날아가는 번개 공을 생성하여 번개 피해를 입히고 번개 파괴를 가합니다.|||
subDescAmazonSpearnage13|Spears now return to you dealing increased damage.||||長矛現在會回到你身上，造成更高的傷害。||||
subDescAmazonSpearnage14|Spears have a chance to explode on hit dealing area of effect damage on an increased radius.|||Копья теперь взрываются при попадании, нанося урон по области действия в увеличенном радиусе.|長矛有機率在擊中時爆炸，造成更大半徑範圍內的傷害|槍が命中時に爆発し、広範囲にダメージを与える|이제 창이 타격 시 폭발하여 더 큰 반경에 효과 범위 피해를 입힙니다.|||
subAmazonStormDash01|Agile Zapper||||敏捷電擊器||||
subAmazonStormDash02|Zapping Force||||電擊力||||
subAmazonStormDash03|Bouncing Current||||彈跳電流||||
subAmazonStormDash04|Thunderfall||||雷霆墜落||||
subAmazonStormDash05|Hopping Surge||||跳躍浪湧||||
subAmazonStormDash06|Landing Surge||||著陸浪湧||||
subAmazonStormDash07|Lightning Strikes||||雷擊||||
subAmazonStormDash08|Voltage Struck||||電壓衝擊||||
subAmazonStormDash09|Electric Current||||電流||||
subAmazonStormDash10|Agility Over Power||||壓倒性敏捷||||
subAmazonStormDash11|Lightning Trail||||閃電之尾||||
subAmazonStormDash12|Storm Orbs||||風暴球||||
subAmazonStormDash13|Storm Gates||||風暴之門||||
subAmazonStormDash14|Pillar of Storm||||風暴之柱||||
subDescAmazonStormDash01|Increases the frequency of chain lightnings.||||增加連鎖閃電的頻率||||
subDescAmazonStormDash02|Increases damage dealt by storm dash.||||增加風暴衝刺造成的傷害。||||
subDescAmazonStormDash03|Increases the amount of chain lightning bounces.||||增加連鎖閃電的彈跳量。||||
subDescAmazonStormDash04|Chain lightning has a chance to call down a thunderbolt on the target dealing additional damage.||||連鎖閃電有機率對目標召喚一道雷電，造成額外傷害。||||
subDescAmazonStormDash05|Increases the maximum range of storm dash.||||增加風暴衝刺的最大範圍。||||
subDescAmazonStormDash06|When landing unleash a lightning explosion for additional area of effect damage and stunning on hit.||||著陸時釋放閃電爆炸，造成額外區域傷害並擊中時眩暈。||||
subDescAmazonStormDash07|Unleash lightning strikes on nearby monsters when landing.||||著陸時對附近的怪物釋放閃電。||||
subDescAmazonStormDash08|Chance to stun on hit.||||擊中時有機率造成暈眩。||||
subDescAmazonStormDash09|Increases damage dealt to stunned targets.||||增加對暈眩目標造成的傷害。||||
subDescAmazonStormDash10|You can now travel through terrain but the damage of storm dash is reduced.||||你現在可以穿越地形，但風暴衝刺的傷害會降低。||||
subDescAmazonStormDash11|Leave behind a trail of lightning inflicting electrified and lightning break.||||留下一道閃電痕跡，造成帶電和閃電破壞。||||
subDescAmazonStormDash12|Landing on monsters summons lightning bolts orbiting around you continuously zapping nearby monsters with chain lightning. Storm dash now has a cooldown.||||落在怪物身上會召喚繞著你旋轉的閃電，不斷用連鎖閃電攻擊附近的怪物。風暴衝刺現在有冷卻時間。||||
subDescAmazonStormDash13|Blink to target location summoning a lightning storm unleashing chain lightning on hit.||||閃現到目標位置，召喚閃電風暴，擊中時釋放連鎖閃電。||||
subDescAmazonStormDash14|Leave behind a pillar of storm. Pillars of storm are linked with a chain of lightning dealing damage and inflicting stasis on hit.||||留下一道風暴之柱。風暴之柱與閃電鏈相連，造成傷害並在擊中時造成停滯。||||
subAmazonThunderFury01|Roaring Thunder||||雷霆咆哮|||||
subAmazonThunderFury02|Breaking Thunder||||霹靂雷霆||||
subAmazonThunderFury03|Photonic Transfer||||光子傳輸||||
subAmazonThunderFury04|Thunderstep||||雷霆步伐||||
subAmazonThunderFury05|Storm´s Wisdom|||Мудрость Шторма|風暴智慧|嵐の叡智|폭풍의 지혜|||
subAmazonThunderFury06|Tectonic Hit||||地殼之擊||||
subAmazonThunderFury07|Tectonic Tremors||||地殼震顫||||
subAmazonThunderFury08|Executioneer´s Fury|||Ярость палача|劊子手之怒|処刑者の激怒|처형자의 격노|||
subAmazonThunderFury09|Tectonic Impact||||地殼衝擊||||
subAmazonThunderFury10|Thunder´s Reach||||雷霆之力||||
subAmazonThunderFury11|Arc Lightning||||弧形閃電||||
subAmazonThunderFury12|Leaping Thunder||||雷霆跳躍||||
subAmazonThunderFury13|Vacuuming Thunder||||真空雷霆||||
subAmazonThunderFury14|Electric Essence||||閃電精華||||
subDescAmazonThunderFury01|Increases lightning damage dealt by thunder fury.||||增加雷霆之怒造成的閃電傷害。||||
subDescAmazonThunderFury02|Chance to inflict lightning break on hit.||||擊中時有機率造成閃電破壞。||||
subDescAmazonThunderFury03|Recover a portion of your life on hit.||||擊中時恢復你生命的一部分。||||
subDescAmazonThunderFury04|Decreases movement speed diminish when using thunder fury.||||減少使用雷霆之怒時，移動速度下降的效果。||||
subDescAmazonThunderFury05|Chance to critically hit dealing increased damage based on your intelligence.|||Вероятность критического удара, наносящего повышенный урон, зависит от вашего интеллекта.|有機率暴擊，並根據你的智力造成更高的傷害。|命中時、知性に応じてクリティカルダメージが増加するクリティカルヒットが発生する確率がある|지능에 따라 치명타 확률 증가.|||
subDescAmazonThunderFury06|Chance to stun monsters on hit.||||擊中時有機率暈眩怪物。||||
subDescAmazonThunderFury07|Increases damage to stunned targets.||||增加對暈眩目標造成的傷害||||
subDescAmazonThunderFury08|Execute low life monsters.|||Казните ничтожных монстров.|處決低生命值的怪物|ライフが低いモンスターを即死させる|생명력이 낮은 몬스터 처형.|||
subDescAmazonThunderFury09|Stunned targets unleash an exploding lightning pulse on hit.||||擊暈目標時會釋放出爆炸性的閃電脈衝。||||
subDescAmazonThunderFury10|Increases the range of thunder fury.||||增加雷霆之怒的範圍。||||
subDescAmazonThunderFury11|Thunder bolts unleash an arc of additional bolts behind the target on hit.||||雷霆擊中目標後會釋出一道額外的電弧。||||
subDescAmazonThunderFury12|Release chain lightning on hit with an increased number of bounces.||||擊中時釋放連鎖閃電，彈跳次數增加。||||
subDescAmazonThunderFury13|Thunder bolts pull targets to the initial point of impact followed by a surge of lightning dealing area of effect damage.||||雷霆將目標拉至初始撞擊點，隨後閃電湧動，對範圍造成傷害。||||
subDescAmazonThunderFury14|Inflict lightning break and stasis to targets on hit.||||擊中時對目標造成閃電破壞和停滯。||||
subDemonSlayerTriggerFinger01|Slick Fingers||||光滑手指||||
subDemonSlayerTriggerFinger02|Triggerheavy||||重觸發||||
subDemonSlayerTriggerFinger03|Gunslinging Slayer||||槍手殺手||||
subDemonSlayerTriggerFinger04|Rapid Gunslinger||||快速槍手||||
subDemonSlayerTriggerFinger05|Burning Bullethole||||燃燒彈孔||||
subDemonSlayerTriggerFinger06|Executing Gunshot||||處刑槍聲||||
subDemonSlayerTriggerFinger07|Bullet Fragmentation||||子彈碎片||||
subDemonSlayerTriggerFinger08|Brand New Cavity||||全新彈孔||||
subDemonSlayerTriggerFinger09|Supersonic Bullets||||超音速子彈||||
subDemonSlayerTriggerFinger10|Gasoline Covered Ammunition||||汽油塗裝彈藥||||
subDemonSlayerTriggerFinger11|Piercing Mayhem||||刺穿混亂||||
subDemonSlayerTriggerFinger12|Fingertapped Killshot||||必殺扣動射擊||||
subDemonSlayerTriggerFinger13|It's Raining Bullets||||子彈雨降臨||||
subDemonSlayerTriggerFinger14|Shredder Slugs||||粉碎金屬||||
subDescDemonSlayerTriggerFinger01|Increases attack rating when using trigger finger.||||使用扣動扳機時提高攻擊命中率。||||
subDescDemonSlayerTriggerFinger02|Increases damage dealt by trigger finger.||||增加扣動扳機的手指造成的傷害。||||
subDescDemonSlayerTriggerFinger03|Increases the amount of projectiles fired by trigger finger.||||增加扣動扳機發射的彈頭數量。||||
subDescDemonSlayerTriggerFinger04|Increases projectile speed.||||提高彈速。||||
subDescDemonSlayerTriggerFinger05|Chance to inflict burning on hit.||||擊中時有機率造成燃燒。||||
subDescDemonSlayerTriggerFinger06|Execute low life monsters.||||處決低生命怪物。||||
subDescDemonSlayerTriggerFinger07|Chance to fragment bullets on hit causing pieces to ricochet around the target.||||有機率使子彈擊中時產生碎片，導致碎片在目標周圍彈跳。||||
subDescDemonSlayerTriggerFinger08|Chance to inflict armor break on hit.||||擊中時有機率造成護甲破壞。||||
subDescDemonSlayerTriggerFinger09|Increases critical strike damage when using trigger finger.||||使用扳機手指時增加暴擊傷害。||||
subDescDemonSlayerTriggerFinger10|Increases damage dealt to burning targets.||||增加對燃燒目標造成的傷害。||||
subDescDemonSlayerTriggerFinger11|Projectiles now pierce and bounce off of terrain dealing increased damage.||||投射物現在會刺穿地形並從地形上反彈，造成更大的傷害。||||
subDescDemonSlayerTriggerFinger12|Fire a single projectile with significantly increased range and power dealing multiplied damage. Trigger Finger now has a small cooldown.||||發射射程和威力顯著增加的一發，造成倍率傷害。扣動扳機現在有較短的冷卻時間。||||
subDescDemonSlayerTriggerFinger13|Fire a burst of projectiles traveling through air and landing on the target location dealing area of effect damage.||||發射一連串的投射物，在空中飛行並降落在目標位置，造成一定範圍的傷害。||||
subDescDemonSlayerTriggerFinger14|Fire small shredders dealing damage over time and inflicting bleeding. The shredders projectile speed slows down on impact.||||發射小型粉碎機，隨著時間的推移造成傷害並造成出血。粉碎機的投射物在撞擊時減慢。||||
subDemonSlayerBulletHell01|Hellflame Bullets||||地獄火子彈||||
subDemonSlayerBulletHell02|More Bullets!||||更多子彈！||||
subDemonSlayerBulletHell03|Slipping Triggerfinger||||滑行板機指||||
subDemonSlayerBulletHell04|Steady Gunhold||||穩定槍柄||||
subDemonSlayerBulletHell05|Heavy Bullet Impact||||重型子彈衝擊||||
subDemonSlayerBulletHell06|Barrel Maintenance||||桶維護||||
subDemonSlayerBulletHell07|Higher Caliber||||更高口徑||||
subDemonSlayerBulletHell08|Blasting Gunshot||||爆破槍聲||||
subDemonSlayerBulletHell09|Swift Rounds|||Осколочные патроны|迅捷子彈|フラッギング・ラウンド|파편화 탄환|||
subDemonSlayerBulletHell10|Abusive Tactics||||辱罵策略||||
subDemonSlayerBulletHell11|Bullet Storm||||子彈風暴||||
subDemonSlayerBulletHell12|Nowhere to Hide||||無處可藏||||
subDemonSlayerBulletHell13|Demon´s Hurricane||Furacão Demoníaco|Рикошет Демона|惡魔颶風|デーモンズ・リコシェ|악마의 도탄|Dämonen-Hurrikan|Ouragan du démon|Huracán del demonio|Demoniczny Huragan
subDemonSlayerBulletHell14|Gunpowder||||火藥||||
subDescDemonSlayerBulletHell01|Increases damage dealt by bullet hell.||||增加子彈地獄造成的傷害。||||
subDescDemonSlayerBulletHell02|Increases the amount of projectiles fired by bullet hell.||||增加子彈地獄的投射物數量。||||
subDescDemonSlayerBulletHell03|Chance on attack to fire an additional wave of bullets.||||攻擊時有機率發射額外一波子彈。||||
subDescDemonSlayerBulletHell04|Increases attack rating when using bullet hell.||||使用子彈地獄時提高攻擊命中率。||||
subDescDemonSlayerBulletHell05|Chance to knock monsters back on hit stunning them.||||有機率將怪物擊退並擊暈它們。||||
subDescDemonSlayerBulletHell06|Increases projectile speed.||||提高投射物速度。||||
subDescDemonSlayerBulletHell07|Increases the size of bullet hell projectiles.||||增加子彈地獄彈的尺寸。||||
subDescDemonSlayerBulletHell08|Increases critical strike damage when using bullet hell.||||使用子彈地獄時增加暴擊傷害。||||
subDescDemonSlayerBulletHell09|Decreased movement diminish when using bullet hell.|||При попадании есть шанс вызвать взрыв, наносящий урон по области.|減少使用子彈地獄時，移動速度會降低的效果。|ヒット時に範囲爆発を起こす確率がある|적중 시 폭발을 일으켜 효과 범위 피해 발생.|||
subDescDemonSlayerBulletHell10|Increases damage dealt to stunned targets.||||增加對昏迷目標造成的傷害。||||
subDescDemonSlayerBulletHell11|Fire a circle of orbitting bullets traveling forward.||Dispara um círculo de balas orbitando para frente.|Выстрелы ведутся во всех направлениях с уменьшенной дальностью полета.|向前方射出一圈環繞飛行的子彈。|前方に回転する弾丸の輪を発射する|사방으로 총알을 발사하고 이동 거리가 감소.|Feuert einen Kreis orbitierender Kugeln ab, die vorwärts reisen.|Tire un cercle de balles orbitantes voyageant vers l’avant.|Dispara un círculo de balas orbitantes viajando hacia adelante.|Wystrzeliwuje krąg orbitujących pocisków podróżujących do przodu.
subDescDemonSlayerBulletHell12|Fire additional projectiles in a wider radius.||||在更大的半徑內發射額外的投射物||||
subDescDemonSlayerBulletHell13|Spin around firing trails of bullets into random directions.||Gira disparando rastros de balas em direções aleatórias. |Теперь при ударе снаряды объединяются в цепочку.|旋轉並向隨機方向射出子彈。|弾が着弾時にチェインするようになる|투사체가 이제 충돌 시 체인됩니다.|Dreht sich und feuert Spuren von Kugeln in zufällige Richtungen.|Tourne en tirant des traînées de balles dans des directions aléatoires.|Gira disparando rastros de balas en direcciones aleatorias.|Wiruje wokół, wystrzeliwując ślady pocisków w losowych kierunkach.
subDescDemonSlayerBulletHell14|Bullets knock monsters back with increased power dealing increased damage and stunning monsters when they collide with terrain.||||子彈以更大的威力將怪物擊退，當它們與地形碰撞時，造成更大的傷害並擊暈怪物。||||
subDemonSlayerPossessedBullet01|Secondary Haunting||||雙重糾纏||||
subDemonSlayerPossessedBullet02|Spirits Within Rounds||||一輪烈酒||||
subDemonSlayerPossessedBullet03|Exorcism||||驅魔||||
subDemonSlayerPossessedBullet04|Hemorrhaging Possession||||出血附體||||
subDemonSlayerPossessedBullet05|Blood Ripples||||血波紋||||
subDemonSlayerPossessedBullet06|Bloodlusted Bullet||||嗜血子彈||||
subDemonSlayerPossessedBullet07|Longlasting Barrel||||持久的桶||||
subDemonSlayerPossessedBullet08|The Demon Within||||內心惡魔||||
subDemonSlayerPossessedBullet09|Stop Resisting||||停止抵抗||||
subDemonSlayerPossessedBullet10|Leeching Demon||||吸血惡魔||||
subDemonSlayerPossessedBullet11|Ghostwhirl||||幽靈旋風||||
subDemonSlayerPossessedBullet12|Seeking Host||||尋求主機||||
subDemonSlayerPossessedBullet13|Haunting||||令人困擾||||
subDemonSlayerPossessedBullet14|Malignance||||惡性腫瘤||||
subDescDemonSlayerPossessedBullet01|Chance on attack to fire an additional bullet.||||攻擊時有機率發射額外的子彈。||||
subDescDemonSlayerPossessedBullet02|Increases the amount of projectiles released by the initial hit.||||增加初始命中釋放的投射物數量。||||
subDescDemonSlayerPossessedBullet03|Increases damage dealt by possessed bullet.||||增加所擁有的子彈造成的傷害。||||
subDescDemonSlayerPossessedBullet04|Chance to inflict bleeding on hit.||||擊中時有機率造成流血。||||
subDescDemonSlayerPossessedBullet05|Chance to unleash blood ripples on hit dealing area of effect damage.||||有機率在擊中時釋放血波紋，造成一定範圍的傷害。||||
subDescDemonSlayerPossessedBullet06|Increases damage dealt to bleeding targets.||||增加流血目標造成的傷害。||||
subDescDemonSlayerPossessedBullet07|Increases projectile speed.||||提高投射物速度。||||
subDescDemonSlayerPossessedBullet08|Chance to unleash additional bullets after initial hit.||||初次命中後有機率釋放更多子彈。||||
subDescDemonSlayerPossessedBullet09|Inflicts armor break on hit.||||擊中時造成護甲破壞。||||
subDescDemonSlayerPossessedBullet10|Increases possessed bullet damage to bosses.||Aumenta o dano da bala possuída contra chefes.|Кровяная рябь восполняет часть вашего максимального запаса здоровья при попадании.|增加附魔子彈對Boss造成的傷害。|血の波動が命中時に最大ライフの一部を回復する|피의 물결이 타격 시 최대 생명력의 일부를 회복.|Erhöht den Schaden der besessenen Kugel gegen Bosse.|Augmente les dégâts de la balle possédée contre les boss.|Aumenta el daño de la bala poseída contra jefes.|Zwiększa obrażenia possessed bullet bossom.
subDescDemonSlayerPossessedBullet11|Projectiles now swirl around the target on a small radius.||||投射物現在以小範圍在目標周圍旋轉。||||
subDescDemonSlayerPossessedBullet12|Possessed bullets now return to the target after a short duration.||||擁有的子彈現在會在短時間內返回目標。||||
subDescDemonSlayerPossessedBullet13|Bullets now haunt monsters, slowing them and exploding after a short duration, dealing area of effect damage.||||子彈現在會作祟怪物，減慢它們的速度並在短時間內爆炸，造成範圍傷害。||||
subDescDemonSlayerPossessedBullet14|Send multiple homing ghosts towards the target dealing damage to monsters on their path.||||向目標發送多個追蹤幽靈，對路徑上的怪物造成傷害。||||
subDemonSlayerShredderTrap01|Sharp Edged Shredders||||鋒利邊緣碎紙機||||
subDemonSlayerShredderTrap02|Blood Hungry Blades||||嗜血之刃||||
subDemonSlayerShredderTrap03|Bits and Pieces||||零碎||||
subDemonSlayerShredderTrap04|Ripping Shredderblade||||撕裂碎紙機刀片||||
subDemonSlayerShredderTrap05|Slayer´s Adrenaline||||殺手腎上腺素||||
subDemonSlayerShredderTrap06|Less is More||||少即是多||||
subDemonSlayerShredderTrap07|Forging Hands||||鍛造之手||||
subDemonSlayerShredderTrap08|Cutting Power||||切削力||||
subDemonSlayerShredderTrap09|Slay the Wounded||||殺死傷者||||
subDemonSlayerShredderTrap10|Bigger and Sharper Blades||||更大更鋒利的刀片||||
subDemonSlayerShredderTrap11|Comeback with a Cut||||斬獲復出||||
subDemonSlayerShredderTrap12|Woodshop||||伐木機||||
subDemonSlayerShredderTrap13|Circular Cutting||||圓形切割||||
subDemonSlayerShredderTrap14|Gigashredder||||千兆撕碎||||
subDescDemonSlayerShredderTrap01|Increases the damage dealt by shredder trap.||||增加切割陷阱造成的傷害。||||
subDescDemonSlayerShredderTrap02|Chance for shredder trap to grow larger on hit.||||切割陷阱有機率在擊中時變大。||||
subDescDemonSlayerShredderTrap03|Chance to unleash smaller flying shredders on hit dealing additional damage.||||有機率在擊中時釋放小型飛行切割機，造成額外傷害。||||
subDescDemonSlayerShredderTrap04|Inflicts bleeding on hit.||||擊中時造成流血。||||
subDescDemonSlayerShredderTrap05|Decreases movement diminish when using shredder trap.||||擊中時造成流血。||||
subDescDemonSlayerShredderTrap06|Decreases mana cost when using shredder trap.||||使用切割陷阱時降低法力消耗。||||
subDescDemonSlayerShredderTrap07|Gain increased critical strike chance and critical chance damage.||||獲得更高的暴擊幾率和暴擊傷害|クリティカル率とクリティカルダメージが増加する||||
subDescDemonSlayerShredderTrap08|Chance to inflict armor break on hit.||||擊中時有機率造成破甲|ヒット時にアーマーブレイクを付与する確率がある||||
subDescDemonSlayerShredderTrap09|Increases damage dealt to bleeding targets.||||增加流血目標造成的傷害。||||
subDescDemonSlayerShredderTrap10|Increases the size of shredders.||||增加切割陷阱的尺寸。||||
subDescDemonSlayerShredderTrap11|Shredders now home back to you after a short period dealing damage on the way.||||切割陷阱現在會在途中造成短暫傷害後返回給您。||||
subDescDemonSlayerShredderTrap12|Throw multiple smaller shredders at once. Shredder trap now has a cooldown.||||一次丟掉多個較小的切割陷阱。破碎陷阱現在有冷卻時間。||||
subDescDemonSlayerShredderTrap13|Unleash multiple orbiting shredders around you.||||釋放你周圍的多個切割陷阱。||||
subDescDemonSlayerShredderTrap14|Unleash a big shredder that slowly homes towards the closest monster on range. You can now only spawn one shredder.||||釋放一台大型切割機，緩慢地朝射程內最近的怪物飛去。您現在只能生成一台切割機。||||
subDemonSlayerAbsoluteMayhem01|Mayhem Up!||||混亂起來！||||
subDemonSlayerAbsoluteMayhem02|Absolute Carnage||||絕對屠殺||||
subDemonSlayerAbsoluteMayhem03|Colossal Barrel||||巨大槍管||||
subDemonSlayerAbsoluteMayhem04|Stocked Capacity||||慣用容量||||
subDemonSlayerAbsoluteMayhem05|Hypothermic Rounds||||低溫回合||||
subDemonSlayerAbsoluteMayhem06|Bonehit||||骨擊||||
subDemonSlayerAbsoluteMayhem07|Explosive Empowered Rounds||||爆炸強化彈||||
subDemonSlayerAbsoluteMayhem08|Fear the Gun||||畏懼槍||||
subDemonSlayerAbsoluteMayhem09|Bicep Curls||||捲二頭肌||||
subDemonSlayerAbsoluteMayhem10|Frostbiting Bullets||||凍傷子彈||||
subDemonSlayerAbsoluteMayhem11|Impact Shrapnel||||衝擊彈片||||
subDemonSlayerAbsoluteMayhem12|Line of Fire||||火線||||
subDemonSlayerAbsoluteMayhem13|Explosion Vacuum||||爆炸真空||||
subDemonSlayerAbsoluteMayhem14|Maniac Mayhem||||瘋狂混亂||||
subDescDemonSlayerAbsoluteMayhem01|Increases the amount of bullets fired with absolute mayhem.||||增加絕對混亂的子彈發射量。||||
subDescDemonSlayerAbsoluteMayhem02|Increases damage dealt by absolute mayhem.||||增加絕對混亂造成的傷害。||||
subDescDemonSlayerAbsoluteMayhem03|Increases the projectile speed of absolute mayhem bullets.||||提高絕對混亂子彈的投射物速度。||||
subDescDemonSlayerAbsoluteMayhem04|Decreases the cooldown of absolute mayhem.||||減少絕對混亂的冷卻時間。||||
subDescDemonSlayerAbsoluteMayhem05|Chance to inflict freeze on hit.||||命中時有機率造成凍結。||||
subDescDemonSlayerAbsoluteMayhem06|Chance to knock monsters back dealing increased damage.||||有機率擊退怪物，造成更多傷害。||||
subDescDemonSlayerAbsoluteMayhem07|Chance for bullets to explode and fragment on hit unleashing shrapnel around the target.||||子彈擊中時有機率爆炸並碎裂，在目標周圍釋放彈片。||||
subDescDemonSlayerAbsoluteMayhem08|Increases critical strike damage dealt by absolute mayhem.||||增加絕對混亂造成的暴擊傷害。||||
subDescDemonSlayerAbsoluteMayhem09|Decreases movement diminish when using absolute mayhem.||||減少使用絕對混亂時，移動速度降低的效果。||||
subDescDemonSlayerAbsoluteMayhem10|Increases damage to freezing targets.||||增加對冰凍目標的傷害。||||
subDescDemonSlayerAbsoluteMayhem11|Bullets now break into fragments traveling in an arc behind the target dealing area of effect damage.||||子彈現在會分解成碎片，在目標後方以弧形行進，造成效果傷害。||||
subDescDemonSlayerAbsoluteMayhem12|Fire additional trail of bullets in an arc.||||以弧形發射額外的子彈軌跡。||||
subDescDemonSlayerAbsoluteMayhem13|Fire a single bullet which vacuums all nearby monsters and unleashes a big explosion.||||發射一顆子彈，吸走附近所有的怪物並引發大爆炸。||||
subDescDemonSlayerAbsoluteMayhem14|The Demonslayer changes his weapon into a demonic minigun which uncontrollably fires bullets for a short duration before breaking.||||惡魔殺手將他的武器變成了一把惡魔迷你槍，它會在短時間內不受控制地發射子彈，然後就會損壞。||||
subDemonSlayerFastSlices01|Wide Slice||||寬闊切割||||
subDemonSlayerFastSlices02|Slashing Strike||||斬擊||||
subDemonSlayerFastSlices03|Expert Slayer||||專家殺手||||
subDemonSlayerFastSlices04|Demon's Heart||||惡魔之心||||
subDemonSlayerFastSlices05|Ferocious Slice||||兇猛切片||||
subDemonSlayerFastSlices06|Burning Blade||||燃燒之刃||||
subDemonSlayerFastSlices07|Molten Steel||||鋼水||||
subDemonSlayerFastSlices08|Slayer's Intellect||||殺手智力||||
subDemonSlayerFastSlices09|Swift Deadstrike||||迅捷致命一擊||||
subDemonSlayerFastSlices10|Demon Slaying||||斬妖除魔||||
subDemonSlayerFastSlices11|Flaming Blades||||火焰之刃||||
subDemonSlayerFastSlices12|Detonation Slice||||爆炸切片||||
subDemonSlayerFastSlices13|Shadow Daggers||||暗影匕首||||
subDemonSlayerFastSlices14|High Strike||||強烈打擊||||
subDescDemonSlayerFastSlices01|Increases the area of effect radius of fast slices.||||增加快速切割的效果範圍。||||
subDescDemonSlayerFastSlices02|Increases damage dealt by fast slices.||||增加快快速切割造成的傷害。||||
subDescDemonSlayerFastSlices03|Increases attack rating when using fast slices.||||使用快速切割時提高攻擊命中率。||||
subDescDemonSlayerFastSlices04|Chance to heat target souls causing them to explode after a brief moment dealing area of effect damage.||||有機率加熱目標靈魂，使其在短暫的時間內爆炸，造成範圍傷害。||||
subDescDemonSlayerFastSlices05|Chance to knock monsters airborne causing them to deal area of effect damage upon landing on the third hit.||||有機率將怪物擊飛到空中，導致它們在第三次擊中時落地時造成範圍傷害。||||
subDescDemonSlayerFastSlices06|Chance to inflict burning on hit.||||擊中時有機率造成燃燒。||||
subDescDemonSlayerFastSlices07|Increases damage to burning targets.||||增加對燃燒目標的傷害。||||
subDescDemonSlayerFastSlices08|Decreases mana cost when using fast slices.||||使用快速切割時降低法力消耗。||||
subDescDemonSlayerFastSlices09|Increases critical strike damage when using fast slices.||||使快速切割時增加暴擊傷害。||||
subDescDemonSlayerFastSlices10|Execute low life monsters.||||處決低生命怪物。||||
subDescDemonSlayerFastSlices11|Every slice additionally unleashes a wave of fire inflicting burning for a portion of the damage.||||每一片都會額外釋放出一波火焰，造成部分傷害。||||
subDescDemonSlayerFastSlices12|Your third attack now causes monsters to unleash an explosion dealing area of effect damage.||||現在，你的第三次攻擊會導致怪物釋放爆炸，造成一定範圍的傷害。||||
subDescDemonSlayerFastSlices13|Throw multiple piercing daggers with each slash.||||每次揮砍時都會投擲多把刺穿匕首。||||
subDescDemonSlayerFastSlices14|Your third attack sends enemies high in the air causing them to deal area of effect damage upon landing.||||你的第三次攻擊將敵人送至高空，導致他們在落地時造成一定範圍的傷害。||||
subDemonSlayerDemonsCalling01|Pentagram Radius||||五角星半徑||||
subDemonSlayerDemonsCalling02|Demon's Embrace||||擁抱惡魔||||
subDemonSlayerDemonsCalling03|Hellflame Burst||||地獄火焰爆發||||
subDemonSlayerDemonsCalling04|Dark Essence||||黑暗精華||||
subDemonSlayerDemonsCalling05|Dark Meteors||||黑暗流星||||
subDemonSlayerDemonsCalling06|The Fiery Layer of Hell||||地獄火層||||
subDemonSlayerDemonsCalling07|Hellish Scorching||||地獄灼熱||||
subDemonSlayerDemonsCalling08|Demon's Mind||||惡魔之心||||
subDemonSlayerDemonsCalling09|Devil in the Detail||||細節中的魔鬼||||
subDemonSlayerDemonsCalling10|Hell Infused Aftershock||||地震餘震||||
subDemonSlayerDemonsCalling11|Unholy Aftershock||||邪惡餘震||||
subDemonSlayerDemonsCalling12|Shadow Flames||||暗影火焰||||
subDemonSlayerDemonsCalling13|Appearing from Shadows||||從陰影中出現||||
subDemonSlayerDemonsCalling14|Pentagram Shockwave||||五角星衝擊波||||
subDescDemonSlayerDemonsCalling01|Increases the area of effect radius of demon's calling.||||五角星衝擊波增加惡魔呼喚的效果範圍。 ||||
subDescDemonSlayerDemonsCalling02|Increases damage dealt by demon's calling.||||增加惡魔呼喚造成的傷害。||||
subDescDemonSlayerDemonsCalling03|Chance to send monsters airborne on hit causing them to deal area of effect damage when landing.||||有幾率使怪物在擊中時升空，導致它們在著陸時造成一定範圍的傷害。||||
subDescDemonSlayerDemonsCalling04|Chance to inflict arcane break on hit.||||命中時有機率造成奧術破壞。||||
subDescDemonSlayerDemonsCalling05|Chance to drop chaos meteors on hit dealing increased damage.||||擊中時有機率掉落混亂流星，造成更高的傷害。||||
subDescDemonSlayerDemonsCalling06|Chance to inflict burning on hit.||||擊中時有機率造成燃燒。||||
subDescDemonSlayerDemonsCalling07|Increases damage dealt to burning targets.||||增加對燃燒目標造成的傷害。||||
subDescDemonSlayerDemonsCalling08|Chance on cast to jump higher and smash the ground dealing increased damage with increased area of effect radius.||||施法時有機率跳得更高並粉碎地面，造成更大的傷害並增加效果範圍。||||
subDescDemonSlayerDemonsCalling09|Decreases mana cost when using demon's calling.||||使用惡魔呼喚時降低法力消耗。||||
subDescDemonSlayerDemonsCalling10|Chance to shock the ground an additional time.||||有機率再次震動地面。||||
subDescDemonSlayerDemonsCalling11|Demon's Calling now echoes additional times increasing its size.||||惡魔呼喚現在會額外迴響幾次並增加其大小。||||
subDescDemonSlayerDemonsCalling12|Dark meteors now unleash a trail of shadow flames outwards dealing additional damage.||||黑暗流星現在向外釋放一道暗影火焰，造成額外傷害。||||
subDescDemonSlayerDemonsCalling13|Blink towards target location before unleashing demons calling with increased damage.||||閃現向目標位置後釋放惡魔呼喚並增加傷害。||||
subDescDemonSlayerDemonsCalling14|Unleash a shockwave of pentagrams dealing additional damage.||||釋放五角星衝擊波，造成額外傷害。||||
subDemonSlayerSliceOfShadows01|Floating Shadow||||浮影||||
subDemonSlayerSliceOfShadows02|Strenghtened Veil||||強化面紗||||
subDemonSlayerSliceOfShadows03|Shadow Duality||||暗影二元性||||
subDemonSlayerSliceOfShadows04|Mist of Darkness||||黑暗之霧||||
subDemonSlayerSliceOfShadows05|Stacking Shadow||||堆疊陰影||||
subDemonSlayerSliceOfShadows06|Crushing Veil||||破碎的面紗||||
subDemonSlayerSliceOfShadows07|Cold Shadow||||冰霜暗影||||
subDemonSlayerSliceOfShadows08|Frostbitten Mist||||霜凍之霧||||
subDemonSlayerSliceOfShadows09|Bitter Smoke||||苦煙||||
subDemonSlayerSliceOfShadows10|Looming Mist||||若隱若現的薄霧||||
subDemonSlayerSliceOfShadows11|Shadow Extraction||||萃取陰影||||
subDemonSlayerSliceOfShadows12|Shadow's Arc||||暗影之弧||||
subDemonSlayerSliceOfShadows13|Lingering Shadows||||揮之不去的陰影||||
subDemonSlayerSliceOfShadows14|Scorching Shadow||||灼熱之影||||
subDescDemonSlayerSliceOfShadows01|Increases projectile speed.||||提高投射物速度。||||
subDescDemonSlayerSliceOfShadows02|Increases damage dealt by slice of shadows based on your strength.||||根據你的力量增加暗影切割造成的傷害。||||
subDescDemonSlayerSliceOfShadows03|Chance to unleash an additional slice of shadows on attack.||||攻擊時有機率釋放額外的暗影切割。||||
subDescDemonSlayerSliceOfShadows04|Increases attack rating when using slice of shadows.||||使用暗影切割時提高攻擊命中率。||||
subDescDemonSlayerSliceOfShadows05|Gain a stacking damage buff for a short period on hit.||||擊中後短時間內獲得疊加傷害增益。||||
subDescDemonSlayerSliceOfShadows06|Chance to inflict armor break on hit.||||擊中時有機率造成護甲破壞。||||
subDescDemonSlayerSliceOfShadows07|Chance on hit to freeze enemies.||||命中時有機率凍結敵人。||||
subDescDemonSlayerSliceOfShadows08|Increases damage dealt to frozen targets.||||增加對冰凍目標造成的傷害。||||
subDescDemonSlayerSliceOfShadows09|Increases critical strike damage when using slice of shadows.||||使用暗影切割時增加暴擊傷害。||||
subDescDemonSlayerSliceOfShadows10|Increases the size of slice of shadows.||||增加暗影切割的大小。||||
subDescDemonSlayerSliceOfShadows11|Perform an empowered attack unleashing small shadows from the target on hit. Slice of shadows now has a cooldown.||||進行強力攻擊，擊中目標時會釋放出小暗影切割。暗影切割現在有冷卻時間。||||
subDescDemonSlayerSliceOfShadows12|Unleash additional shadows in an arc.||||以弧形的方式釋放額外的暗影。||||
subDescDemonSlayerSliceOfShadows13|Gain stacks of lingering shadows on hit. At maximum stacks your next slice of shadows deals increased damage with increased size.||||擊中時獲得揮之不去的陰影疊層。在最大堆疊層數下，你下次的暗影切割造成的傷害隨著尺寸的增加而增加。||||
subDescDemonSlayerSliceOfShadows14|Unleash a shadow ball of fire bouncing from terrain and inflicting burning on hit.||||釋放一個從地形彈起的影子火球，擊中時造成燃燒。||||
subDemonSpawnBoneFragments01|Heterotopic Ossification||||異位骨化||||
subDemonSpawnBoneFragments02|High Demon||||高等惡魔||||
subDemonSpawnBoneFragments03|Bone Frenzy||||骨狂||||
subDemonSpawnBoneFragments04|Bone Cannonade||||骨砲||||
subDemonSpawnBoneFragments05|Demon's Fury||||惡魔之怒||||
subDemonSpawnBoneFragments06|Blood Dipped Fragments||||沾滿鮮血的碎片||||
subDemonSpawnBoneFragments07|Exoskeletal||||外骨骼||||
subDemonSpawnBoneFragments08|Bloodshed||||流血事件||||
subDemonSpawnBoneFragments09|Witchcraft Essentials||||巫術要領||||
subDemonSpawnBoneFragments10|Carved Fragments||||雕刻碎片||||
subDemonSpawnBoneFragments11|Sharp Bonerangs||||鋒利的碎骨鏢||||
subDemonSpawnBoneFragments12|Demon's Grip||||惡魔之握||||
subDemonSpawnBoneFragments13|Bone Altar||||骨祭壇||||
subDemonSpawnBoneFragments14|Smart Bone||||智慧骨||||
subDescDemonSpawnBoneFragments01|Increases the amount of fragments.||||增加碎片數量。||||
subDescDemonSpawnBoneFragments02|Lowers the mana cost of bone fragments.||||降低骨頭碎片的法力消耗。||||
subDescDemonSpawnBoneFragments03|Chance on cast to increase the amount of fragments.||||施法時有機率增加碎片數量。||||
subDescDemonSpawnBoneFragments04|Chance on cast to unleash additional bone fragments.||||施法時有機率釋放額外的骨頭碎片。||||
subDescDemonSpawnBoneFragments05|Increases the projectile speed of fragments.||||增加碎片的投射物速度。||||
subDescDemonSpawnBoneFragments06|Chance to inflict bleeding on hit.||||擊中時有機率造成流血。||||
subDescDemonSpawnBoneFragments07|Chance to impale targets on hit sending them airborne dealing increased damage.||||擊中目標時有機率刺穿目標，使目標飛到空中，造成更高的傷害。||||
subDescDemonSpawnBoneFragments08|Unleash a nova of blood on hit if the target is bleeding.||||如果目標正在流血，則擊中時釋放鮮血新星。||||
subDescDemonSpawnBoneFragments09|Increases the damage dealt by bone fragments.||||增加骨頭碎片造成的傷害。||||
subDescDemonSpawnBoneFragments10|Increases damage dealt to bleeding targets.||||增加流血目標造成的傷害。||||
subDescDemonSpawnBoneFragments11|Bone fragments now bounce additional times on hit.||||骨頭碎片現在在擊中時會反彈更多次。||||
subDescDemonSpawnBoneFragments12|Bone fragments orbit targets on hit for a short period of time dealing additional damage to nearby monsters.||||骨頭碎片會在擊中時圍繞目標運行一小段時間，對附近的怪物造成額外傷害。||||
subDescDemonSpawnBoneFragments13|Summon a bone altar at target location casting bone fragments for a short period. Bone fragments now has a cooldown.||||在目標位置召喚一個骨祭壇，在短時間內生成骨頭碎片。骨頭碎片現在有冷卻時間。||||
subDescDemonSpawnBoneFragments14|Fragments seek the nearest monster dealing increased damage.||||碎片會尋找最近的怪物，造成更高的傷害。||||
subDemonSpawnImpale01|Demonic Effect||||惡魔效果||||
subDemonSpawnImpale02|Warlock's Power||||術士力量||||
subDemonSpawnImpale03|Sharpened Bones||||削尖骨頭||||
subDemonSpawnImpale04|Unseen Strike||||隱形打擊||||
subDemonSpawnImpale05|Hell's Ascension||||地獄升天||||
subDemonSpawnImpale06|Blood Shedding Impale||||流血刺穿||||
subDemonSpawnImpale07|Bonemagi||||骨魔術師||||
subDemonSpawnImpale08|Impaling Flames||||穿刺火焰||||
subDemonSpawnImpale09|Shattering Impale||||破碎刺穿||||
subDemonSpawnImpale10|Spiked Fields||||尖刺田野||||
subDemonSpawnImpale11|Hunger of the Demon||||惡魔的飢餓||||
subDemonSpawnImpale12|Elemental Bone Magister||||元素骨魔導師||||
subDemonSpawnImpale13|Via Dolorosa||||痛苦之路||||
subDemonSpawnImpale14|Spear of Amaymon||||阿瑪蒙之矛||||
subDescDemonSpawnImpale01|Increases impale area of effect radius.||||增加穿刺區域的效果半徑。||||
subDescDemonSpawnImpale02|Increases damage dealt by impale.||||增加刺穿造成的傷害。||||
subDescDemonSpawnImpale03|Chance to inflict bleeding on hit.||||擊中時有機率造成流血。||||
subDescDemonSpawnImpale04|Chance to critically hit with increased critical damage.||||有機率造成暴擊並增加暴擊傷害。||||
subDescDemonSpawnImpale05|Chance to unleash an additional impale on hit.||||擊中時有機率釋放額外的刺穿。||||
subDescDemonSpawnImpale06|Increases damage dealt to bleeding targets.||||增加流血目標造成的傷害。||||
subDescDemonSpawnImpale07|Decreases the mana cost of impale.||||降低穿刺的法力消耗。||||
subDescDemonSpawnImpale08|Chance to light the ground on fire on hit.||||擊中時有機率點燃地面。||||
subDescDemonSpawnImpale09|Chance to inflict arcane break on hit.||||命中時有機率造成奧術破壞。||||
subDescDemonSpawnImpale10|Chance on cast to increase the area of effect radius of impale.||||施法時有機率增加刺穿的影響半徑範圍。||||
subDescDemonSpawnImpale11|Unleash multiple smaller impales in an arc.||||以弧形的方式釋放多個較小的刺穿。||||
subDescDemonSpawnImpale12|Impale inflicts stasis, bleeding and burning on hit.||||穿刺擊中時會造成停滯、流血和燃燒。||||
subDescDemonSpawnImpale13|Impale now travels forward in a pathway increasing in size and damage until reaching its end stunning monsters it hits.||||穿刺現在沿著一條尺寸和傷害不斷增加的路徑向前移動，直到到達終點並擊中怪物。||||
subDescDemonSpawnImpale14|Impale becomes a piercing bone projectile you throw. Each enemy it catches is impaled and travels along with the projectile until it hits terrain stunning attached enemies.||||刺穿會變成你投擲的刺骨彈。它擊中的每個敵人都會被刺穿並與投射物一起行進，直到擊中地形並擊暈附著的敵人。||||
subDemonSpawnBoneStorm01|Forming Storm|||Формирование Шторма|形成風暴|ストーミング形成|폭풍 형성||
subDemonSpawnBoneStorm02|Razor Sharp|||Острый как бритва|鋒利剃刀|レイザーシャープ|예리한 칼날||
subDemonSpawnBoneStorm03|Demonic Winds|||Демонические Ветры|惡魔之風|デモニックウィンズ|악마의 바람||
subDemonSpawnBoneStorm04|Sacrificial Lambs|||Жертвенные Агнцы|獻祭羔羊|生け贄の子羊|희생 양||
subDemonSpawnBoneStorm05|Demon´s Eye of Storm|||Глаз Демона Бури|風暴惡魔之眼|ストームの悪魔の目|폭풍의 악마의 눈||
subDemonSpawnBoneStorm06|Infiltrate their Core|||Проникнуть в их ядро|滲透到核心|コアへの潜入|핵 침투||
subDemonSpawnBoneStorm07|Devils Favourite|||Любимец дьяволов|魔鬼喜愛|悪魔のお気に入り|악마의 총애||
subDemonSpawnBoneStorm08|Spontanious Dislocation|||Спонтанный вывих|自發性錯位|自発的脱臼|즉흥적 탈구||
subDemonSpawnBoneStorm09|Storm Influx|||Штормовой приток|湧入風暴潮|ストームインフラックス|폭풍 유입||
subDemonSpawnBoneStorm10|Devils Diversion|||Дьявольская диверсия|魔鬼轉移|悪魔の気晴らし|악마의 기만||
subDemonSpawnBoneStorm11|Cycloning Bones|||Циклонирующие кости|骨旋風|サイクロンボーン|사이클로닝 본즈||
subDemonSpawnBoneStorm12|Bone Tornado|||Торнадо из костей|骨龍捲|ボーントルネード|본 토네이도||
subDemonSpawnBoneStorm13|Everlasting Storm|||Вечный Шторм|永恆風暴|永遠の嵐|영원한 폭풍||
subDemonSpawnBoneStorm14|Bone Devils|||Костяные Дьяволы|白骨惡魔|ボーンデビル|본 데빌||
subDescDemonSpawnBoneStorm01|Increases the amount of bone projectiles.||||增加骨投射物的數量。||||
subDescDemonSpawnBoneStorm02|Chance to inflict bleeding on hit.||||擊中時有幾率造成流血||||
subDescDemonSpawnBoneStorm03|Increases the speed of bone projectiles.||||提高骨投射物的速度。||||
subDescDemonSpawnBoneStorm04|Increases damage to bleeding targets.||||增加流血目標的傷害。||||
subDescDemonSpawnBoneStorm05|Increases damage dealt by bone storm.||||增加白骨風暴造成的傷害。||||
subDescDemonSpawnBoneStorm06|Chance to inflict arcane break on hit.||||命中時有機率造成奧術破壞。||||
subDescDemonSpawnBoneStorm07|Chance to knock monsters back on hit dealing increased damage.||||有機率擊退怪物，造成更高的傷害。||||
subDescDemonSpawnBoneStorm08|Bone Storm has a chance on hit to summon additional Bone Fragments in random directions.||||白骨風暴有幾率在隨機方向上召喚額外的白骨碎片。||||
subDescDemonSpawnBoneStorm09|Decreases the cooldown of bone storm.||||減少白骨風暴的冷卻時間。||||
subDescDemonSpawnBoneStorm10|Gain increased chance to dodge attacks for a short period when casting bone storm.||||施放白骨風暴時，短時間內閃避攻擊的幾率增加。||||
subDescDemonSpawnBoneStorm11|Chance to summon a small cyclone of bones on hit.||||擊中時有機率召喚小型白骨旋風。||||
subDescDemonSpawnBoneStorm12|Unleash a bone tornado towards target location with increased damage.||||向目標位置釋放白骨風暴，傷害增加。||||
subDescDemonSpawnBoneStorm13|Bone storm no longer expires but it only deals a portion of its damage.||||白骨風暴不再過期，但只造成部分傷害。||||
subDescDemonSpawnBoneStorm14|Summons small bone devils at target location.||||在目標位置召喚小型骨魔。||||
subDemonSpawnSpinalTap01|Inevitable Carnage||||必然的屠殺||||
subDemonSpawnSpinalTap02|Hell's Reach||||直達地獄||||
subDemonSpawnSpinalTap03|Vampiric Tendencies||||吸血鬼傾向||||
subDemonSpawnSpinalTap04|Bringer of Pain||||痛苦使者||||
subDemonSpawnSpinalTap05|Increase in Suffering||||增加痛苦||||
subDemonSpawnSpinalTap06|Restoring Agony||||恢復痛苦||||
subDemonSpawnSpinalTap07|Additive Curse||||加法詛咒||||
subDemonSpawnSpinalTap08|Demonic Grip||||惡魔之握||||
subDemonSpawnSpinalTap09|Spinal Explosion||||脊椎爆炸||||
subDemonSpawnSpinalTap10|Violent Rip||||暴力撕裂||||
subDemonSpawnSpinalTap11|Blood and Gore||||血腥||||
subDemonSpawnSpinalTap12|Internal Bleeding||||內出血||||
subDemonSpawnSpinalTap13|Eternal Suffering||||永恆苦難||||
subDemonSpawnSpinalTap14|Healing Torture||||治療酷刑||||
subDescDemonSpawnSpinalTap01|Increases spinal tap's area of effect radius.||||增加脊椎穿刺的作用半徑範圍||||
subDescDemonSpawnSpinalTap02|Increases the maximum cast range of spinal tap.||||增加脊椎穿刺的最大投射範圍。||||
subDescDemonSpawnSpinalTap03|Increases damage dealt to bleeding targets.||||增加流血目標造成的傷害。||||
subDescDemonSpawnSpinalTap04|Chance to unleash an additional spinal tap.||||有機率釋放額外的脊椎穿刺。||||
subDescDemonSpawnSpinalTap05|Increases damage dealt by spinal tap.||||增加脊椎穿刺造成的傷害。||||
subDescDemonSpawnSpinalTap06|Chance to replenish a portion of your maximum mana on hit.||||有機率在擊中時補充部分最大法力。||||
subDescDemonSpawnSpinalTap07|Increases the maximum stacks of cartilage build up.||||增加軟骨堆積的最大數量。||||
subDescDemonSpawnSpinalTap08|Chance to inflict arcane break on hit.||||命中時有機率造成奧術破壞。||||
subDescDemonSpawnSpinalTap09|Spines ripped from monsters have a chance to explode dealing additional damage.||||從怪物身上撕下的刺有幾率爆炸，造成額外傷害。||||
subDescDemonSpawnSpinalTap10|Chance to inflict bleeding on hit.||||擊中時有機率造成流血。||||
subDescDemonSpawnSpinalTap11|Spinal tap executes enemies below a threshold of life causing them to explode with increased area of effect radius dealing increased damage.||||脊椎敲擊會處決生命低於閾值的敵人，導致他們爆炸，影響半徑增加，造成更多傷害。||||
subDescDemonSpawnSpinalTap12|Spinal tap inflicts increased bleeding on hit. If the target is already bleeding, increase the tick frequency of existing bleed until it consumes the bleeding dealing increased damage.||||脊椎穿刺擊中時會造成流血增加。如果目標已經流血，則增加現有流血的傷害頻率，直到消耗掉流血，造成更高的傷害。||||
subDescDemonSpawnSpinalTap13|Conjure piercing bone spikes flying towards targets on hit dealing additional damage.||||召喚穿透骨刺飛向擊中目標，造成額外傷害。||||
subDescDemonSpawnSpinalTap14|Increases the area of effect radius of spinal tap healing you for a portion of your maximum life per hit.||||增加脊椎穿刺治療的效果半徑，每次擊中可治癒你最大生命的一部分。||||
subDemonSpawnBoneBarrage01|Bonemarrow||||骨髓||||
subDemonSpawnBoneBarrage02|Skeletal Stock||||骨頭庫存||||
subDemonSpawnBoneBarrage03|Bone Growth||||骨骼生長||||
subDemonSpawnBoneBarrage04|Swift Bone||||迅捷骨||||
subDemonSpawnBoneBarrage05|Hard as Steel||||堅硬如鋼||||
subDemonSpawnBoneBarrage06|Rib Crack||||肋骨裂紋||||
subDemonSpawnBoneBarrage07|Explosive Density||||爆炸密度||||
subDemonSpawnBoneBarrage08|Flexible Bonestructure||||靈活骨骼結構||||
subDemonSpawnBoneBarrage09|Bone Pong||||骨乓||||
subDemonSpawnBoneBarrage10|Skeletal Impact||||影響骨骼||||
subDemonSpawnBoneBarrage11|Nova of Bones||||骸骨新星||||
subDemonSpawnBoneBarrage12|Master of Boneology||||專精骸骨||||
subDemonSpawnBoneBarrage13|Hell on Earth||||人間地獄||||
subDemonSpawnBoneBarrage14|Barraging Boneswirl||||猛攻骨旋||||
subDescDemonSpawnBoneBarrage01|Decreases the cooldown of bone barrage.||||減少白骨彈幕的冷卻時間。||||
subDescDemonSpawnBoneBarrage02|Increases the amount of bone spikes.||||增加骨刺的數量。||||
subDescDemonSpawnBoneBarrage03|Increases the size of bone spikes.||||增加骨刺的尺寸。||||
subDescDemonSpawnBoneBarrage04|Increases the projectile speed of bone spikes.||||增加骨刺的投射物速度。||||
subDescDemonSpawnBoneBarrage05|Increases the damage dealt by bone spikes.||||增加骨刺造成的傷害。||||
subDescDemonSpawnBoneBarrage06|Chance to inflict stun on hit.||||擊中時有機率造成眩暈。||||
subDescDemonSpawnBoneBarrage07|Chance on hit to unleash a bloody explosion dealing additional damage.||||擊中時有機率釋放血腥爆炸，造成額外傷害。||||
subDescDemonSpawnBoneBarrage08|Bone spikes bounce from terrain dealing increased damage.||||骨刺從地形上彈起，造成更大的傷害。||||
subDescDemonSpawnBoneBarrage09|Chance to chain between multiple monsters on hit dealing increased damage.||||有機率在擊中時在多個怪物之間連鎖，造成更高的傷害。||||
subDescDemonSpawnBoneBarrage10|Increases damage dealt to stunned targets.||||增加對暈眩目標造成的傷害。||||
subDescDemonSpawnBoneBarrage11|Unleash all the projectiles around you in a circle. Bone barrage no longer has a cooldown.||||將你周圍的所有投射物釋放成一圈。白骨彈幕不再有冷卻時間。||||
subDescDemonSpawnBoneBarrage12|Bone spikes start homing towards nearest monsters briefly after casting dealing increased damage.||||施放後，骨刺會開始短暫地飛向最近的怪物，造成更高的傷害。||||
subDescDemonSpawnBoneBarrage13|Bone spikes now rain from the sky on enemies around you causing the spikes to fragment when hitting the ground launching small fragments around the point of impact.||||骨刺現在從天而降，落在你周圍的敵人身上，導致骨刺在撞擊地面時破碎，​​在撞擊點周圍發射小碎片。||||
subDescDemonSpawnBoneBarrage14|Bone spikes now spiral outwards from you with increased speed.||||骨刺現在以更快的速度從你身上螺旋向外。||||
subDemonSpawnBloodBolts01|Adrenaline Secretion||||腎上腺素分泌||||
subDemonSpawnBloodBolts02|Volume Increase||||音量增加||||
subDemonSpawnBloodBolts03|Hemophilia||||血友病||||
subDemonSpawnBloodBolts04|Demonic Formula||||惡魔配方||||
subDemonSpawnBloodBolts05|Leukocytes||||白血球||||
subDemonSpawnBloodBolts06|Advanced Metabolism||||高級新陳代謝||||
subDemonSpawnBloodBolts07|Demon Master||||惡魔大師||||
subDemonSpawnBloodBolts08|High Hemoglobin||||高血紅素||||
subDemonSpawnBloodBolts09|Arterial Blood||||動脈血||||
subDemonSpawnBloodBolts10|Thrombus||||血栓||||
subDemonSpawnBloodBolts11|Demon Sentry||||惡魔哨兵||||
subDemonSpawnBloodBolts12|Bloodshed||||流血事件||||
subDemonSpawnBloodBolts13|Mark of the Demon||||惡魔印記||||
subDemonSpawnBloodBolts14|Wave of Blood||||血之波動||||
subDescDemonSpawnBloodBolts01|Increases the projectile speed of blood bolts.||||增加血箭的投射物速度。||||
subDescDemonSpawnBloodBolts02|Increases the size of blood bolts.||||增加血箭的尺寸。||||
subDescDemonSpawnBloodBolts03|Chance to inflict bleeding on hit.||||擊中時有機率造成流血。||||
subDescDemonSpawnBloodBolts04|Chance for blood bolts to become piercing and to continue traveling forward after hitting a monster.||||血箭有機率在擊中怪物後穿透繼續前進。||||
subDescDemonSpawnBloodBolts05|Increases damage dealt by blood bolts.||||增加血箭造成的傷害。||||
subDescDemonSpawnBloodBolts06|Blood bolts start homing towards the nearest target briefly after being casted.||||血箭在施放後會短暫追蹤到最近的目標。||||
subDescDemonSpawnBloodBolts07|Increases the damage of blood demons spawned by blood bolts.||||增加血箭產生的血惡魔的傷害。||||
subDescDemonSpawnBloodBolts08|Increases the amount of blood bolts.||||增加血箭數量。||||
subDescDemonSpawnBloodBolts09|Decreases the mana cost of blood bolts.||||降低血箭的法力消耗。||||
subDescDemonSpawnBloodBolts10|Chance on hit to knock enemies back with force dealing increased damage.||||擊中時有幾率用強力擊退敵人，造成更高的傷害。||||
subDescDemonSpawnBloodBolts11|Summon a following blood demon unleashing blood bolts to nearby monsters with increased blood bolt amount and attack speed.||||召喚一個跟隨的血惡魔，向附近的怪物釋放血箭，增加血箭數量和攻擊速度。||||
subDescDemonSpawnBloodBolts12|Unleash a blood bolt towards each nearby monster draining your life for each target dealing increased damage.||||向附近的每個怪物釋放血箭，每個目標都會耗盡你的生命，造成更高的傷害。||||
subDescDemonSpawnBloodBolts13|Conjure a pool of blood on target location. Unleash blood bolts towards monsters in the blood pool.||||在目標位置召喚出一灘血。向血池中的怪物釋放血箭。||||
subDescDemonSpawnBloodBolts14|Unleash a wave of blood leaving a trail of blood behind it. Any player touching the trail gains increased movement speed, faster cast rate and increased arcane skill damage.||||釋放出一道血波，身後留下一道血跡。任何接觸路徑的玩家都會獲得更高的移動速度、更快的施法速度和更高的奧術傷害。||||
subDemonSpawnBloodSurge01|Corrosive Blood||||腐蝕性血液||||
subDemonSpawnBloodSurge02|Wide Veins||||寬靜脈||||
subDemonSpawnBloodSurge03|White Blood Cells||||白血球||||
subDemonSpawnBloodSurge04|Increased Plasma||||增加血漿||||
subDemonSpawnBloodSurge05|Blood Fervor||||熱血熱情||||
subDemonSpawnBloodSurge06|Immune Deficiency||||免疫缺陷||||
subDemonSpawnBloodSurge07|Asphyxiating Vessels||||窒息血管||||
subDemonSpawnBloodSurge08|Demon Wings||||惡魔之翼||||
subDemonSpawnBloodSurge09|Vein Pressure||||靜脈壓||||
subDemonSpawnBloodSurge10|Rays of Blood||||血色光芒||||
subDemonSpawnBloodSurge11|Hematopoiesis||||造血作用||||
subDemonSpawnBloodSurge12|Channeling Surge||||引導突波||||
subDemonSpawnBloodSurge13|Blood Line||||血脈||||
subDemonSpawnBloodSurge14|Unlimited Power||||無限動力||||
subDescDemonSpawnBloodSurge01|Increases the damage dealt by blood surge.||||增加血之波動造成的傷害。||||
subDescDemonSpawnBloodSurge02|Increases the area of effect radius of blood surge.||||增加血之波動的影響範圍半徑。||||
subDescDemonSpawnBloodSurge03|Increases the duration of blood surge.||||增加血之波動的持續時間。||||
subDescDemonSpawnBloodSurge04|Decreases the mana cost of blood surge.||||降低血之波動的法力消耗。||||
subDescDemonSpawnBloodSurge05|Chance to inflict burning on hit.||||擊中時有機率造成燃燒。||||
subDescDemonSpawnBloodSurge06|Increases damage dealt to burning targets.||||增加對燃燒目標造成的傷害。||||
subDescDemonSpawnBloodSurge07|Chance to inflict arcane break on hit.||||命中時有機率造成奧術破壞。||||
subDescDemonSpawnBloodSurge08|Decreases movement diminish when using blood surge.||||減少使用血之波動時，移動速度下降效果。||||
subDescDemonSpawnBloodSurge09|Chance to unleash a critical strike with increased critical strike damage.||||有機率發動致命一擊，增加暴擊傷害。||||
subDescDemonSpawnBloodSurge10|Chance on hit to unleash additional surges of blood to directions around the target on hit.||||擊中時有機率向目標周圍的方向釋放額外的血之波動。||||
subDescDemonSpawnBloodSurge11|Increases the tick frequency of blood surge.||||增加血之波動的傷害頻率。||||
subDescDemonSpawnBloodSurge12|Blood surge deals increased damage and no longer expires until you run out of mana or cast blood surge again.|||Прилив крови наносит повышенный урон и больше не прекращает свое действие, пока у вас не закончится мана или вы не примените Прилив крови снова.|血之波動造成的傷害增加，並且不再有效，直到你耗盡法力或再次施放血之波動|血の波動はダメージが増加し、マナが切れるか再度詠唱するまで消滅しない。|만료되기 전에 옆으로 휘는 Blood surge를 두 번 방출합니다.|||
subDescDemonSpawnBloodSurge13|Unleash two surges of blood curving to your sides before expiring.||||釋放出兩股血液，在結束前向身體兩側射出。||||
subDescDemonSpawnBloodSurge14|Conjure an orb of blood unleashing surges of blood towards targets on hit. Blood surge now has a cooldown.||||召喚一個血球，在擊中目標時向目標釋放大量血液。血之波動現在有冷卻時間。||||
subShamanTectonicBoulder01|Bouncy Boulder||||彈性巨石||||
subShamanTectonicBoulder02|Stoned Mind||||石頭心靈||||
subShamanTectonicBoulder03|Boulder Momentum||||圓石動力||||
subShamanTectonicBoulder04|Stone Density||||石材密度||||
subShamanTectonicBoulder05|Fractured Balance||||平衡斷裂||||
subShamanTectonicBoulder06|Crushing Boulder||||粉碎巨石||||
subShamanTectonicBoulder07|Chunky Stone||||厚實石頭||||
subShamanTectonicBoulder08|Frosted Pebble||||磨砂卵石||||
subShamanTectonicBoulder09|Frostbiting Boulder||||霜凍巨石||||
subShamanTectonicBoulder10|Fragmentation||||碎片化||||
subShamanTectonicBoulder11|Tiny Stones||||小石頭||||
subShamanTectonicBoulder12|Colossal Boulder||||巨大的巨石||||
subShamanTectonicBoulder13|Molten Boulder||||熔岩巨石||||
subShamanTectonicBoulder14|Stone Slinger||||石投石手||||
subDescShamanTectonicBoulder01|Increases the amount of bounces.||||增加彈跳量。||||
subDescShamanTectonicBoulder02|Decreases the mana cost of tectonic boulder.||||降低構造巨石的法力消耗。||||
subDescShamanTectonicBoulder03|Increases the projectile speed of tectonic boulder.||||增加構造巨石的投射物速度。||||
subDescShamanTectonicBoulder04|Increases damage dealt by tectonic boulder.||||增加構造巨石造成的傷害。||||
subDescShamanTectonicBoulder05|Knock monsters back on hit dealing increased damage.||||擊中怪物時將其擊退，造成更高的傷害。||||
subDescShamanTectonicBoulder06|Chance to inflict arcane break on hit.||||命中時有機率造成奧術破壞。||||
subDescShamanTectonicBoulder07|Increases the size of tectonic boulder.||||增加構造巨石的尺寸。||||
subDescShamanTectonicBoulder08|Chance on cast to unleash a frozen boulder inflicting freezing on hit.||||施法時有機率釋放冰凍巨石，擊中時造成冰凍。||||
subDescShamanTectonicBoulder09|Increases damage dealt to frozen targets.||||增加對冰凍目標造成的傷害。||||
subDescShamanTectonicBoulder10|Increases damage dealt to stunned targets.||||增加對昏迷目標造成的傷害。||||
subDescShamanTectonicBoulder11|Unleash multiple smaller boulders in an arc.||||以弧形的方式釋放多個較小的巨石。||||
subDescShamanTectonicBoulder12|Unleash a boulder with increased size and damage stunning monsters on hit. Tectonic boulder now has a cooldown.||||釋放出更大尺寸的巨石，擊中時會傷害令人眩暈的怪物。構造巨石現在有冷卻時間。||||
subDescShamanTectonicBoulder13|Conjure a molten boulder leaving behind a trail of lava inflicting monsters with burning on hit.||||召喚一塊熔化的巨石，留下一道熔岩痕跡，使怪物在擊中時燃燒。||||
subDescShamanTectonicBoulder14|Throw boulders with increased projectile speed causing them to bounce off terrain.||||以增加的彈體速度投擲巨石，導致它們從地形上反彈。||||
subShamanTwisters01|Twisted Winds||||扭曲之風||||
subShamanTwisters02|Twistering Multitude||||扭曲的群眾||||
subShamanTwisters03|Whispering Winds||||風的低語||||
subShamanTwisters04|Sharp Gust||||陣風||||
subShamanTwisters05|Wind´s Trajectory||||風的軌跡||||
subShamanTwisters06|Gust´s Bite||||狂風之咬||||
subShamanTwisters07|Windstruck||||風擊||||
subShamanTwisters08|Windstep||||風步||||
subShamanTwisters09|Upward Spiral||||螺旋上升||||
subShamanTwisters10|Piercing Winds||||刺骨之風||||
subShamanTwisters11|Entangling Gust||||糾纏陣風||||
subShamanTwisters12|Explosive Gust||||爆炸性陣風||||
subShamanTwisters13|Splitting Twister||||分裂扭轉器||||
subShamanTwisters14|Ripping Gust||||撕裂陣風||||
subDescShamanTwisters01|Increases the projectile speed of twisters.||||增加旋風的投射物速度。||||
subDescShamanTwisters02|Increases the amount of twisters.||||增加旋風的數量。||||
subDescShamanTwisters03|Decreases the mana cost of twisters.||||降低旋風的法力消耗。||||
subDescShamanTwisters04|Increases damage dealt by twisters.||||增加旋風造成的傷害。||||
subDescShamanTwisters05|Chance to change trajectory towards nearest monster with increased damage on hit.||||有機率改變朝向最近怪物的軌跡，並增加命中時的傷害。||||
subDescShamanTwisters06|Chance to critically hit with increased critical strike damage.||||有機率造成暴擊並增加暴擊傷害。||||
subDescShamanTwisters07|Chance to strike monsters with lightning on hit dealing additional damage.||||有幾率用閃電擊中怪物，造成額外傷害。||||
subDescShamanTwisters08|Decreases movement diminish when using twisters.||||減少使用旋風時，移動速度降低的效果。||||
subDescShamanTwisters09|Chance to send monsters airborne dealing increased damage on hit.||||有機率將怪物送至空中，擊中時造成更高傷害。||||
subDescShamanTwisters10|Chance for twisters to become piercing.||||旋風有機率變得穿刺。||||
subDescShamanTwisters11|Twisters pierce through targets with increased damage inflicting entangling roots on hit.||||龍旋風會刺穿目標，並在擊中時造成樹根纏繞，造成更高的傷害。||||
subDescShamanTwisters12|Twisters explode with increased area of effect radius on hit inflicting arcane break.||||旋風撞擊時爆炸，造成奧術破壞，效果半徑增加。||||
subDescShamanTwisters13|Conjure a single twister with increased damage and size unleashing piercing twisters to all directions on hit.||||召喚出一個傷害更大、體積更大的旋風，擊中時會向各個方向釋放穿刺的旋風。||||
subDescShamanTwisters14|Increases damage dealt inflicting bleeding on hit.||||增加擊中時造成流血的傷害。||||
subShamanRockFragments01|Multistone Fragments||||多石碎片||||
subShamanRockFragments02|Stonegrowth||||石生長||||
subShamanRockFragments03|Reinforced Stone||||強化石||||
subShamanRockFragments04|Swift Fragments||||迅捷碎片||||
subShamanRockFragments05|Arcanastone||||奧術石||||
subShamanRockFragments06|Fragment Growth||||碎片成長||||
subShamanRockFragments07|Disorienting Impact||||迷失方向的影響||||
subShamanRockFragments08|Feint Crush||||佯攻粉碎||||
subShamanRockFragments09|Impaired Stone||||受損石頭||||
subShamanRockFragments10|Heavystone Crash||||重石墜毀||||
subShamanRockFragments11|Accumulating Density||||累積密度||||
subShamanRockFragments12|Elemental Fragments||||元素碎片||||
subShamanRockFragments13|Colossus Stone Fragment||||巨像石碎片||||
subShamanRockFragments14|Mad Rockslinger||||瘋狂搖滾者||||
subDescShamanRockFragments01|Increases the amount of rock fragments.||||增加岩石碎片的數量||||
subDescShamanRockFragments02|Increases the size of rock fragments.||||增加岩石碎片的尺寸。||||
subDescShamanRockFragments03|Increases damage dealt by rock fragments.||||增加岩石碎片造成的傷害。||||
subDescShamanRockFragments04|Increases the projectile speed of rock fragments.||||增加岩石碎片的投射物速度。||||
subDescShamanRockFragments05|Fragments have a chance of being imbued with arcana creating an arcane nova where they explode dealing damage over time.||||碎片有機率充滿奧術，產生奧術新星，並隨著時間的推移爆炸造成傷害。||||
subDescShamanRockFragments06|Chance to conjure fragments with increased damage and size.||||有機率召喚出傷害更大、尺寸更大的碎片。||||
subDescShamanRockFragments07|Chance on hit to stun an enemy.||||擊中時有機率擊暈敵人。||||
subDescShamanRockFragments08|Increases damage dealt to stunned enemies.||||增加對昏迷敵人造成的傷害。||||
subDescShamanRockFragments09|Rock fragments have a chance to ricochet on hit dealing increased damage.||||岩石碎片有機率在擊中時彈跳，造成更高的傷害。||||
subDescShamanRockFragments10|Chance to deal a critical strike with increased critical strike damage.||||有機率造成暴擊並增加暴擊傷害。||||
subDescShamanRockFragments11|Increases the projectile speed of rock fragments increasing damage dealt based on distance traveled.||||提高岩石碎片的投射物速度，根據行進距離增加造成的傷害。||||
subDescShamanRockFragments12|Arcanastone proc chance is doubled and additionally selects a random element between lightning, arcane, and fire. Lightning causes chain lightning, fire causes enemies to burn, and arcane leaves an arcane nova.||||奧術之石觸發幾率加倍，並且額外選擇閃電、奧術和火焰之間的隨機元素。閃電會引發連鎖閃電，火焰會導致敵人燃燒，奧術會留下奧術新星。||||
subDescShamanRockFragments13|Throw a giant rock onto the target location that explodes into multiple rock fragments that explode into smaller fragments.||||將一塊巨大的岩石丟到目標位置，岩石會爆炸成多個岩石碎片，然後又爆炸成更小的碎片。||||
subDescShamanRockFragments14|Throw increased amount of rocks in random directions.||||向隨機方向投擲更多的石塊。||||
subShamanEarthBind01|Lasting Roots||||根深蒂固||||
subShamanEarthBind02|Sharp Oaks||||夏普奧克斯||||
subShamanEarthBind03|Nature's Intellect||||自然智慧||||
subShamanEarthBind04|Increased Pressure||||壓力增加||||
subShamanEarthBind05|Rooting Wave||||生根波||||
subShamanEarthBind06|Expanding Roots||||擴展根源||||
subShamanEarthBind07|Lingering Oak||||揮之不去的橡樹||||
subShamanEarthBind08|Poisonous Ivy||||有毒的常春藤||||
subShamanEarthBind09|Strangling Thorns||||絞殺荊棘||||
subShamanEarthBind10|Paralyzing Leaves||||麻痺樹葉||||
subShamanEarthBind11|Field of Roots||||根的領域||||
subShamanEarthBind12|Wildfire Growth||||野火生長||||
subShamanEarthBind13|Shattering Thorns||||粉碎荊棘||||
subShamanEarthBind14|Quick Strangulation||||快速絞殺||||
subDescShamanEarthBind01|Increases the duration of earth bind.||||增加地縛術的持續時間。||||
subDescShamanEarthBind02|Increases damage dealt by earth bind.||||增加地縛術造成的傷害。||||
subDescShamanEarthBind03|Decreases the cooldown of earth bind.||||減少地縛術的冷卻時間。||||
subDescShamanEarthBind04|Monsters killed by earth bind explode, dealing area of effect damage.||||被地縛術殺死的怪物會爆炸，造成一定範圍的傷害。||||
subDescShamanEarthBind05|Chance to unleash additional earth binds on cast.||||施法時有機率釋放額外的地縛術。||||
subDescShamanEarthBind06|Chance for earth bind to grow on hit.||||地縛術有機率在擊中時生長。||||
subDescShamanEarthBind07|Increases the area of effect of earth bind.||||增加地縛術的影響範圍。||||
subDescShamanEarthBind08|Increases poisoned damage of earth bind.||||增加地縛術的中毒傷害。||||
subDescShamanEarthBind09|Executes low-life monsters.||||處決低等生命的怪物。||||
subDescShamanEarthBind10|Increases damage dealt to poisoned targets.||||增加對中毒目標造成的傷害。||||
subDescShamanEarthBind11|Area of effect and damage is greatly increased, but earth bind is now cast at your feet.||||效果範圍和傷害大大增加，但地縛術現在會在你的腳下施放。||||
subDescShamanEarthBind12|Chance to send a trail of hellfire towards targets on hit.||||有機率向擊中的目標發射一道地獄之火。||||
subDescShamanEarthBind13|Increases damage dealt, inflicting elemental break on hit.||||增加造成的傷害，擊中時造成元素破壞。||||
subDescShamanEarthBind14|Increases the tick frequency of earth bind.||||增加地縛術的傷害頻率。||||
subShamanMeteorStorm01|Meteor Strike||||流星撞擊||||
subShamanMeteorStorm02|Massive Stone||||大石頭||||
subShamanMeteorStorm03|Extended Meteorshower||||延長流星雨||||
subShamanMeteorStorm04|Meteoric Fragmentation||||流星碎片||||
subShamanMeteorStorm05|Heat Seeking Storm||||追尋熱風暴||||
subShamanMeteorStorm06|Concentrated Shattering||||集中破碎||||
subShamanMeteorStorm07|Rolling Meteorite||||滾動的隕石||||
subShamanMeteorStorm08|Manaburning Meteorology||||法力燃燒氣象||||
subShamanMeteorStorm09|Colossus Destroyer||||巨像毀滅者||||
subShamanMeteorStorm10|Hellflame Meteors||||地獄火流星||||
subShamanMeteorStorm11|Astroheated Shower||||天文熱水淋浴||||
subShamanMeteorStorm12|Storm of Comets||||彗星風暴||||
subShamanMeteorStorm13|Back Into Orbit||||返回環繞||||
subShamanMeteorStorm14|Rain From Hell||||來自地獄的雨||||
subDescShamanMeteorStorm01|Increases the damage dealt by meteor storm.||||增加流星風暴造成的傷害。||||
subDescShamanMeteorStorm02|Increases the area of effect radius of meteor storm.||||增加流星風暴的影響範圍半徑。||||
subDescShamanMeteorStorm03|Increases duration of meteor storm.||||增加流星風暴的持續時間。||||
subDescShamanMeteorStorm04|Meteors have a chance of exploding into smaller fragments that deal additional damage.||||流星有可能爆炸成更小的碎片，造成額外傷害。||||
subDescShamanMeteorStorm05|Meteor storm slowly travels towards the closest enemy.||||流星風暴緩緩向最近的敵人襲來。||||
subDescShamanMeteorStorm06|Inflicts elemental break on hit with the cost of reduced area of effect radius.||||擊中時造成元素破壞，但效果半徑範圍縮小。||||
subDescShamanMeteorStorm07|Chance for meteors to roll for a short duration when landing dealing additional damage.||||流星著陸時有機率短暫滾動，造成額外傷害。||||
subDescShamanMeteorStorm08|Increases damage according to your energy. Mana cost is increased.||||根據你的能量增加傷害。法力消耗增加。||||
subDescShamanMeteorStorm09|Increases damage dealt to bosses by meteor storm.||||增加流星風暴對Boss造成的傷害。||||
subDescShamanMeteorStorm10|Increases damage dealt to burning targets.||||增加對燃燒目標造成的傷害。||||
subDescShamanMeteorStorm11|Meteors constantly fall around you with a decreased frequency.||||流星不斷落在你周圍，但墜落頻率降低了。||||
subDescShamanMeteorStorm12|Call down a rain of colossal meteors from the sky over a greater area dealing increased damage. Meteor storm now has a cooldown.||||從天空中召喚出巨大的流星雨，覆蓋更大的區域，造成更高的傷害。流星風暴現在有冷卻時間。||||
subDescShamanMeteorStorm13|Summon multiple storms orbiting you. Meteor storm now has a cooldown.||||召喚多個風暴圍繞著你。流星風暴現在有冷卻時間。||||
subDescShamanMeteorStorm14|Increases the duration of meteor storm inflicting monsters with burning on hit.||||增加流星風暴擊中怪物時造成燃燒的持續時間。||||
subShamanTornado01|Wind´s Force||||風之力||||
subShamanTornado02|Sudden Winds||||突然的風||||
subShamanTornado03|Cyclone Radius||||旋風半徑||||
subShamanTornado04|Tempest Mind||||風暴心靈||||
subShamanTornado05|Windstorm´s Wrath||||暴風之怒||||
subShamanTornado06|Piercing Typhoon||||刺骨颱風||||
subShamanTornado07|Flowing Spiral||||流動的螺旋||||
subShamanTornado08|Punishing Tempest||||懲罰風暴||||
subShamanTornado09|Tempeststep||||暴風步||||
subShamanTornado10|Afterflow||||後流||||
subShamanTornado11|Orbital Winds||||環繞風||||
subShamanTornado12|Storm Growth||||風暴成長||||
subShamanTornado13|Splitting Cyclone||||分裂旋風||||
subShamanTornado14|Absolute Tempest||||絕對風暴||||
subDescShamanTornado01|Increases damage dealt by tornado.||||增加龍捲風造成的傷害。||||
subDescShamanTornado02|Chance to increase the amount of tornados.||||有機率增加龍捲風的數量。||||
subDescShamanTornado03|Increases the size of tornado.||||增加龍捲風的大小。||||
subDescShamanTornado04|Decreases the mana cost of tornado.||||降低龍捲風的法力消耗。||||
subDescShamanTornado05|Chance to deal a critical strike with increased critical strike damage.||||有機率造成暴擊並增加暴擊傷害。||||
subDescShamanTornado06|Chance to inflict arcane break on hit.||||命中時有機率造成奧術破壞。||||
subDescShamanTornado07|Chance to stun and knock targets up on hit.||||擊中時有機率擊暈擊飛目標。||||
subDescShamanTornado08|Increases damage dealt to stunned targets.||||增加對昏迷目標造成的傷害。||||
subDescShamanTornado09|Decreases movement diminish when using tornado.||||使用龍捲風時，移動會減少。||||
subDescShamanTornado10|Chance to unleash an additional tornado.||||有機率釋放額外的龍捲風。||||
subDescShamanTornado11|Spawn multiple tornadoes spiraling outwards from you.||||產生多條龍捲風，從你身邊盤旋向外。||||
subDescShamanTornado12|Summon a static tornado growing in size and gaining increased damage over time eventually bursting into small tornados in all directions.||||召喚一股靜止的龍捲風，其尺寸會隨著時間的推移而增大，傷害也會增加，最終會向各個方向爆發成小型龍捲風。||||
subDescShamanTornado13|Tornado splits into two halving its size and damage on hit.||O tornado tem seu tamanho e dano reduzidos pela metade ao atingir o alvo.|Торнадо уменьшается вдвое по размеру и урону при попадании.|龍捲風分裂為二，擊中時體積與傷害減半。|竜巻が命中時にサイズとダメージが半分になる分裂を行う。|토네이도는 크기가 나뉘고 타격 시 크기와 피해가 반으로 줄어듭니다.||Augmente la portée de la fureur de tonnerre.|El tornado se reduce a la mitad en tamaño y daño al impactar.|Tornado zmniejsza rozmiar i obrażenia przy trafieniu.
subDescShamanTornado14|Conjure a tornado with increased size catching monsters in it till hitting terrain throwing any monsters caught in the air and causing them to deal area of effect damage upon landing.||||召喚一個尺寸增大的龍捲風，捕獲其中的怪物，直到擊中地形，將捕獲在空中的任何怪物扔出，並導致它們在著陸時造成範圍傷害。||||
subShamanFissures01|Trembling Earth||||顫抖大地||||
subShamanFissures02|Scorching Steam||||灼熱蒸汽||||
subShamanFissures03|Debilitating Burst||||衰弱爆發||||
subShamanFissures04|Magnetic Field||||磁場||||
subShamanFissures05|Trembling Pull||||顫抖拉力||||
subShamanFissures06|Earth Crack||||大地裂縫||||
subShamanFissures07|Comet Fall||||彗星墜落||||
subShamanFissures08|Field of Landmass||||陸地領域||||
subShamanFissures09|Rumbling Impact||||隆隆衝擊||||
subShamanFissures10|Frequent Shaking||||頻繁搖晃||||
subShamanFissures11|Enlargening Earthquake||||擴大地震||||
subShamanFissures12|Electrocharged Fissures||||帶電裂縫||||
subShamanFissures13|Manual Quake||||手動地震||||
subShamanFissures14|Natural Disaster||||自然災害||||
subDescShamanFissures01|Increases duration of fissures.||||增加裂縫的持續時間。||||
subDescShamanFissures02|Increases damage dealt by fissures.||||增加裂縫造成的傷害。||||
subDescShamanFissures03|Chance on hit to stun enemies.||||命中時有機率擊暈敵人。||||
subDescShamanFissures04|Decreases cooldown of fissures.||||減少裂縫的冷卻時間。||||
subDescShamanFissures05|Fissures have a chance to knock monsters towards the center on each hit.||||每次擊中裂縫都有機率將怪物擊向中心。||||
subDescShamanFissures06|Chance to crack the earth impaling monsters with a stone pillar on hit dealing additional damage.||||有機率用石柱擊中刺穿大地的怪物，造成額外傷害。||||
subDescShamanFissures07|Chance to drop a comet on hit dealing additional damage.||||有機率掉落一顆彗星，造成額外傷害。||||
subDescShamanFissures08|Increases the area of effect of fissures.||||增加裂縫的效果範圍。||||
subDescShamanFissures09|Increases damage dealt to stunned targets.||||增加對昏迷目標造成的傷害。||||
subDescShamanFissures10|Increases the tick frequency of fissures.||||增加裂縫的傷害頻率。||||
subDescShamanFissures11|Increases the duration of fissures. Increase the size but decrease the damage dealt.||||增加裂縫的持續時間。增加尺寸但減少造成的傷害。||||
subDescShamanFissures12|Inflicts stasis and has a chance to strike monsters with bolts of lightning on hit.||||造成停滯，並有幾率在擊中時用閃電擊中怪物。||||
subDescShamanFissures13|Fissures now unleashes only a single tremble dealing increased damage. Fissures no longer has a cooldown.||||裂縫現在只會釋放一次顫抖，造成更高的傷害。裂痕不再有冷卻時間。||||
subDescShamanFissures14|Increases the proc chance of earth crack and comet fall inflicting arcane break on hit.||||增加大地裂縫和彗星墜落的觸發幾率，擊中時造成奧術破壞。||||
subShamanEarthTotem01|Earth Master||||大地大師||||
subShamanEarthTotem02|Rapid Earth||||快速地球||||
subShamanEarthTotem03|Fragmenting Totemstones||||圖騰石碎片||||
subShamanEarthTotem04|Earth God||||土地神||||
subShamanEarthTotem05|Runic Earth||||符文之地||||
subShamanEarthTotem06|Dense Earth||||緻密地球||||
subShamanEarthTotem07|Stunning Earth||||令人驚嘆的地球||||
subShamanEarthTotem08|Ravaging Earth||||蹂躪地球||||
subShamanEarthTotem09|Double Boulder||||雙巨石||||
subShamanEarthTotem10|Earth Caller||||大地召喚者||||
subShamanEarthTotem11|Entangling Roots||||糾纏的根須||||
subShamanEarthTotem12|Fragmented Volley||||碎片齊射||||
subShamanEarthTotem13|The Rolling Stones||||滾石樂隊||||
subShamanEarthTotem14|Wind Totem||||風圖騰||||
subDescShamanEarthTotem01|Increases the maximum amount of earth totems.||||增加大地圖騰的最大數量。||||
subDescShamanEarthTotem02|Increases attack speed of earth totem.||||提高大地圖騰的攻擊速度。||||
subDescShamanEarthTotem03|Chance for rocks to unleash fragments upon landing dealing additional damage.||||岩石落地時有機率釋放碎片，造成額外傷害。||||
subDescShamanEarthTotem04|Increases damage dealt by earth totem.||||增加大地圖騰造成的傷害。||||
subDescShamanEarthTotem05|Increases the size of earth totem.||||增加大地圖騰的大小。||||
subDescShamanEarthTotem06|Chance for rocks to bounce off the ground unleashing additional explosions.||||岩石有機率從地面彈起，引發更多爆炸。||||
subDescShamanEarthTotem07|Chance to stun monsters on hit.||||擊中時有機率擊暈怪物。||||
subDescShamanEarthTotem08|Increases damage dealt to stunned enemies.||||增加對昏迷敵人造成的傷害。||||
subDescShamanEarthTotem09|Chance for earth totem to deal double damage.||||大地圖騰有機率造成雙倍傷害。||||
subDescShamanEarthTotem10|Spawn an additional earth totem per cast.||||每次施放都會產生額外的大地圖騰。||||
subDescShamanEarthTotem11|Unleash a trail of earth roots traveling towards the target rooting monsters on hit and dealing increased damage.||||釋放一條地根軌跡擊中目標時生根蔓向目標怪物移動，造成更高的傷害。||||
subDescShamanEarthTotem12|Earth totem unleashes a volley of smaller rocks. Earth totem attack speed is decreased.||||大地圖騰出一連串較小的岩石。大地圖騰攻擊速度降低。||||
subDescShamanEarthTotem13|Earth totem unleashes rolling boulders inflicting arcane break and knocking monsters back on hit.||||大地圖騰釋放滾動的巨石，造成奧術破壞，並在擊中時將怪物擊退。||||
subDescShamanEarthTotem14|Earth totem unleashes multiple piercing tornados.||||大地圖騰釋放出多道刺骨龍捲風。||||
subShamanSpiritWolves01|Sharpened Teeth||||尖銳的牙齒||||
subShamanSpiritWolves02|Wolf Pack||||狼群||||
subShamanSpiritWolves03|Astral Fur||||星體毛皮||||
subShamanSpiritWolves04|Cleave Slash||||順劈斬||||
subShamanSpiritWolves05|Ravaging Strike||||蹂躪打擊||||
subShamanSpiritWolves06|Wolf´s Claw||||狼爪||||
subShamanSpiritWolves07|Pack Leader||||狼群領袖||||
subShamanSpiritWolves08|Pummeling Rage||||猛擊之怒||||
subShamanSpiritWolves09|Rupturing Slice||||破裂切片||||
subShamanSpiritWolves10|Wounding Trail||||傷人足跡||||
subShamanSpiritWolves11|Spiritual Rabies||||精神狂犬病||||
subShamanSpiritWolves12|Alpha||||最初||||
subShamanSpiritWolves13|Lightning Fangs||||閃電獠牙||||
subShamanSpiritWolves14|Howling Pack||||群嚎||||
subDescShamanSpiritWolves01|Increases damage dealt by spirit wolves.||||增加靈魂狼造成的傷害。||||
subDescShamanSpiritWolves02|Increases the maximum amount of spirit wolves.||||增加靈狼的最大數量。||||
subDescShamanSpiritWolves03|Increases the damage reduction of spirit wolves.||||增加精靈狼的傷害減免。||||
subDescShamanSpiritWolves04|Increases the area of effect radius and splash damage dealt to monsters around the target.||||增加對目標周圍怪物造成的效果半徑和濺射傷害。||||
subDescShamanSpiritWolves05|Bleeding targets emit damage taken to nearby enemies.||||流血目標會對附近的敵人造成傷害。||||
subDescShamanSpiritWolves06|Chance to inflict bleeding on hit.||||擊中時有機率造成流血。||||
subDescShamanSpiritWolves07|Increases the attack speed of spirit wolves.||||增加靈狼的攻擊速度。||||
subDescShamanSpiritWolves08|Chance to knock monsters back dealing increased damage on hit.||||有機率將怪物擊退，擊中時造成更多傷害。||||
subDescShamanSpiritWolves09|Chance to deal a critical strike on attack.||||攻擊有機率造成暴擊。||||
subDescShamanSpiritWolves10|Increases damage dealt to bleeding targets.||||增加流血目標造成的傷害。||||
subDescShamanSpiritWolves11|Chance on attack to become enraged increasing movement speed and damage dealt for a short period.||||攻擊時有機率被激怒，短時間內增加移動速度和造成的傷害。||||
subDescShamanSpiritWolves12|Summon a single lone wolf scaling its damage and life according to the maximum amount of wolves.||||召喚一頭獨狼，其傷害和生命會根據狼的最大數量而定。||||
subDescShamanSpiritWolves13|Chance to unleash surges of chain lightning on hit dealing increased damage.||||擊中時有機率釋放連鎖閃電，造成更高傷害。||||
subDescShamanSpiritWolves14|Increases spirit wolves movement speed and maximum summon amount.||||增加靈狼的移動速度和最大召喚數量。||||
subShamanStormTotem01|Storm Master||||風暴大師||||
subShamanStormTotem02|Circuitbreaking||||熔斷||||
subShamanStormTotem03|Storm Current||||風暴電流||||
subShamanStormTotem04|Storm God||||風暴神||||
subShamanStormTotem05|Static Duality||||雙重靜電||||
subShamanStormTotem06|Connected by Storm||||風暴連接||||
subShamanStormTotem07|Static Electroshock||||靜電電擊||||
subShamanStormTotem08|Storming Bolt||||風暴之箭||||
subShamanStormTotem09|Struck by Thunder||||雷霆打擊||||
subShamanStormTotem10|Collapsing Thunder||||崩塌雷霆||||
subShamanStormTotem11|Lightning Rods||||避雷針||||
subShamanStormTotem12|Surging Sentry||||洶湧哨兵||||
subShamanStormTotem13|Stormclaw Totem||||風暴之爪圖騰|||||
subShamanStormTotem14|Charged Totem||||帶電圖騰||||
subDescShamanStormTotem01|Increases the maximum amount of storm totems.||||增加風暴圖騰的最大數量。||||
subDescShamanStormTotem02|Increases amount of chain lightning bounces.||||增加連鎖閃電的彈跳量。||||
subDescShamanStormTotem03|Chance to inflict stasis on hit.||||有機率在擊中時造成停滯。||||
subDescShamanStormTotem04|Increases damage dealt by storm totem.||||增加風暴圖騰造成的傷害。||||
subDescShamanStormTotem05|Chance to summon an additional storm totem on attack for a short period.||||有機率在短時間內召喚額外的風暴圖騰。||||
subDescShamanStormTotem06|Storm totems are now linked together with electric current dealing damage to monsters on hit.||||風暴圖騰現在與電流聯繫在一起，對擊中的怪物造成傷害。||||
subDescShamanStormTotem07|Increases damage dealt to targets with stasis.||||增加對具有停滯狀態的目標所造成的傷害。||||
subDescShamanStormTotem08|Chance to strike monsters with a bolt of lightning on hit dealing additional damage.||||有機率用閃電擊中怪物，造成額外傷害。||||
subDescShamanStormTotem09|Storm totem has a chance to stun enemies on hit.||||風暴圖騰有幾率擊中敵人時使其昏迷。||||
subDescShamanStormTotem10|Increases damage dealt to stunned targets.||||增加對昏迷目標造成的傷害。||||
subDescShamanStormTotem11|Storm totems call lightning bolts from the sky unleashing lightning pulses dealing increased damage. Storm totems no longer unleash chain lightning.||||風暴圖騰從天上召喚閃電，釋放閃電脈衝，造成更大的傷害。風暴圖騰不再釋放連鎖閃電。||||
subDescShamanStormTotem12|Storm totem fires a surge of lightning unleashing lightning pulses on hit.||||風暴圖騰會發射一道閃電，擊中時會釋放出閃電脈衝。||||
subDescShamanStormTotem13|Increases the attack speed and damage dealt by storm totem unleashing an arc of lightning bolts on hit.||||增加風暴圖騰的攻擊速度和傷害，並在攻擊時釋放一道電弧。|||||
subDescShamanStormTotem14|Storm totem unleashes multiple charged bolts.||||風暴圖騰釋放出多個帶電閃電。||||
subShamanFireTotem01|Fire Master||||火焰大師||||
subShamanFireTotem02|Flame Scorching||||火焰灼燒||||
subShamanFireTotem03|Burning Radius||||燃燒半徑||||
subShamanFireTotem04|Overheated Flames||||過熱火焰||||
subShamanFireTotem05|Scattering Flames||||飛散火焰||||
subShamanFireTotem06|Light the Soil||||照亮土壤||||
subShamanFireTotem07|Arcfire||||弧火||||
subShamanFireTotem08|Gas into the Flames||||火焰瓦斯||||
subShamanFireTotem09|Totemscorch||||燒焦圖騰||||
subShamanFireTotem10|Flamescarred Sentry||||火痕哨兵||||
subShamanFireTotem11|Firestorm Totems||||火焰風暴圖騰||||
subShamanFireTotem12|Homing Flames||||歸巢火焰||||
subShamanFireTotem13|Multiplying Fire||||火力倍增||||
subShamanFireTotem14|Paralyzing Napalm||||麻痺凝固汽油彈||||
subDescShamanFireTotem01|Increases the maximum amount of fire totems.||||增加火焰圖騰的最大數量。||||
subDescShamanFireTotem02|Chance to inflict burning on hit.||||擊中時有機率造成燃燒。||||
subDescShamanFireTotem03|Increases the size of fire totem.||||增加火焰圖騰的大小。||||
subDescShamanFireTotem04|Increases damage dealt by fire totem.||||增加火焰圖騰造成的傷害。||||
subDescShamanFireTotem05|Chance to inflict fire break on hit.||||擊中時有機率造成火焰破壞。||||
subDescShamanFireTotem06|Chance to leave ground burning beneath monsters on hit dealing additional damage.||||擊中時有機率使怪物下方的地面燃燒，造成額外傷害。||||
subDescShamanFireTotem07|Chance to unleash additional flames in an arc.||||有機率以弧形的方式釋放額外的火焰。||||
subDescShamanFireTotem08|Chance for flames to grow in size on hit.||||命中時火焰有機率變大。||||
subDescShamanFireTotem09|Increases damage dealt to burning targets.||||增加對燃燒目標造成的傷害。||||
subDescShamanFireTotem10|Fire totem now burns monsters around it for a portion of its damage.||||火焰圖騰現在會燃燒周圍的怪物來造成部分傷害。||||
subDescShamanFireTotem11|Fire totem unleashes swirling flames orbiting outwards with increased damage but decreased duration.||||火焰圖騰釋放出向外旋轉的旋轉火焰，傷害增加，但持續時間縮短。||||
subDescShamanFireTotem12|Flames become homing towards the nearest target dealing a portion of the damage.||||火焰飛向最近的目標，造成部分傷害。||||
subDescShamanFireTotem13|Chance on hit to summon an additional fire totem at the target's location for a short time.||||擊中時有幾率在目標位置短時間內召喚一個額外的火焰圖騰。||||
subDescShamanFireTotem14|Increases damage and size of flames inflicting slow on hit.||||增加傷害和火焰大小，造成命中緩慢。||||
subShamanChaosTotem01|Soulburning Bolts||||灼熱彈||||
subShamanChaosTotem02|Hour of Chaos||||混亂時刻||||
subShamanChaosTotem03|Chaos Shattering||||混沌破碎||||
subShamanChaosTotem04|Doomsday Clock||||世界末日時鐘||||
subShamanChaosTotem05|Chaos Aura||||混沌光環||||-
subShamanChaosTotem06|Chaos Arc||||混沌弧||||
subShamanChaosTotem07|Split Chaos||||分裂混沌||||
subShamanChaosTotem08|Uncontrollable Reaction||||無法控制的反應||||
subShamanChaosTotem09|Reach of Chaos||||混沌之觸||||
subShamanChaosTotem10|Chaos Pulse||||混沌脈衝||||
subShamanChaosTotem11|Manafunneled Chaos||||法力混沌||||
subShamanChaosTotem12|Chaos Embodied||||混沌體現||||
subShamanChaosTotem13|Arcing Destruction||||電弧破壞||||
subShamanChaosTotem14|Colossal Chaos||||巨大的混沌||||
subDescShamanChaosTotem01|Increases damage of chaos totem.||||增加混沌圖騰的傷害。||||
subDescShamanChaosTotem02|Decreases the cooldown of chaos totem.||||減少混沌圖騰的冷卻時間。||||
subDescShamanChaosTotem03|Chance to inflict elemental break on hit.||||命中時有機率造成元素破壞。||||
subDescShamanChaosTotem04|Increases the duration of chaos totem.||||增加混沌圖騰的持續時間。||||
subDescShamanChaosTotem05|Monsters around the chaos totem have a chance for a chaos meteor to drop down from the sky dealing area of effect damage.||||混沌圖騰周圍的怪物有幾率從天而降混沌流星，造成範圍傷害。||||
subDescShamanChaosTotem06|Chance on attack to fire multiple chaos bolts in an arc.||||攻擊時有機率以弧形的方式發射多個混沌彈。||||
subDescShamanChaosTotem07|Chance for chaos bolts to split into two bolts on hit.||||混沌彈擊中時有可能分裂成兩支彈。||||
subDescShamanChaosTotem08|Chaos totem has a chance on hit to critically strike dealing increased damage.||||混沌圖騰被擊中時有一定幾率造成暴擊，造成更高的傷害。||||
subDescShamanChaosTotem09|Increases the range of chaos totem.||||增加混沌圖騰的範圍。||||
subDescShamanChaosTotem10|Chance to unleash a pulse of shadow on hit inflicting burning and dealing additional damage.||||擊中時有機率釋放暗影脈衝，造成燃燒並造成額外傷害。||||
subDescShamanChaosTotem11|Chaos totem deals increased damage based on your maximum mana for each second active but drains increasing amounts of mana per second. If you run out of mana the totem despawns.||||混沌圖騰啟動時每秒消耗的法力值且根據最大法力值造成更多傷害，但每秒消耗的法力值也不斷增加。如果你的法力耗盡，圖騰就會消失。||||
subDescShamanChaosTotem12|You can summon multiple chaos totems but you can no longer summon any other totems. Chaos totem no longer has a cooldown.||||你可以召喚多個混沌圖騰，但不能再召喚任何其他圖騰。混沌圖騰不再有冷卻時間。||||
subDescShamanChaosTotem13|Chaos totem fires multiple chaos bolts in an arc.||||混沌圖騰以弧形的方式發射多個混沌彈。||||
subDescShamanChaosTotem14|Increases the size and damage of chaos bolts.||||增加混沌彈的尺寸和傷害。||||
subWhiteMageShadowBolt01|Consuming Flames||||消耗火焰||||
subWhiteMageShadowBolt02|Arcane Surge||||奧術湧動||||
subWhiteMageShadowBolt03|Power of the Dark Side||||黑暗面的力量||||
subWhiteMageShadowBolt04|Dark Conjurer||||暗黑咒法師||||
subWhiteMageShadowBolt05|Taunting Shadows||||嘲諷之影||||
subWhiteMageShadowBolt06|Inner Corruption||||內部腐敗||||
subWhiteMageShadowBolt07|Shadows Dispair||||陰影絕望||||
subWhiteMageShadowBolt08|Flames of Corruption||||腐敗之火||||
subWhiteMageShadowBolt09|Warlock from the Shadows||||來自暗影的術士||||
subWhiteMageShadowBolt10|Warlocks Might||||術士之力||||
subWhiteMageShadowBolt11|Shadow Flame||||暗影火焰||||
subWhiteMageShadowBolt12|Shadow Beams||||暗影光束||||
subWhiteMageShadowBolt13|Shadows Grasp||||暗影之握||||
subWhiteMageShadowBolt14|Shadow Cascade||||暗影噴流||||
subDescWhiteMageShadowBolt01|Chance to inflict shadow burn on hit.||||擊中時有機率造成暗影灼燒。||||
subDescWhiteMageShadowBolt02|Increases damage dealt by shadow bolt.||||增加暗影箭造成的傷害。||||
subDescWhiteMageShadowBolt03|Decreases mana cost of shadow bolt.||||降低暗影箭的法力消耗。||||
subDescWhiteMageShadowBolt04|Chance on cast to unleash an additional shadow bolt.||||施法時有機率釋放額外的暗影箭。||||
subDescWhiteMageShadowBolt05|Chance to taunt monsters on hit.||||擊中時有機率嘲諷怪物。||||
subDescWhiteMageShadowBolt06|Increases the size of shadow bolts.||||增加暗影箭的尺寸。||||
subDescWhiteMageShadowBolt07|Chance to inflict arcane break on hit.||||命中時有機率造成奧術破壞。||||
subDescWhiteMageShadowBolt08|Increases damage dealt to shadow burning targets.||||增加對暗影燃燒目標造成的傷害。||||
subDescWhiteMageShadowBolt09|Chance on hit to critically hit with increased critical damage.||||擊中時有機率造成暴擊並增加暴擊傷害。||||
subDescWhiteMageShadowBolt10|Increases the projectile speed of shadow bolt.||||增加暗影箭的投射物速度。||||
subDescWhiteMageShadowBolt11|Shadow bolt bursts into a shadow nova on hit with increased damage and area of effect radius.||||暗影箭擊中時會爆發成暗影新星，傷害和效果半徑範圍都會增加。||||
subDescWhiteMageShadowBolt12|Unleash beams of shadows towards monsters on hit.||||擊中怪物時向怪物釋放陰影光束。||||
subDescWhiteMageShadowBolt13|Unleash a grasping shadow hand pulling monsters towards you inflicting arcane break on hit.||||釋放一隻緊握的暗影之手，將怪物拉向你，擊中時造成奧術破壞。||||
subDescWhiteMageShadowBolt14|Shadow bolt has a chance to burst into smaller shadow bolts on hit.|||Теневая стрела имеет шанс распадаться на мелкие теневые стрелы при попадании.|暗影箭擊中時有機率爆裂成較小的暗影箭。||그림자 볼트는 적중 시 더 작은 그림자 볼트로 분리될 수 있습니다.|||Bolt de Sombra tiene una probabilidad de estallar en proyectiles umbríos más pequeños al golpear.|
subWhiteMageSoulSpurn01|Last Mortal Act||||最後的凡人行為||||
subWhiteMageSoulSpurn02|Solidify||||固化||||
subWhiteMageSoulSpurn03|Repeating Reaping||||重複收割||||
subWhiteMageSoulSpurn04|Consume||||消耗||||
subWhiteMageSoulSpurn05|Highway to Purgatory||||通往煉獄的高速公路||||
subWhiteMageSoulSpurn06|Restore||||恢復||||
subWhiteMageSoulSpurn07|Revitalise||||振興||||
subWhiteMageSoulSpurn08|Floating Cultist||||漂浮的信徒||||
subWhiteMageSoulSpurn09|Shattering Destruction||||粉碎性破壞||||
subWhiteMageSoulSpurn10|Corrupted Rapture||||腐化狂喜||||
subWhiteMageSoulSpurn11|Soulfilled Tradeoff||||充滿靈魂的權衡||||
subWhiteMageSoulSpurn12|Purgatory||||煉獄||||
subWhiteMageSoulSpurn13|Lifeline Tether||||拘束命脈||||
subWhiteMageSoulSpurn14|Harvest the Damned||||收穫詛咒之人||||
subDescWhiteMageSoulSpurn01|Ripped souls deal a portion of the damage.||||撕裂的靈魂造成部分傷害。||||
subDescWhiteMageSoulSpurn02|Increases the damage dealt by soul spurn.||||增加藐視靈魂造成的傷害。||||
subDescWhiteMageSoulSpurn03|Chance on cast to deal increased damage.||||施法時有機率造成更高的傷害。||||
subDescWhiteMageSoulSpurn04|Chance on cast to unleash an additional soul spurn.||||施放時有機率釋放額外的藐視靈魂。||||
subDescWhiteMageSoulSpurn05|Increases the speed of ripped souls.||||提高撕裂靈魂的速度。||||
subDescWhiteMageSoulSpurn06|Soul spurn recovers a portion of your maximum mana on hit.||||藐視靈魂會在擊中時回復你最大法力值的一部分。||||
subDescWhiteMageSoulSpurn07|Soul spurn recovers a portion of your maximum life on hit.||||藐視靈魂會在擊中時回復你最大生命的一部分。||||
subDescWhiteMageSoulSpurn08|Reduces movement diminish when using soul spurn.||||減少使用藐視靈魂時，移動速度降低的效果。||||
subDescWhiteMageSoulSpurn09|Chance to inflict arcane break on hit.||||命中時有機率造成奧術破壞。||||
subDescWhiteMageSoulSpurn10|Increases the area of effect radius of soul spurn.||||增加藐視靈魂的效果範圍。||||
subDescWhiteMageSoulSpurn11|Increases the damage dealt by soul spurn but decreases the area of effect radius.||||增加藐視靈魂造成的傷害，但減少範圍效果。||||
subDescWhiteMageSoulSpurn12|Soul spurn becomes a toggle skill ripping souls from monsters around you draining a portion of your maximum life frequently.||||藐視靈魂成為一種切換技能，可以從你周圍的怪物身上奪取靈魂，會持續消耗你最大生命值的一部分。||||
subDescWhiteMageSoulSpurn13|Rip souls for all nearby allies restoring their mana and life.||||為附近所有盟友撕裂靈魂，恢復他們的法力和生命。||||
subDescWhiteMageSoulSpurn14|Monsters killed by soul spurn inflicts you with a buff increasing your arcane damage, life replenish and mana replenish for a short duration.||||被藐視靈魂殺死的怪物會為你帶來增益，在短時間內增加你的奧術傷害、生命回復和法力回復。||||
subWhiteMageSatansMark01|Heil Satan||||撒旦萬歲||||
subWhiteMageSatansMark02|Long Lasting Darkness||||持久黑暗||||
subWhiteMageSatansMark03|Mark of the Beast||||野獸印記||||
subWhiteMageSatansMark04|Grasp of Lucifer||||路西法之握||||
subWhiteMageSatansMark05|Satanic Transe||||撒旦恍惚||||
subWhiteMageSatansMark06|Blood Ritual||||血祭||||
subWhiteMageSatansMark07|The Black Bible||||黑色聖經||||
subWhiteMageSatansMark08|Messenger of Satan||||撒旦的使者||||
subWhiteMageSatansMark09|Reach of Darkness||||黑暗之觸||||
subWhiteMageSatansMark10|False Prophecy||||錯誤的預言||||
subWhiteMageSatansMark11|The Black Mass||||黑彌撒||||
subWhiteMageSatansMark12|The Rapture||||狂喜||||
subWhiteMageSatansMark13|The Devil In I||||我心中的惡魔||||
subWhiteMageSatansMark14|Soul Combustion||||靈魂燃燒||||
subDescWhiteMageSatansMark01|Increases the damage dealt by satan´s mark.||||增加撒旦的印記造成傷害。||||
subDescWhiteMageSatansMark02|Increases the duration of satan´s mark.||||增加撒旦的印記持續時間。||||
subDescWhiteMageSatansMark03|Chance on cast to spawn crows circling around the target location for a short duration dealing additional damage.||||施放時有機率生成烏鴉，在目標位置周圍短暫盤旋，造成額外傷害。||||
subDescWhiteMageSatansMark04|Increases the area of effect radius of satan´s mark.||||增加撒旦的印記效果範圍。||||
subDescWhiteMageSatansMark05|Increases the amount of stacks applied to targets.||||增加應用於目標的堆疊層數。||||
subDescWhiteMageSatansMark06|Increases the blood ripple area of effect radius of satan´s mark.||||增加撒旦的印記的血波紋效果範圍。||||
subDescWhiteMageSatansMark07|Chance to apply satan´s mark to nearby monsters on hit.||||有機率在擊中時對附近的怪物施加撒旦的印記。||||
subDescWhiteMageSatansMark08|Decreases the cooldown of satan´s mark.||||減少撒撒旦的印記冷卻時間。||||
subDescWhiteMageSatansMark09|Increases the maximum cast range of satan´s mark.||||增加撒旦的印記最大施法距離。||||
subDescWhiteMageSatansMark10|Chance to inflict burning on hit.||||擊中時有機率造成燃燒。||||
subDescWhiteMageSatansMark11|Satan´s mark unleashes chains of unholy lightning when struck by black mass executing low life monsters on hit.||||當撒旦的印記被黑色彌撒擊中時，會釋放出邪惡的閃電鏈，擊中時會處決低生命的怪物。||||
subDescWhiteMageSatansMark12|Satan´s mark is applied to monsters around you on a large radius with increased stacks. Satan´s mark now has an increased cooldown.||||撒旦的印記適用於你周圍大範圍內的怪物，並且疊加層數增加。撒旦的印記冷卻時間現在更長了。||||
subDescWhiteMageSatansMark13|Stuns monsters affected by satan´s mark inflicting arcane break.||||擊暈受撒旦印記影響的怪物，造成奧術破壞。||||
subDescWhiteMageSatansMark14|Satan´s mark causes target souls to explode after a short delay dealing increased damage.||||撒旦的印記會導致目標靈魂在短暫延遲後爆炸，造成更高的傷害。||||
subWhiteMageRestlessSpirits01|Arcane Echoes||||奧術迴響||||
subWhiteMageRestlessSpirits02|Shadowflame Affliction||||痛苦暗影烈焰||||
subWhiteMageRestlessSpirits03|Spiritual Expansion||||拓展精神||||
subWhiteMageRestlessSpirits04|Wraiths Call||||幽靈召喚||||
subWhiteMageRestlessSpirits05|Spectral Efficiency||||幽靈效率||||
subWhiteMageRestlessSpirits06|Phantom Step||||幻步||||
subWhiteMageRestlessSpirits07|Hexbound Spirits||||六界之靈||||
subWhiteMageRestlessSpirits08|Wraiths Fury||||幽靈之怒||||
subWhiteMageRestlessSpirits09|Shattering Spirits||||破碎靈魂||||
subWhiteMageRestlessSpirits10|Spectral Velocity||||幽靈速度||||
subWhiteMageRestlessSpirits11|Spirit Circle||||靈魂之環||||
subWhiteMageRestlessSpirits12|Master of Spirits||||靈魂大師||||
subWhiteMageRestlessSpirits13|Soul Termination||||靈魂終結||||
subWhiteMageRestlessSpirits14|Feast on the Harvest||||豐收盛宴||||
subDescWhiteMageRestlessSpirits01|Increases damage dealt by restless spirits.||||增加躁動靈魂造成的傷害。||||
subDescWhiteMageRestlessSpirits02|Chance to inflict shadow burn on hit.||||擊中時有機率造成暗影燃燒。||||
subDescWhiteMageRestlessSpirits03|Increases the size of restless spirits.||||增加躁動靈魂的大小。||||
subDescWhiteMageRestlessSpirits04|Increases the amount of restless spirits.||||增加躁動靈魂數量。||||
subDescWhiteMageRestlessSpirits05|Decreases the mana cost of restless spirits.||||降低躁動靈魂的法力消耗。||||
subDescWhiteMageRestlessSpirits06|Decreases movement diminish when using restless spirits.||||減少使用躁動靈魂時，移動速度降低的效果。||||
subDescWhiteMageRestlessSpirits07|Chance to summon orbiting souls at target location on hit dealing damage for a short duration.||||擊中時有機率在目標位置召喚環繞目標的的躁動靈魂，造成短暫傷害。||||
subDescWhiteMageRestlessSpirits08|Increases the damage dealt by restless spirits over time.||||隨著時間的推移，躁動靈魂造成的傷害會增加。||||
subDescWhiteMageRestlessSpirits09|Chance to inflict arcane break on hit.||||命中時有機率造成奧術破壞。||||
subDescWhiteMageRestlessSpirits10|Increases the projectile speed of restless spirits.||||增加躁動靈魂的投射物速度。||||
subDescWhiteMageRestlessSpirits11|Restless spirits now orbit you for a short duration.||||躁動靈魂現在會在你周圍短暫停留。||||
subDescWhiteMageRestlessSpirits12|Summon multiple spirit servants following you and unleashing shadow bolts towards nearby monsters. Restless Spirits now has a cooldown.||||召喚多個靈魂僕從跟隨你並向附近的怪物釋放暗影箭。躁動靈魂現在有冷卻時間。||||
subDescWhiteMageRestlessSpirits13|Restless spirits explode on hit dealing a portion of their damage as area of effect damage.||||躁動靈魂在擊中時會爆炸，造成部分傷害作為效果範圍傷害。||||
subDescWhiteMageRestlessSpirits14|Increases the amount of restless spirits according to the stack amount of harvest the damned consuming the buff.||||根據消耗藐視靈魂的增益的疊層數去增加躁動靈魂的數量。||||
subWhiteMageDarkOath01|Soulburn||||靈魂燃燒||||
subWhiteMageDarkOath02|Oath Amplifier||||誓言增幅器||||
subWhiteMageDarkOath03|Healing Corruption||||腐敗治癒||||
subWhiteMageDarkOath04|Shadows Reach||||抵達暗影||||
subWhiteMageDarkOath05|Covens Oath||||盟約誓言||||
subWhiteMageDarkOath06|Pulse of Vitality||||活力脈動||||
subWhiteMageDarkOath07|Lust for Power||||渴望權力||||
subWhiteMageDarkOath08|Shadowsteps||||暗影步||||
subWhiteMageDarkOath09|Intrusive Corruption||||腐敗侵入||||
subWhiteMageDarkOath10|Devastating Pulse||||毀滅脈衝||||
subWhiteMageDarkOath11|Sacrificial Oath||||犧牲誓言||||
subWhiteMageDarkOath12|Soul Collector||||靈魂收藏家||||
subWhiteMageDarkOath13|Corrupting Pulse||||腐蝕脈衝||||
subWhiteMageDarkOath14|Burning Darkness||||燃燒黑暗||||
subDescWhiteMageDarkOath01|Increases the tick frequency of dark oath.||||增加黑暗誓言的傷害頻率。||||
subDescWhiteMageDarkOath02|Increases the damage dealt by dark oath.||||增加黑暗誓言造成的傷害。||||
subDescWhiteMageDarkOath03|Chance to recover a portion of your maximum life on hit.||||命中時有機率恢復部分最大生命。||||
subDescWhiteMageDarkOath04|Increases the area of effect radius of dark oath.||||增加黑暗誓言的範圍效果。||||
subDescWhiteMageDarkOath05|Increases damage dealt to stunned targets.||||增加對昏迷目標造成的傷害。||||
subDescWhiteMageDarkOath06|Chance to increase your life and mana replenish on hit for a short duration.||||有機率在短時間內增加你的生命和法力回復。||||
subDescWhiteMageDarkOath07|Chance to critically hit with increased critical strike damage.||||有機率造成暴擊並增加暴擊傷害。||||
subDescWhiteMageDarkOath08|Chance to increase your movement speed on hit for a short duration.||||有機率在短時間內提高擊中時的移動速度。||||
subDescWhiteMageDarkOath09|Chance to inflict arcane break on hit.||||命中時有機率造成奧術破壞。||||
subDescWhiteMageDarkOath10|Chance to stun monsters on hit.||||擊中時有機率擊暈怪物。||||
subDescWhiteMageDarkOath11|Each pulse unleashes multiple restless spirits.||||每個脈衝都會釋放出多個躁動靈魂。||||
subDescWhiteMageDarkOath12|Dark oath pulses collect souls from monsters. After reaching the maximum stack of souls the next pulse will deal increased damage with increased area of effect radius.||||黑暗誓言脈衝從怪物身上收集靈魂。達到最大靈魂堆疊數後，下一個脈衝將造成更大的傷害，效果半徑也更大。||||
subDescWhiteMageDarkOath13|Chance to unleash additional pulses of dark oath from monsters on hit.||||擊中怪物時有機率釋放額外的黑暗誓言脈衝。||||
subDescWhiteMageDarkOath14|Inflicts shadow burn and slow on hit.||||命中造成暗影灼傷並減緩速度。||||
subWhiteMageBlackMass01|Dark Gathering||||黑暗聚會||||
subWhiteMageBlackMass02|Cult's Migration||||邪教的遷徙||||
subWhiteMageBlackMass03|Loyal Followers||||忠實的追隨者||||
subWhiteMageBlackMass04|Raise Morale||||提高士氣||||
subWhiteMageBlackMass05|The Devil Within||||內心的惡魔||||
subWhiteMageBlackMass06|Darkness Infused||||黑暗注入||||
subWhiteMageBlackMass07|Bloated Followers||||臃腫的追隨者||||
subWhiteMageBlackMass08|Crowd Stomp||||重踏人群||||
subWhiteMageBlackMass09|Eternal Corruption||||永恆腐敗||||
subWhiteMageBlackMass10|Murder Frenzy||||謀殺狂潮||||
subWhiteMageBlackMass11|Shadow Puppets||||影子魁儡||||
subWhiteMageBlackMass12|Protective Circle||||保護圈||||
subWhiteMageBlackMass13|Loyal Followers||||忠實追隨者||||
subWhiteMageBlackMass14|Cult Bishops||||邪教主教||||
subDescWhiteMageBlackMass01|Increases the amount of cultists.||||增加邪教徒的數量。||||
subDescWhiteMageBlackMass02|Increases the movement speed of cultists.||||提高信徒的移動速度。||||
subDescWhiteMageBlackMass03|Decreases the cooldown of black mass.||||減少黑色彌撒的冷卻時間。||||
subDescWhiteMageBlackMass04|Decreases the mana costs of black mass.||||降低黑色彌撒的法力消耗。||||
subDescWhiteMageBlackMass05|Chance to unleash a ripple of blood on hit dealing additional damage.||||擊中時有機率釋放血波紋，造成額外傷害。||||
subDescWhiteMageBlackMass06|Increases the damage dealt by black mass.||||增加黑色彌撒造成的傷害。||||
subDescWhiteMageBlackMass07|Increases the size of cultists.||||增加邪教徒的規模。||||
subDescWhiteMageBlackMass08|Chance to stun monsters on hit.||||擊中時有機率擊暈怪物。||||
subDescWhiteMageBlackMass09|Chance on cast to summon an additional black mass.||||施法時有機率召喚額外的黑色彌撒。||||
subDescWhiteMageBlackMass10|Increases damage dealt to stunned targets.||||增加對昏迷目標造成的傷害。||||
subDescWhiteMageBlackMass11|Summon a static cultist. The cultist emmits a portion of all damage taken to nearby monsters as area of effect damage.||||召喚靜態信徒。邪教成員會將附近怪物受到的所有傷害的一部分作為範圍效果傷害。||||
subDescWhiteMageBlackMass12|Increased amount of cultists are now summoned in a circle around target location.||||現在會在目標位置周圍召喚更多數量的邪教徒。||||
subDescWhiteMageBlackMass13|Summon a horde of static cultists at target location for a short duration dealing increased damage.||||在目標位置召喚一群靜態邪教徒，持續時間較短，造成更高的傷害。||||
subDescWhiteMageBlackMass14|Send forward a cult bishop inflicting burning, dealing increased damage according to your energy and stunning monsters on hit.||||派遣一名邪教主教前行，造成燃燒，根據你的能量造成更高的傷害，並在擊中時擊暈怪物。||||
subWhiteMageHeavenlyFire01|Lamb of God||||神的羔羊||||
subWhiteMageHeavenlyFire02|Flame of the Heavens||||諸天之火||||
subWhiteMageHeavenlyFire03|Heaven's Burn||||燃燒天堂||||
subWhiteMageHeavenlyFire04|Scorched Retribution||||焦灼報應||||
subWhiteMageHeavenlyFire05|Heaven's Blessing||||天堂祝福||||
subWhiteMageHeavenlyFire06|Heavenly Smite||||天堂之擊||||
subWhiteMageHeavenlyFire07|Inner Ignition||||點燃內在||||
subWhiteMageHeavenlyFire08|Shattering Flames||||破碎火焰||||
subWhiteMageHeavenlyFire09|Ethereal Burn||||超凡燃燒||||
subWhiteMageHeavenlyFire10|Word of God||||神的話語||||
subWhiteMageHeavenlyFire11|Essence of Heavens||||天之精華||||
subWhiteMageHeavenlyFire12|Chain of Fire||||火焰連鎖||||
subWhiteMageHeavenlyFire13|Righteous Path||||正義之徑||||
subWhiteMageHeavenlyFire14|Ascendant Flame||||上升火焰||||
subDescWhiteMageHeavenlyFire01|Chance on hit to set monsters on fire causing them to spread flames while moving. ||||擊中怪物時有機率著火，導致它們在移動時散佈火焰。||||
subDescWhiteMageHeavenlyFire02|Increases the tick frequency of heavenly fire.||||增加天堂之火的傷害頻率。||||
subDescWhiteMageHeavenlyFire03|Increases the damage dealt by heavenly fire.||||增加天堂之火造成的傷害。||||
subDescWhiteMageHeavenlyFire04|Inflicts burning on hit.||||擊中時造成燃燒。||||
subDescWhiteMageHeavenlyFire05|Decreases the mana cost of heavenly fire.||||降低天堂之火的法力消耗。||||
subDescWhiteMageHeavenlyFire06|Increases damage dealt to burning targets.||||增加對燃燒目標造成的傷害。||||
subDescWhiteMageHeavenlyFire07|Chance to increase your arcane damage on hit for a short duration.||||有機率在短時間內增加命中時的奧術傷害。||||
subDescWhiteMageHeavenlyFire08|Chance to inflict arcane break on hit.||||命中時有機率造成奧術破壞。||||
subDescWhiteMageHeavenlyFire09|Chance to critically hit dealing increased critical strike damage.||||有機率造成暴擊，造成更高的暴擊傷害。||||
subDescWhiteMageHeavenlyFire10|Increases the area of effect radius of heavenly fire.||||增加天堂之火的範圍效果。||||
subDescWhiteMageHeavenlyFire11|Unleash a heavenly orb scorching the ground below leaving behind a trail of burning flames.||||釋放一個天堂球體，燒焦下面的地面，留下一道燃燒的火焰痕跡。||||
subDescWhiteMageHeavenlyFire12|Chance to unleash a chain of fire on hit dealing increased damage.||||擊中時有機率釋放連鎖火力，造成更高傷害。||||
subDescWhiteMageHeavenlyFire13|Leave behind a trail of heavenly fire for a short duration inflicting elemental break on hit. Heavenly Fire now has a cooldown.||||在短時間內留下一道天堂之火痕跡，擊中時造成元素破壞。天堂之火現在有冷卻時間。||||
subDescWhiteMageHeavenlyFire14|Increases the size and tick frequency of heavenly fire over time.||||隨著時間的推移，增加天堂之火的大小和傷害頻率。||||
subWhiteMageBurstOfLight01|Manabinded Cast||||綁定魔力施法||||
subWhiteMageBurstOfLight02|Solar Infusion||||灌注太陽||||
subWhiteMageBurstOfLight03|Piercing Ray||||穿透射線||||
subWhiteMageBurstOfLight04|Heaven's Brightness||||天堂光明||||
subWhiteMageBurstOfLight05|Total Illumination||||總亮度||||
subWhiteMageBurstOfLight06|Forking Glare||||分叉眩光||||
subWhiteMageBurstOfLight07|Lens Flare||||閃光鏡片||||
subWhiteMageBurstOfLight08|Light Orb||||光球||||
subWhiteMageBurstOfLight09|Blazing Light||||熾熱之光||||
subWhiteMageBurstOfLight10|Blinding Light||||致盲之光||||
subWhiteMageBurstOfLight11|Holy Beam||||聖光||||
subWhiteMageBurstOfLight12|Burning Smite||||燃燒之擊||||
subWhiteMageBurstOfLight13|Purification||||純化||||
subWhiteMageBurstOfLight14|Light Within||||內在之光||||
subDescWhiteMageBurstOfLight01|Chance to smite monsters with a pillar of searing light on hit dealing additional damage according to your energy.||||有機率用灼熱光柱擊打怪物，根據你的能量造成額外傷害。||||
subDescWhiteMageBurstOfLight02|Increases damage dealt by burst of light.||||增加光之爆發發造成的傷害。||||
subDescWhiteMageBurstOfLight03|Chance to inflict arcane break on hit.||||命中時有機率造成奧術破壞。||||
subDescWhiteMageBurstOfLight04|Chance to replenish a portion of your maximum mana on hit.||||有機率在擊中時補充部分最大法力。||||
subDescWhiteMageBurstOfLight05|Chance on cast to unleash additional bursts in an arc.||||施法時有機率在弧形的範圍中釋放額外的光之爆發。||||
subDescWhiteMageBurstOfLight06|Chance to unleash an additional burst of light from a nearby monster on hit.||||擊中附近的怪物時有機率釋放額外的光之爆發。||||
subDescWhiteMageBurstOfLight07|Increases the range of burst of light.||||增加光之爆發的距離。||||
subDescWhiteMageBurstOfLight08|Chance on cast to unleash an orb of light briefly bursting into a burst of light.||||光之爆發施法時有機率釋放一個短暫爆發的光球。||||
subDescWhiteMageBurstOfLight09|Increases damage dealt to burning targets.||||增加對燃燒目標造成的傷害。||||
subDescWhiteMageBurstOfLight10|Chance to inflict stun and deal damage for a portion of target´s missing life on hit.||||擊中時有機率造成眩暈並對目標失去的部分生命造成傷害。||||
subDescWhiteMageBurstOfLight11|Unleash multiple bursts of light in an arc on hit.||||擊中時以弧形的方式釋放多道光之爆發。||||
subDescWhiteMageBurstOfLight12|Unleash burst of light with increased size leaving the ground burning and inflicting slow on hit.||||釋放出更大尺寸的光之爆發，使地面燃燒並造成擊中速度緩慢。||||
subDescWhiteMageBurstOfLight13|Inflict monsters with a stack of purification on hit increasing the damage dealt by burst of light.||||對擊中的怪物造成淨化疊層，增加光之爆發造成的傷害。||||
subDescWhiteMageBurstOfLight14|Burst of light unleashes as a nova of light around you with increased area of effect radius and dealing increased damage.||||光之爆發在你周圍釋放出光之新星，範圍效果增加，造成的傷害也增加。||||
subWhiteMageChainOfHolyLight01|Holy Velocity||||神聖速度||||
subWhiteMageChainOfHolyLight02|Plasma Burst||||等離子爆發||||
subWhiteMageChainOfHolyLight03|Holy Discharge||||神聖放電||||
subWhiteMageChainOfHolyLight04|Divine Divergence||||神聖分歧||||
subWhiteMageChainOfHolyLight05|Amplifying Prayer||||擴大祈禱||||
subWhiteMageChainOfHolyLight06|Spellbreak Prayer||||破咒祈禱||||
subWhiteMageChainOfHolyLight07|Celestial Light||||天堂之光||||
subWhiteMageChainOfHolyLight08|Sacred Steps||||神聖步伐||||
subWhiteMageChainOfHolyLight09|Lightened Path||||照亮道路||||
subWhiteMageChainOfHolyLight10|Light's Embrace||||聖光擁抱||||
subWhiteMageChainOfHolyLight11|God´s Altar||||神的祭壇||||
subWhiteMageChainOfHolyLight12|Recursive Light||||回歸之光||||
subWhiteMageChainOfHolyLight13|Echo of Heavens||||天堂迴響||||
subWhiteMageChainOfHolyLight14|God's Grasp||||上帝之握||||
subDescWhiteMageChainOfHolyLight01|Increases the projectile speed of chain of holy light.||||增加神聖閃電鏈的投射物速度。||||
subDescWhiteMageChainOfHolyLight02|Increases the damage dealt by chain of holy light.||||增加神聖閃電鏈造成的傷害。||||
subDescWhiteMageChainOfHolyLight03|Chance to smite monsters with holy lightning on hit dealing additional damage.||||有機率用神聖閃電擊中怪物，造成額外傷害。||||
subDescWhiteMageChainOfHolyLight04|Chance to unleash an additional chain of holy light on hit.||||命中時有機率釋放額外的神聖閃電鏈。||||
subDescWhiteMageChainOfHolyLight05|Increases the damage dealt by chain of holy light with each bounce.||||增加神聖閃電鏈每次反彈造成的傷害。||||
subDescWhiteMageChainOfHolyLight06|Chance to inflict arcane break on hit.||||命中時有機率造成奧術破壞。||||
subDescWhiteMageChainOfHolyLight07|Increases the amount of bounces.||||增加反彈數量。||||
subDescWhiteMageChainOfHolyLight08|Decreases movement diminish when using chain of holy light.||||減少使用神聖閃電鏈時，移動速度降低的效果。||||
subDescWhiteMageChainOfHolyLight09|Decreases the mana cost of chain of holy light.||||降低神聖閃電鏈的法力消耗。||||
subDescWhiteMageChainOfHolyLight10|Chain of holy light heals you for a portion of your maximum life when hitting its last target.||||當神聖閃電鏈擊中最後一個目標時，它會治癒你最大生命的一部分。||||
subDescWhiteMageChainOfHolyLight11|Summon an altar of light unleashing chain of holy light on nearby monsters. Chain of holy light now has a cooldown.||||召喚一座光之祭壇，向附近的怪物釋放神聖閃電鏈。神聖閃電鏈現在有冷卻時間。||||
subDescWhiteMageChainOfHolyLight12|Chain of holy light strikes the same target multiple times if there are no monsters nearby dealing a portion of its damage.||||如果附近沒有怪物，神聖閃電鏈會多次攻擊相同目標造成部分傷害。||||
subDescWhiteMageChainOfHolyLight13|Unleash holy bolts towards targets on hit with a chance to proc heavenly fire on hit.|||При попадании в цель выпускайте святые стрелы.|向目標發射神聖箭矢，並有機率觸發天火。|命中時にホーリーボルトを放つ。|적중 시 대상에게 신성한 화살을 방출합니다.|||
subDescWhiteMageChainOfHolyLight14|Pull monsters towards the first target on hit unleashing a divine explosion dealing increased damage with increased area of effect radius.||||將怪物拉向擊中的第一個目標，釋放神聖爆炸，造成更大的傷害，並增加範圍效果。||||
subWhiteMageManaOrb01|Conduit||||導管||||
subWhiteMageManaOrb02|Mana Incursion||||法力侵襲||||
subWhiteMageManaOrb03|Burst of Energy||||能量爆發||||
subWhiteMageManaOrb04|Energy Charges||||活力充能||||
subWhiteMageManaOrb05|Corrupting Manapulse||||腐化魔力脈衝||||
subWhiteMageManaOrb06|Meditation||||冥想||||
subWhiteMageManaOrb07|Mage's Might||||法師之力||||
subWhiteMageManaOrb08|Amplified Magic||||強化魔法||||
subWhiteMageManaOrb09|Heaven's Aid||||天堂援助||||
subWhiteMageManaOrb10|Energy Fountain||||能量噴泉||||
subWhiteMageManaOrb11|Energy Orbit||||環繞能量||||
subWhiteMageManaOrb12|Chosen One||||選一||||
subWhiteMageManaOrb13|Hauling Manawell||||牽引魔力牆||||
subWhiteMageManaOrb14|Compacting Power||||壓縮力量||||
subDescWhiteMageManaOrb01|Increases the mana replenish from mana orb.||||增加秘能法球的法力補充量。||||
subDescWhiteMageManaOrb02|Increases the damage dealt by mana orb.||||增加秘能法球造成的傷害。||||
subDescWhiteMageManaOrb03|Chance to critically hit dealing increased critical strike damage according to your energy.||||根據你的能量，有機率造成暴擊並增加暴擊傷害。||||
subDescWhiteMageManaOrb04|Increases the duration of mana orb.||||增加秘能法球的持續時間。||||
subDescWhiteMageManaOrb05|Chance to inflict arcane break on hit.||||命中時有機率造成奧術破壞。||||
subDescWhiteMageManaOrb06|Reduces the cooldown of mana orb.||||減少秘能法球的冷卻時間。||||
subDescWhiteMageManaOrb07|Increases the area of effect radius of mana orb.||||增加秘能法球的作用半徑範圍。||||
subDescWhiteMageManaOrb08|Increases the tick frequency of mana orb.||||增加秘能法球的傷害頻率。||||
subDescWhiteMageManaOrb09|Chance to summon an additional mana orb at target location on hit.||||命中時有機率在目標位置召喚額外的秘能法球。||||
subDescWhiteMageManaOrb10|Increases damage dealt to stunned targets.||||增加對昏迷目標造成的傷害。||||
subDescWhiteMageManaOrb11|Summon multiple mana orbs orbitting you and dealing damage based on your energy. Consumes all of your mana on cast.||||召喚多個秘能法球繞著你轉，並根據你的能量造成傷害。施法時消耗你所有的法力。||||
subDescWhiteMageManaOrb12|Summon a mana orb within you gaining increased life replenish, mana replenish and arcane damage for the duration of mana orb.||||在你體內召喚一個秘能法球，在秘能法球持續時間內獲得更多的生命回復、法力回復和奧術傷害。||||
subDescWhiteMageManaOrb13|Conjure a flying mana orb pulling monsters into its core on hit.||||召喚一個飛行的秘能法球，擊中時將怪物拉入其核心。||||
subDescWhiteMageManaOrb14|Summon a mana orb with increased duration and size. Each mana pulse now increases its damage but shrinks it in size.||||召喚一個持續時間和大小都增加的秘能法球。現在，每個法力脈衝都會增加其傷害，但會縮小其大小。||||
subMarauderBouncingGrenade01|Pressurized Bombs||||加壓炸彈||||
subMarauderBouncingGrenade02|Strong Lats||||強壯背闊肌||||
subMarauderBouncingGrenade03|Nitroglycerine Solution||||硝酸甘油溶液||||
subMarauderBouncingGrenade04|Elastic Cover||||靈活覆蓋||||
subMarauderBouncingGrenade05|Ace Up Your Sleeve||||袖手旁觀||||
subMarauderBouncingGrenade06|Big Boy Bombs||||大男孩炸彈||||
subMarauderBouncingGrenade07|Heavy Weight||||重量級||||
subMarauderBouncingGrenade08|Rubber Coated Shell||||橡膠塗層外殼||||
subMarauderBouncingGrenade09|Sharp Shrapnels||||尖銳彈片||||
subMarauderBouncingGrenade10|Flammable Charge||||易燃電荷||||
subMarauderBouncingGrenade11|Resetting Fuse||||重置保險絲||||
subMarauderBouncingGrenade12|Blazing Rebound||||熾熱反彈||||
subMarauderBouncingGrenade13|Fiery Charge||||熾熱衝鋒||||
subMarauderBouncingGrenade14|Coast to Coast||||此岸到彼岸||||
subDescMarauderBouncingGrenade01|Increases area of effect radius of bouncing grenade.||||增加彈跳手榴彈的範圍效果。||||
subDescMarauderBouncingGrenade02|Increased the projecile speed of bouncing grenade.||||增加了彈跳手榴彈的投射物速度。||||
subDescMarauderBouncingGrenade03|Increases the damage dealt by bouncing grenade.||||增加彈跳手榴彈造成的傷害。||||
subDescMarauderBouncingGrenade04|Increases the amount of bounces for bouncing grenade.||||增加彈跳手榴彈的彈跳次數。||||
subDescMarauderBouncingGrenade05|Chance on cast to unleash an additional bouncing grenade.||||施法時有機率釋放一枚額外的彈跳手榴彈。||||
subDescMarauderBouncingGrenade06|Increases the size of bouncing grenade.||||增加彈跳手榴彈的尺寸。||||
subDescMarauderBouncingGrenade07|Decreases the distance between bounces.||||減少彈跳之間的距離。||||
subDescMarauderBouncingGrenade08|Chance for bouncing grenades to bounce off of terrain.||||彈跳手榴彈有機率從地形上反彈。||||
subDescMarauderBouncingGrenade09|Chance to inflict fire break on hit.||||擊中時有機率造成火焰破壞。||||
subDescMarauderBouncingGrenade10|Chance to inflict burning on hit.||||擊中時有機率造成燃燒。||||
subDescMarauderBouncingGrenade11|Bouncing from terrain resets the duration of bouncing grenade.||||從地形彈跳會重置彈跳手榴彈的持續時間。||||
subDescMarauderBouncingGrenade12|Hitting a monster causes bouncing grenade to bounce towards another nearby monster increasing its damage.||||擊中怪物會導致彈跳手榴彈彈向附近的另一個怪物，增加其傷害。||||
subDescMarauderBouncingGrenade13|Each bounce increases the size of the molten trail. Unleash flames on a large radius inflicting burning after exploding.||||每次彈跳都會增加熔跡的大小。爆炸後向大範圍釋放火焰造成燃燒。||||
subDescMarauderBouncingGrenade14|Throw multiple bouncing grenades in an arc.||||以弧形的方式投擲多個彈跳手榴彈。||||
subMarauderHeavyBall01|The Bigger the Better||||越大越好||||
subMarauderHeavyBall02|Log Sized Arms||||原木尺寸手臂||||
subMarauderHeavyBall03|Surprise Bombing||||驚奇轟炸||||
subMarauderHeavyBall04|Fire Frenzy||||火焰狂熱||||
subMarauderHeavyBall05|Multi Wield||||多重揮舞||||
subMarauderHeavyBall06|Machine Drilled Spikes||||機鑽釘鞋||||
subMarauderHeavyBall07|Gladiator's Strength||||角鬥士力量||||
subMarauderHeavyBall08|Precision and Power||||精度和功率||||
subMarauderHeavyBall09|Full Body Training||||全身訓練||||
subMarauderHeavyBall10|Critical Mass||||臨界質量||||
subMarauderHeavyBall11|Heavy Swing||||重擊||||
subMarauderHeavyBall12|Sharpened Spikes||||尖銳尖刺||||
subMarauderHeavyBall13|Warlord Lee's Apprentice||||師從李晟||||
subMarauderHeavyBall14|Terrain Collision||||地形碰撞||||
subDescMarauderHeavyBall01|Increases the size of heavy ball.||||增加沉重之球的尺寸。||||
subDescMarauderHeavyBall02|Increased projectile speed for heavy ball.||||增加沉重之球的投射物速度。||||
subDescMarauderHeavyBall03|Chance to unleash a big bo-om on hit.||||擊中時有機率釋放大爆炸。||||
subDescMarauderHeavyBall04|Chance to unleash burning flames below the target on hit.||||擊中時有機率在目標下方釋放燃燒的火焰。||||
subDescMarauderHeavyBall05|Increases the amount of heavy balls.||||增加沉重之球的數量。||||
subDescMarauderHeavyBall06|Chance to inflict bleeding on hit.||||擊中時有機率造成流血。||||
subDescMarauderHeavyBall07|Increases the range of heavy ball.||||增加沉重之球的距離。||||
subDescMarauderHeavyBall08|Increases the attack rating and damage dealt by heavy ball.||||提高沉重之球的攻擊命中率和傷害。||||
subDescMarauderHeavyBall09|Decreased movement diminish when using heavy ball.||||減少使用沉重之球時，移動速度降低的效果。||||
subDescMarauderHeavyBall10|Increases the critical strike chance of heavy ball.||||增加沉重之球的暴擊率。||||
subDescMarauderHeavyBall11|Swing the heavy ball around you dealing increased damage and critical strike damage.||||在你周圍揮動沉重之球，造成更高的傷害和暴擊傷害。||||
subDescMarauderHeavyBall12|Unleash multiple smaller heavy balls dealing a portion of the damage dealing increased damage to bleeding targets.||||釋放多個較小的沉重之球，造成部分傷害，對流血目標造成更大傷害。||||
subDescMarauderHeavyBall13|Summon multiple heavy balls permanently dragging them behind you. When attacking or casting unleash the heavy balls towards a nearby enemy. Using this skill again will destroy the heavy balls.||||召喚多個沉重之球，將它們永久拖到你身後。攻擊或施展技能時，向附近敵人釋放沉重之球。再次使用該技能會破壞沉重之球。||||
subDescMarauderHeavyBall14|Hitting terrain or monsters with heavy ball unleashes fiery shockwaves into all directions inflicting burning on hit.||||用沉重之球擊中地形或怪物會向各個方向釋放熾熱的衝擊波，擊中時造成燃燒。||||
subMarauderTheBigBoom01|Boomage||||憤怒爆炸||||
subMarauderTheBigBoom02|Even Bigger Bo-oM!||||更大的大爆炸！||||
subMarauderTheBigBoom03|Leg Day||||練腿日||||
subMarauderTheBigBoom04|Wider Armory||||豐富軍械庫||||
subMarauderTheBigBoom05|Double Charges!||||雙重充能||||
subMarauderTheBigBoom06|Pyro Enthusiast||||火焰愛好者||||
subMarauderTheBigBoom07|Swift Bo-ombing||||快速轟炸||||
subMarauderTheBigBoom08|Burn the Arena||||燃燒競技場||||
subMarauderTheBigBoom09|More Heat!||||更多熱度！||||
subMarauderTheBigBoom10|Rollin' Rollin' Rollin'||||滾動滾動滾動||||
subMarauderTheBigBoom11|Bouncing Boom||||彈跳爆炸||||
subMarauderTheBigBoom12|Crashboom||||轟隆爆炸||||
subMarauderTheBigBoom13|Scattering Boom||||散射爆炸||||
subMarauderTheBigBoom14|Molten Boom||||熔岩爆炸||||
subDescMarauderTheBigBoom01|Increases the damage dealt by big bo-om.||||增加大爆炸造成的傷害。||||
subDescMarauderTheBigBoom02|Increases the area of effect radius of big bo-om.||||增加大爆炸的影響半徑範圍。||||
subDescMarauderTheBigBoom03|Decreases movement diminish when using big bo-om.||||減少使用大爆炸時，移動速度降低的效果。||||
subDescMarauderTheBigBoom04|Decreases the mana cost of big bo-om.||||降低大爆炸的法力消耗。||||
subDescMarauderTheBigBoom05|Big bo-om bounces once when hitting the ground dealing increased damage.||||大爆炸在撞擊地面時會反彈一次，造成更大的傷害。||||
subDescMarauderTheBigBoom06|Chance to inflict fire break on hit.||||擊中時有機率造成火焰破壞。||||
subDescMarauderTheBigBoom07|Increased projectile speed for the big bo-om.||||增加了大爆炸的投射物速度。||||
subDescMarauderTheBigBoom08|Chance to inflict burning on hit.||||擊中時有機率造成燃燒。||||
subDescMarauderTheBigBoom09|Increases damage dealt to burning targets.||||增加對燃燒目標造成的傷害。||||
subDescMarauderTheBigBoom10|Big bo-om rolls on the ground leaving behind a trail of burning flames.||||大爆炸在地面上滾動，留下一道燃燒的火焰痕跡。||||
subDescMarauderTheBigBoom11|Unleash additional bombs traveling forward in an arc after exploding.||||爆炸後會釋放額外的炸彈，沿著弧形的範圍向前移動。||||
subDescMarauderTheBigBoom12|Throw big bo-om high into the air scattering additional bombs into all directions.||||大爆炸高高地拋向空中，將更多的炸彈散佈到各個方向。||||
subDescMarauderTheBigBoom13|Hitting a monster with big bo-om unleashes an explosion and causes it to ricochet towards another nearby monster with increased damage and area of effect radius.||||用大爆炸擊中怪物會引發爆炸，並使其彈向附近的另一個怪物，傷害和效果半徑範圍都會增加。||||
subDescMarauderTheBigBoom14|Unleashes multiple burning trails of fire in random directions after exploding.||||爆炸後向隨機方向釋放多條燃燒的火跡。||||
subMarauderCrazyGrapple01|High RPM Reel||||高轉速捲軸||||
subMarauderCrazyGrapple02|Thornspikes||||荊棘||||
subMarauderCrazyGrapple03|Efficient Grappling||||高效率擒抱||||
subMarauderCrazyGrapple04|The Most the Best||||最好的||||
subMarauderCrazyGrapple05|Heatdash||||火熱衝刺||||
subMarauderCrazyGrapple06|In Flames||||烈火中||||
subMarauderCrazyGrapple07|Burning Spikeball||||燃燒釘球||||
subMarauderCrazyGrapple08|Spikey Grappler||||尖刺格鬥者||||
subMarauderCrazyGrapple09|Blue Flames||||藍色火焰||||
subMarauderCrazyGrapple10|Slingshot||||彈弓||||
subMarauderCrazyGrapple11|Thorns of Sorrow||||悲傷荊棘||||
subMarauderCrazyGrapple12|Cannonade Grapple||||砲彈之握||||
subMarauderCrazyGrapple13|Arena Master||||競技場大師||||
subMarauderCrazyGrapple14|Explosive Grapple||||爆炸之握||||
subDescMarauderCrazyGrapple01|Increases the projectile speed of crazy grapple.||||增加瘋狂抓鉤的彈速。||||
subDescMarauderCrazyGrapple02|Increases the damage dealt by crazy grapple.||||增加瘋狂抓鉤造成的傷害。||||
subDescMarauderCrazyGrapple03|Decreases the mana cost of crazy grapple.||||降低瘋狂抓鉤的法力消耗。||||
subDescMarauderCrazyGrapple04|Increases the area of effect radius of crazy grapple.||||增加瘋狂抓鉤的範圍效果。||||
subDescMarauderCrazyGrapple05|Increases the damage dealt by crazy grapple decreasing the maximum range.||||增加瘋狂抓鉤造成的傷害，減少最大範圍。||||
subDescMarauderCrazyGrapple06|Scorch the ground around the point of impact dealing damage over time.||||燒焦撞擊點周圍的地面，隨著時間的推移造成傷害。||||
subDescMarauderCrazyGrapple07|Chance to inflict burning on hit.||||擊中時有機率造成燃燒。||||
subDescMarauderCrazyGrapple08|Increases the maximum range of crazy grapple.||||增加瘋狂抓鉤的最大範圍。||||
subDescMarauderCrazyGrapple09|Chance to inflict fire break on hit.||||擊中時有機率造成火焰破壞。||||
subDescMarauderCrazyGrapple10|Fly over the point of impact with increased range.||||增加投擲距離。||||
subDescMarauderCrazyGrapple11|Leave a trail of metal thorns on your path inflicting slow and bleeding for a portion of the damage.||||在你的道路上留下金屬荊棘的痕跡，造成部分傷害緩慢並流血。||||
subDescMarauderCrazyGrapple12|Throw bombs around you while flying towards the ball.||||飛向球時向周圍投擲炸彈。||||
subDescMarauderCrazyGrapple13|Sweep your surroundings with the spike ball gathering monsters on hit and bringing them back in front of you stunning them.||||用尖刺球掃蕩你的周圍，擊中怪物時聚集它們，並將它們帶回到你面前，擊暈它們。||||
subDescMarauderCrazyGrapple14|Crazy grapple inflicts fire break on hit and a fiery explosion once you reach it dealing increased damage on an increased area of effect radius.||||瘋狂抓鉤擊中時會造成火焰破壞，一旦到達，就會造成劇烈的爆炸，對更大的效果半徑區域造成更大的傷害。||||
subMarauderBombardment01|Double the Fuel||||雙倍燃料||||
subMarauderBombardment02|Spikeballrdment||||釘狀球體||||
subMarauderBombardment03|Efficient Reload||||高效裝填||||
subMarauderBombardment04|Full Body Workout||||全身鍛鍊||||
subMarauderBombardment05|Massive Strike||||大規模轟擊||||
subMarauderBombardment06|Fire Charges||||火焰充能||||
subMarauderBombardment07|Factory Upgrade||||工廠升級||||
subMarauderBombardment08|Efficient Production||||高效生產||||
subMarauderBombardment09|Solid Explosive Fuel||||固體爆炸燃料||||
subMarauderBombardment10|Casual Bombing||||休閒轟炸||||
subMarauderBombardment11|All Around Annihilation||||全方位殲滅||||
subMarauderBombardment12|Clusterbombing||||集束轟炸||||
subMarauderBombardment13|Big Bo-Ombing||||大爆炸||||
subMarauderBombardment14|ICBM||||ICBM||||
subDescMarauderBombardment01|Increases the damage dealt by bombardment.||||增加轟擊造成的傷害。||||
subDescMarauderBombardment02|Chance for bombs to turn into spike balls dealing increased physical damage.||||炸彈有幾率變成尖刺球，造成更高的物理傷害。||||
subDescMarauderBombardment03|Decreases the cooldown of bombardment.||||減少轟擊的冷卻時間。||||
subDescMarauderBombardment04|Increases the projectile speed of bombardment.||||增加轟擊的投射物速度。||||
subDescMarauderBombardment05|Increases the damage dealt by bombardment also increasing the cooldown.||||增加轟擊造成的傷害，同時增加冷卻時間。||||
subDescMarauderBombardment06|Chance to inflict burning on hit.||||擊中時有機率造成燃燒。||||
subDescMarauderBombardment07|Increases the projectile size of bombardment.||||增加轟擊的投射物尺寸。||||
subDescMarauderBombardment08|Increases the projectile amount of bombardment.||||增加轟擊的投射物數量。||||
subDescMarauderBombardment09|Increases the area of effect radius of bombardment explosions.||||增加轟擊爆炸的影響範圍半徑。||||
subDescMarauderBombardment10|Throw a single wave of bombs removing the cooldown from bombardment.||||投擲一波炸彈，消除轟擊的冷卻時間。||||
subDescMarauderBombardment11|Unleash bombardment in a circle around you increasing bomb damage over time.||||在自身周圍發動轟擊，隨著時間的推移增加炸彈傷害。||||
subDescMarauderBombardment12|Call down raining bombs on multiple nearby monsters. The raining bombs have a chance to unleash smaller bombs after exploding.||||對附近的多個怪物召喚炸彈雨。炸彈雨爆炸後有幾率釋放出更小的炸彈。||||
subDescMarauderBombardment13|Unleash a single trail of big bo-oms with increased damage and area of effect radius.||||釋放出一連串大爆炸，傷害更大，影響範圍半徑更大。||||
subDescMarauderBombardment14|Launch an intercontinental ballistic missile towards target location dealing damage on a large radius leaving the ground blazing with flames dealing a portion of the damage over time.||||向目標位置發射一枚彈道飛彈，對大半徑範圍造成傷害，使地面燃燒著火焰，隨著時間的推移造成部分傷害。||||
subMarauderSerratedChains01|More Reach||||更多覆蓋範圍||||
subMarauderSerratedChains02|Effective Steel||||有效鋼鐵||||
subMarauderSerratedChains03|Open Their Wounds||||開放性傷口||||
subMarauderSerratedChains04|Rust Poisoning||||鐵鏽中毒||||
subMarauderSerratedChains05|Power over Precision||||力量勝於精度||||
subMarauderSerratedChains06|Experienced Gladiator||||經驗豐富的角鬥士||||
subMarauderSerratedChains07|Precision over Power||||準度勝於力量||||
subMarauderSerratedChains08|Sweeping Slash||||橫掃斬||||
subMarauderSerratedChains09|Pierce the Plating||||刺穿鍍層||||
subMarauderSerratedChains10|Bouncing Chains||||連鎖彈跳||||
subMarauderSerratedChains11|Thousand Wounds||||千道傷口||||
subMarauderSerratedChains12|Rawest Power||||原始之力||||
subMarauderSerratedChains13|Gladiator's Dash||||角鬥士的衝刺||||
subMarauderSerratedChains14|Rusted Throns||||生鏽王座||||
subDescMarauderSerratedChains01|Increases the area of effect radius of serrated chains.||||增加鋸齒鏈條的範圍效果。||||
subDescMarauderSerratedChains02|Increases the damage dealt by serrated chains.||||增加鋸齒鏈條造成的傷害。||||
subDescMarauderSerratedChains03|Increases damage dealt to bleeding targets.||||增加流血目標造成的傷害。||||
subDescMarauderSerratedChains04|Chance to increase the tick frequency of serrated chains.||||有機會增加鋸齒鏈條的傷害頻率。||||
subDescMarauderSerratedChains05|Increases the damage dealt by serrated chains decreasing attack rating.||||增加鋸齒鏈條造成的傷害，降低攻擊命中率。||||
subDescMarauderSerratedChains06|Increases attack rating when using serrated chains.||||使用鋸齒鏈條時提高攻擊命中率。||||
subDescMarauderSerratedChains07|Ignore a portion of target defense when using serrated chains.||||使用鋸齒鏈條時忽略目標部分防禦。||||
subDescMarauderSerratedChains08|Increases the area of effect width decreasing the length of serrated chains.||||增加攻擊寬度，減少鋸齒鏈條的攻擊距離。||||
subDescMarauderSerratedChains09|Chance to inflict armor break on hit.||||擊中時有機率造成護甲破壞。||||
subDescMarauderSerratedChains10|Chance to unleash chains bouncing between multiple monsters on hit inflicting serrated chains.||||有機率釋放在多個怪物之間彈跳的鎖鏈，擊中時會造成鋸齒狀鎖鏈。||||
subDescMarauderSerratedChains11|Serrated chains now stack ripping them off violently when reaching maximum stacks inflicting bleeding on the target.||||現在，當達到最大堆疊數時，鋸齒鏈條會猛烈地撕裂它們，對目標造成流血。||||
subDescMarauderSerratedChains12|Perform a whirling attack hitting monsters around you with increased area of effect radius.||||進行旋轉攻擊，攻擊周圍的怪物，並增加效果半徑。||||
subDescMarauderSerratedChains13|Dash forward a short distance before performing an area of effect attack dealing increased damagee.||||向前衝刺一小段距離，然後進行範圍攻擊，造成更高的傷害。||||
subDescMarauderSerratedChains14|Increases the tick frequency of serrated chains.||||增加鋸齒鏈條的傷害頻率。||||
subMarauderRetiariusNet01|Bigger Web||||更大的網||||
subMarauderRetiariusNet02|Well Knitted Net||||精心編織的網||||
subMarauderRetiariusNet03|Gladiators Resilience||||角鬥士的韌性||||
subMarauderRetiariusNet04|Throwing Technique||||投擲技術||||
subMarauderRetiariusNet05|Bouncing Net||||彈跳拋網||||
subMarauderRetiariusNet06|Target for Destruction||||破壞目標||||
subMarauderRetiariusNet07|Sharp String Net||||鋒利拋網||||
subMarauderRetiariusNet08|Multinet Throw||||多重投擲||||
subMarauderRetiariusNet09|Devastating Net||||毀滅拋網||||
subMarauderRetiariusNet10|Elastic Strings||||彈性弦||||
subMarauderRetiariusNet11|Rocket Boosted Net||||火箭助推拋網||||
subMarauderRetiariusNet12|Metal Net||||金屬拋網||||
subMarauderRetiariusNet13|Ricocheting Net||||彈跳拋網||||
subMarauderRetiariusNet14|Arena Dominator||||競技場統治者||||
subDescMarauderRetiariusNet01|Increases the area of effect radius of retiarius net.||||增加角鬥捕獸網的效果範圍。||||
subDescMarauderRetiariusNet02|Increases the damage dealt by retiarius net.||||增加角鬥捕獸網造成的傷害。||||
subDescMarauderRetiariusNet03|Decreases movement diminish when using retiarius net.||||減少使用角鬥捕獸網時，移動速度降低的效果。||||
subDescMarauderRetiariusNet04|Increases the projectile speed of retiarius net.||||增加角鬥捕獸網的投射物速度。||||
subDescMarauderRetiariusNet05|Chance to bounce towards a nearby monster when landing.||||落地時有機率彈向附近的怪物。||||
subDescMarauderRetiariusNet06|Chance to rain down a spike ball on hit dealing additional damage.||||有機率在擊中時掉落尖刺球，造成額外傷害。||||
subDescMarauderRetiariusNet07|Chance to inflict bleeding on hit.||||擊中時有機率造成流血。||||
subDescMarauderRetiariusNet08|Chance on cast to unleash an additional retiarius net.||||施法時有機率釋放額外的角鬥捕獸網。||||
subDescMarauderRetiariusNet09|Increases damage to targets inflicted with serrated chains.||||增加鋸齒鏈條對目標造成的傷害。||||
subDescMarauderRetiariusNet10|Chance to pull nearby monsters towards the point of impact when landing.||||著陸時有機率將附近的怪物拉向撞擊點。||||
subDescMarauderRetiariusNet11|Throw retiarius net towards the nearest monsters with increased speed dealing increased damage.||||以更快的速度向最近的怪物投擲角鬥捕獸網，造成更大的傷害。||||
subDescMarauderRetiariusNet12|Increases the area of effect radius and damage slowing monsters on hit instead of rooting them.||||增加範圍效果和傷害，使怪物在擊中時減速而不是定身。||||
subDescMarauderRetiariusNet13|Retiarius net bounces between multiple monsters increasing its damage dealt with every bounce.||||角鬥捕獸網在多個怪物之間反彈，每次反彈造成的傷害都會增加。||||
subDescMarauderRetiariusNet14|Pull nearby monsters towards you rooting them in place. Retiarius net now has a cooldown.||||將附近的怪物拉向你，將它們固定到位。角鬥捕獸網現在有冷卻時間。||||
subMarauderChainTrap01|Absolute Unit||||絕對單位||||
subMarauderChainTrap02|Rusty Chaintip||||生鏽的鏈尖||||
subMarauderChainTrap03|Arcane Shattering Force||||奧術破碎之力||||
subMarauderChainTrap04|Target Hungry||||目標飢餓||||
subMarauderChainTrap05|Double Trouble||||雙重麻煩||||
subMarauderChainTrap06|Serrated Chaintrap||||鋸齒狀鎖鏈陷阱||||
subMarauderChainTrap07|Sharpened Chaintip||||鋒利的鏈尖||||
subMarauderChainTrap08|Efficient Reel||||高效捲軸||||
subMarauderChainTrap09|Longer Chains||||更長的鏈條||||
subMarauderChainTrap10|C4 Charged Trap||||C4帶電陷阱||||
subMarauderChainTrap11|Sharpened Tip||||鋒利的尖端||||
subMarauderChainTrap12|Spinning Trap||||旋轉陷阱||||
subMarauderChainTrap13|Betrayal||||背叛||||
subMarauderChainTrap14|Wait for the Prey||||等待獵物||||
subDescMarauderChainTrap01|Increases the cast range of chain trap.||||增加鎖鏈陷阱的施法範圍。||||
subDescMarauderChainTrap02|Chance to inflict serrated chains on hit.||||有機率在擊中時附著鋸齒鏈條。||||
subDescMarauderChainTrap03|Chance to inflict arcane break on hit.||||擊中時有機率造成奧術破壞。||||
subDescMarauderChainTrap04|Increases the amount of targets for chain trap.||||增加連鎖陷阱的目標數量。||||
subDescMarauderChainTrap05|Chance on cast to unleash an additional chain trap.||||施法時有機率釋放額外的鎖鏈陷阱。||||
subDescMarauderChainTrap06|Increases damage dealt to targets inflicted with serrated chains.||||增加對鋸齒鏈條的目標所造成的傷害。||||
subDescMarauderChainTrap07|Increases the damage dealt by chain trap.||||增加鎖鏈陷阱造成的傷害。||||
subDescMarauderChainTrap08|Increases the hooking speed of chain trap.||||提高鍊鎖鏈陷阱的鉤掛速度。||||
subDescMarauderChainTrap09|Increases the hooking ranged of chain trap.||||增加鎖鏈陷阱的掛鉤範圍。||||
subDescMarauderChainTrap10|After hooking monsters cause chain trap to explode dealing area of effect damage.||||鉤住怪物後會導致連鎖陷阱爆炸，造成範圍傷害。||||
subDescMarauderChainTrap11|Increases damage dealt inflicting bleeding and stunning targets on hit.||||增加擊中時造成流血和暈眩目標的傷害。||||
subDescMarauderChainTrap12|Chain trap spins its chains dealing increased damage in a large radius. No longer hooks monsters.||||鎖鏈陷阱旋轉它的鎖鏈，在大半徑範圍內造成更大的傷害。不再鉤住怪物。||||
subDescMarauderChainTrap13|Chain trap now attaches to a monster on hit causing the monster to explode dealing increased damage after hooking nearby monsters in.||||鍊鎖鏈陷阱現在會在擊中怪物時附著在怪物身上，導致怪物爆炸，在將附近的怪物鉤住後造成更大的傷害。||||
subDescMarauderChainTrap14|Throw multiple deactivated chain traps. Casting chain trap again will cause the traps to activate.||||投擲多個已停用的連鎖陷阱。再次施放連鎖陷阱將是陷阱啟動。||||
subMarauderAnnihilation01|Forceful Rip||||強力撕裂||||
subMarauderAnnihilation02|Attack Force by Force||||以武力攻擊||||
subMarauderAnnihilation03|More Violence!||||更多暴力！||||
subMarauderAnnihilation04|Serrated Annihilation||||湮鋸齒滅||||
subMarauderAnnihilation05|Arena Controller||||競技場控制器||||
subMarauderAnnihilation06|Brutal Reach||||殘酷觸角||||
subMarauderAnnihilation07|Everyone Gets it!||||每個人都明白！||||
subMarauderAnnihilation08|Rip the Wounds||||撕開傷口||||
subMarauderAnnihilation09|Deep Cuts||||深度切口||||
subMarauderAnnihilation10|Explosive Delivery||||炸藥輸送||||
subMarauderAnnihilation11|Rusted Chains||||生鏽鏈條||||
subMarauderAnnihilation12|Symphony of Chains||||鎖鏈交響曲||||
subMarauderAnnihilation13|Megadeath||||巨型死亡||||
subMarauderAnnihilation14|Total Annihilation||||徹底殲滅||||
subDescMarauderAnnihilation01|Increases the area of effect radius of annihilation.||||增加殲滅的範圍效果。||||
subDescMarauderAnnihilation02|Increases the damage dealt by annihilation.||||增加殲滅造成的傷害。||||
subDescMarauderAnnihilation03|Decreases the cooldown of annihilation.||||減少殲滅的冷卻時間。||||
subDescMarauderAnnihilation04|Increases damage dealt to targets inflicted with serrated chains.||||增加對鋸齒鏈條的目標所造成的傷害。||||
subDescMarauderAnnihilation05|Annihilation pulls monsters towards you with increased force.||||殲滅會以更強的力量將怪物拉向你。||||
subDescMarauderAnnihilation06|Increases the critical strike damage dealt by annihilation.|||Увеличивает критический урон, наносимый уничтожением.|增加殲滅造成的暴擊傷害。|壊滅のクリティカルダメージを増加させる。|소멸로 입히는 치명타 피해를 증가시킵니다.|||
subDescMarauderAnnihilation07|Increases the amount of annihilated targets.||||增加殲滅的攻擊目標數量。||||
subDescMarauderAnnihilation08|Increases damage dealt to bleeding targets.||||增加流血目標造成的傷害。||||
subDescMarauderAnnihilation09|Chance to inflict bleeding on hit.||||擊中時有機率造成流血。||||
subDescMarauderAnnihilation10|Chance to unleash a bloody explosion on hit.||||擊中時有機率釋放血腥爆炸。||||
subDescMarauderAnnihilation11|Increases damage based on targets current life and executes monsters below a life threshold.||||根據目標當前生命增加傷害並處決低於生命閾值的怪物。||||
subDescMarauderAnnihilation12|Unleash multiple spinning chains around you inflicting bleeding on hit.||||在你周圍釋放多條旋轉鎖鏈，擊中時造成流血。||||
subDescMarauderAnnihilation13|Rain down large bombs at monsters on hit.||||向擊中的怪物投下大型炸彈。||||
subDescMarauderAnnihilation14|Spin a large chain around you for a short duration dealing increased damage and stunning monsters on hit. The outer edge of the chain always critically hits.||||在短時間內在你周圍旋轉一條大鏈條，造成更高的傷害並擊中怪物時造成眩暈。鏈條的外緣總是爆擊。||||
subMarauderMadnessControl01|Mad Rampage||||瘋狂橫衝直撞||||
subMarauderMadnessControl02|Ground Zero||||歸零地||||
subMarauderMadnessControl03|Powerful Chainstrike||||強力連鎖攻擊||||
subMarauderMadnessControl04|Arena Police||||競技場警察||||
subMarauderMadnessControl05|We Are All Mad Here||||我們都瘋了||||
subMarauderMadnessControl06|Napalm Charge||||凝固汽油彈衝鋒||||
subMarauderMadnessControl07|Boom Boom BOOM||||Boom Boom BOOM||||
subMarauderMadnessControl08|Capture and Punish||||捕獲並懲罰||||
subMarauderMadnessControl09|Effective Control||||有效控制||||
subMarauderMadnessControl10|Keep Sane among Mad||||在瘋狂中保持理智||||
subMarauderMadnessControl11|Surging Madness||||瘋狂湧動||||
subMarauderMadnessControl12|Area Control||||區域控制||||
subMarauderMadnessControl13|Evasive Move||||迴避移動||||
subMarauderMadnessControl14|Blink and you are dead||||一瞬間就結束了||||
subDescMarauderMadnessControl01|Increases the damage dealt by madness control.||||增加瘋狂控制造成的傷害。||||
subDescMarauderMadnessControl02|Increases the area of effect radius of madness control.||||增加瘋狂控制的範圍效果。||||
subDescMarauderMadnessControl03|Inflicts stun with increased duration on hit.||||擊中時造成暈眩並延長持續時間。||||
subDescMarauderMadnessControl04|Decreases the cooldown of madness control.||||減少瘋狂控制的冷卻時間。||||
subDescMarauderMadnessControl05|Increases the amount of hooked targets with madness control.||||增加瘋狂控制上鉤的目標數量。||||
subDescMarauderMadnessControl06|Chance to inflict burning on hit.||||擊中時有機率造成燃燒。||||
subDescMarauderMadnessControl07|Chance to rain down additional bombs at targets on hit.||||有機率向命中的目標投下額外的炸彈。||||
subDescMarauderMadnessControl08|Chance to deal increased damage inflicting slow on hit.||||有機率造成更高的傷害，擊中造成緩速。||||
subDescMarauderMadnessControl09|Increases the hooking speed of madness control.||||增加瘋狂控制的鉤子速度。||||
subDescMarauderMadnessControl10|Decreases movement diminish when using madness control.||||減少使用瘋狂控制時，移動速度降低的效果。||||
subDescMarauderMadnessControl11|After hooking monsters in knock them back with intense force dealing increased damage stunning them.||||鉤住怪物後，用強大的力量將它們擊退，造成更大的傷害，使它們昏迷。||||
subDescMarauderMadnessControl12|Madness control can be casted at target location with increased area of effect radius.||||可以在目標位置施放瘋狂控制，並增加效果半徑。||||
subDescMarauderMadnessControl13|Become immortal for a short duration.||||短時間進入不朽狀態。||||
subDescMarauderMadnessControl14|Teleport a short distance unleashing madness control at the initial location.||||傳送一小段距離，在初始位置釋放瘋狂控制。||||
subPlagueDoctorMiasma01|Dense Haze||||濃霧||||
subPlagueDoctorMiasma02|Contagious Mist||||傳染性迷霧||||
subPlagueDoctorMiasma03|Harmful Poluents||||有害污染物||||
subPlagueDoctorMiasma04|Eroding Haze||||腐蝕霧氣||||
subPlagueDoctorMiasma05|Hasty Vapors||||急速蒸氣||||
subPlagueDoctorMiasma06|Hemoglobin Nova||||血紅素新星||||
subPlagueDoctorMiasma07|Incendiary Fumes||||燃燒煙霧||||
subPlagueDoctorMiasma08|Intense Malodor||||強烈惡臭||||
subPlagueDoctorMiasma09|Sweep Scourge||||橫掃天災||||
subPlagueDoctorMiasma10|Meteoric Haze||||流星薄霧||||
subPlagueDoctorMiasma11|Tenacious Stench||||頑固惡臭||||
subPlagueDoctorMiasma12|Shoulder Fling||||過肩摔||||
subPlagueDoctorMiasma13|Epidemic Dissemination||||疫情傳播||||
subPlagueDoctorMiasma14|Epinephrine Addict||||腎上腺素成癮||||
subDescPlagueDoctorMiasma01|Increases the tick frequency of miasma.||||增加瘴氣的傷害頻率。||||
subDescPlagueDoctorMiasma02|Chance to inflict poisoned on hit.||||擊中時有機率造成中毒。||||
subDescPlagueDoctorMiasma03|Increases the damage dealt by miasma.||||增加瘴氣造成的傷害。||||
subDescPlagueDoctorMiasma04|Increases damage dealt to poisoned targets.||||增加對中毒目標造成的傷害。||||
subDescPlagueDoctorMiasma05|Increases the size of miasma.||||增加瘴氣的大小。||||
subDescPlagueDoctorMiasma06|Chance to unleash additional miasma clouds from poisoned targets on hit.||||中毒目標命中時有機率釋放額外的瘴氣雲。||||
subDescPlagueDoctorMiasma07|Chance to inflict burning on hit.||||命中時有機率造成燃燒。||||
subDescPlagueDoctorMiasma08|Chance to critically hit with increased critical strike damage.||||有機率造成暴擊並增加暴擊傷害。||||
subDescPlagueDoctorMiasma09|Increases attack rating when using miasma.||||使用瘴氣時增加攻擊命中率||||
subDescPlagueDoctorMiasma10|Chance to drop a burning meteor at burning targets on hit unleashing multiple fire balls to all directions when exploding.||||有機率向燃燒的目標投下一顆燃燒的流星，爆炸時會向各個方向釋放多個火球。||||
subDescPlagueDoctorMiasma11|Miasma sticks to the target with increased size and damage.||||瘴氣會附著在目標上，並增加其體積和傷害。||||
subDescPlagueDoctorMiasma12|Fling targets behind you on hit inflicting elemental break and stunning them. Miasma clouds now spawn behind you.||||擊中時將目標扔到身後，造成元素破壞並擊暈它們。瘴氣雲現在在你身後生成。||||
subDescPlagueDoctorMiasma13|Unleash multiple miasma clouds in an arc when attacking. Miasma no longer requires you to strike a target.||||攻擊時以弧形的方式釋放多道瘴氣雲。瘴氣不再需要你攻擊目標。||||
subDescPlagueDoctorMiasma14|Striking monsters gives you a stack of epinephrine addict increasing your attack speed, movement speed and attack range. At maximum stacks gain phasing movement.||||攻擊怪物會給你一層腎上腺素成癮，增加你的攻擊速度、移動速度和攻擊範圍。在最大疊層時獲得相位狀態。||||
subPlagueDoctorSurgicalBloodLetting01|Incisive Cuts||||銳利切割||||
subPlagueDoctorSurgicalBloodLetting02|Cutting Edge||||尖鋒||||
subPlagueDoctorSurgicalBloodLetting03|Bolting Scalpels||||電光手術刀||||
subPlagueDoctorSurgicalBloodLetting04|Expert Surgeon||||專業外科醫生||||
subPlagueDoctorSurgicalBloodLetting05|Vitality Devourer||||體力吞噬者||||
subPlagueDoctorSurgicalBloodLetting06|Exsanguination||||放血||||
subPlagueDoctorSurgicalBloodLetting07|Plhebotomist||||抽血師||||
subPlagueDoctorSurgicalBloodLetting08|Sanguine Eruption||||血紅素爆發||||
subPlagueDoctorSurgicalBloodLetting09|Swift Precision||||迅速精準||||
subPlagueDoctorSurgicalBloodLetting10|Lifeblood Harvest||||收割命脈||||
subPlagueDoctorSurgicalBloodLetting11|Surgeon´s Vortex||||外科醫生漩渦||||
subPlagueDoctorSurgicalBloodLetting12|Blood Thaumaturgist||||血液奇術師||||
subPlagueDoctorSurgicalBloodLetting13|Fracturing Knifestack||||壓裂刀架||||
subPlagueDoctorSurgicalBloodLetting14|Cutting Storm||||切割風暴||||
subDescPlagueDoctorSurgicalBloodLetting01|Increases the damage dealt by surgical blood letting.||||增加外科放血造成的傷害。||||
subDescPlagueDoctorSurgicalBloodLetting02|Inflict bleeding to targets on hit.||||擊中目標時造成流血。||||
subDescPlagueDoctorSurgicalBloodLetting03|Increases the projectile speed of surgical blood letting.||||提高外科放血的投射物速度。||||
subDescPlagueDoctorSurgicalBloodLetting04|Increases attack rating when using surgical blood letting.||||使用外科放血時提高攻擊命中率。||||
subDescPlagueDoctorSurgicalBloodLetting05|Chance to restore life on hit for a portion of your additive physical damage.||||有機率在擊中時恢復部分附加物理傷害的生命。||||
subDescPlagueDoctorSurgicalBloodLetting06|Chance on attack to inflict increased bleed damage.||||攻擊時有幾率造成更高的流血傷害。||||
subDescPlagueDoctorSurgicalBloodLetting07|Increases damage dealt to bleeding enemies.||||增加對流血敵人造成的傷害。||||
subDescPlagueDoctorSurgicalBloodLetting08|Chance to unleash a ripple of blood on hit dealing area of effect damage.||||擊中時有機率釋放出血波紋，造成一定範圍的傷害。||||
subDescPlagueDoctorSurgicalBloodLetting09|Decreases movement diminish when using surgical blood letting.||||減少使用外科放血時，移動速度降低的效果。||||
subDescPlagueDoctorSurgicalBloodLetting10|Chance on attack to increase damage dealt according to your vitality.||||攻擊時有機率根據你的生命力增加所造成的傷害。||||
subDescPlagueDoctorSurgicalBloodLetting11|Knives now orbit around you slowly going outwards.||||刀子現在圍繞著你慢慢向外旋轉。||||
subDescPlagueDoctorSurgicalBloodLetting12|Throw multiple knives in an arc. The knives stick to the targets for a short duration before pulling back to you dealing increased damage according to your vitality.||||將多把刀以弧形的方式投擲。刀子會在短時間內黏在目標上，然後拉回給你，根據你的生命力造成更大的傷害。||||
subDescPlagueDoctorSurgicalBloodLetting13|Throw a knife with increased projectile speed exploding into multiple piercing knives to all directions on hit.||||以更高的彈速投擲一把刀，擊中時會爆炸成多把刺刀向各個方向噴射。||||
subDescPlagueDoctorSurgicalBloodLetting14|Knives have a chance to conjure a spinning knife tornado on hit dealing increased damage over time.||||刀有幾率在擊中時召喚出旋轉的刀龍捲風，隨著時間的推移，造成的傷害會增加。||||
subPlagueDoctorToxicFlask01|One with the Poison||||毒融合||||
subPlagueDoctorToxicFlask02|Harmful Vial||||有害藥水瓶||||
subPlagueDoctorToxicFlask03|Modest Poison||||適當毒藥||||
subPlagueDoctorToxicFlask04|Decomposing Materia||||分解材料||||
subPlagueDoctorToxicFlask05|Heatseeking Flask||||導彈燒瓶||||
subPlagueDoctorToxicFlask06|Resistant Crystal||||水晶抗性||||
subPlagueDoctorToxicFlask07|Apothecary||||藥師||||
subPlagueDoctorToxicFlask08|Fake Throw||||假投擲||||
subPlagueDoctorToxicFlask09|Agile Tosser||||敏捷投擲者||||
subPlagueDoctorToxicFlask10|Flask Flip||||燒瓶翻轉||||
subPlagueDoctorToxicFlask11|Plague Radiator||||瘟疫輻射器||||
subPlagueDoctorToxicFlask12|Toxin Vials||||毒素瓶||||
subPlagueDoctorToxicFlask13|Glassblowing Technician||||玻璃吹製技師||||
subPlagueDoctorToxicFlask14|Vial of Alchemy||||鍊金燒瓶||||
subDescPlagueDoctorToxicFlask01|Increases the maximum cast range and area of effect radius of toxic flask.||||增加毒燒瓶的最大施法距離和範圍效果。||||
subDescPlagueDoctorToxicFlask02|Increases the damage dealt by toxic flask.||||增加毒燒瓶造成的傷害。||||
subDescPlagueDoctorToxicFlask03|Decreases the mana cost of toxic flask.||||降低毒燒瓶的法力消耗。||||
subDescPlagueDoctorToxicFlask04|Chance to inflict poison break on hit.||||命中時有機率造成毒素破壞。||||
subDescPlagueDoctorToxicFlask05|Toxic flasks home into the nearest monster with increased projectile speed after reaching the highest altitude.||||達到最高高度後，毒燒瓶會以更快的投射物速度瞄準最近的怪物。||||
subDescPlagueDoctorToxicFlask06|Increases the amount of ground bounces for toxic flask.||||增加有毒燒瓶的地面彈跳次數。||||
subDescPlagueDoctorToxicFlask07|Chance on cast to unleash an additional toxic flask.||||施放時有機率釋放額外的毒燒瓶。||||
subDescPlagueDoctorToxicFlask08|Chance on cast to throw an additional toxic flask high in the air falling straight down with increased area of effect radius.||||施法時有機率將額外的毒燒瓶高高拋向空中並垂直落下，影響範圍半徑增加。||||
subDescPlagueDoctorToxicFlask09|Decreases movement diminish when using toxic flask.||||使用毒燒瓶時，運動會減少。||||
subDescPlagueDoctorToxicFlask10|Teleport into target location when toxic flask hits the ground.||||當毒燒瓶落地時傳送到目標位置。||||
subDescPlagueDoctorToxicFlask11|Toxic flask emmits toxic clouds towards nearby monsters inflicting poisoned when hitting the ground. ||||毒燒瓶落地時會向附近的怪物發射有毒雲，造成中毒。||||
subDescPlagueDoctorToxicFlask12|Throw multiple small toxic flasks in an arc.||||將多個小毒燒瓶呈弧形丟出。||||
subDescPlagueDoctorToxicFlask13|Toxic flask breaks into glass shards dealing its damage as physical and ignoring all target defense.||||毒燒瓶破裂成玻璃碎片，造成物理傷害並忽略所有目標防禦。||||
subDescPlagueDoctorToxicFlask14|Throwing toxic flask at yourself or an ally empowers them with toxins granting increased damage, life and damage reduction.||||向自己或盟友投擲毒燒瓶可以使他們獲得毒素，增加傷害、生命並減少傷害。||||
subPlagueDoctorCrematus01|Gas Cilynder||||瓦斯汽缸||||
subPlagueDoctorCrematus02|Potent Exhaling||||強力呼氣||||
subPlagueDoctorCrematus03|Corrosive Burning||||腐蝕燃燒||||
subPlagueDoctorCrematus04|Corrosive Embers||||腐蝕性餘燼||||
subPlagueDoctorCrematus05|Trifurcate Blow||||三叉打擊||||
subPlagueDoctorCrematus06|Toxic Dragonflight||||劇毒龍軍團||||
subPlagueDoctorCrematus07|Toxiamplified Alveoli||||毒性放大肺泡||||
subPlagueDoctorCrematus08|Tachypnea||||呼吸急促||||
subPlagueDoctorCrematus09|Engulfing Pyre ||||吞噬火堆||||
subPlagueDoctorCrematus10|Bursting Pustules||||膿皰破裂||||
subPlagueDoctorCrematus11|Spiraling Cremation||||螺旋火葬||||
subPlagueDoctorCrematus12|Farflames||||遠焰||||
subPlagueDoctorCrematus13|Unstable Contamination||||不穩定污染||||
subPlagueDoctorCrematus14|Toxin Container||||毒素容器||||
subDescPlagueDoctorCrematus01|Increases the duration of crematus.||||增加火葬的持續時間。||||
subDescPlagueDoctorCrematus02|Increases the damage dealt by crematus.||||增加火葬造成的傷害。||||
subDescPlagueDoctorCrematus03|Chance to inflict poisoned on hit.||Chance de infligir envenenamento ao acertar.|Шанс вызвать ожог при попадании.|命中時有機率造成中毒。|攻撃時に燃焼を付与する確率。|타격 시 화상을 입힐 확률.||Probabilité d'infliger un empoisonnement au coup.|Probabilidad de infligir envenenamiento al impactar.|Szansa na nałożenie poisoned przy trafieniu.
subDescPlagueDoctorCrematus04|Chance to inflict poison break on hit.||||命中時有機率造成毒素破壞。||||
subDescPlagueDoctorCrematus05|Chance on cast to unleash two additional trails of crematus dealing a portion of the damage.||||施法時有機率釋放兩條額外的火葬，造成部分傷害。||||
subDescPlagueDoctorCrematus06|Gain increased movement speed when casting crematus.||||施放火葬時獲得較高的移動速度。||||
subDescPlagueDoctorCrematus07|Increases the area of effect radius of crematus.||||增加火葬的影響半徑範圍。||||
subDescPlagueDoctorCrematus08|Decreases movement diminish when using crematus.||||減少使用火葬時，移動速度降低的效果。||||
subDescPlagueDoctorCrematus09|Chance to burst the ground on flames at burning targets location on hit dealing a portion of the damage over time.||||命中時有機率在燃燒的目標位置使地面著火，隨著時間的推移造成部分傷害。||||
subDescPlagueDoctorCrematus10|Damaging a monster with crematus inflicts a stack of pustules. At full stacks unleash a burst of poison dealing area of effect damage.||||用火葬傷害怪物會造成一堆膿皰。滿層時釋放出一陣毒藥，造成一定範圍的傷害。||||
subDescPlagueDoctorCrematus11|Unleash multiple swirling flames around you dealing increased damage.||||在你周圍釋放多股旋轉火焰，造成更高的傷害。||||
subDescPlagueDoctorCrematus12|Increases the projectile speed, size and damage dealt by crematus.||||增加火葬彈的投射物速度、大小和造成的傷害。||||
subDescPlagueDoctorCrematus13|Activate/Deactivate to leave behind a trail of poisonous gas dealing damage over time and slowing targets. Drains mana constantly.||||啟動/停用會留下有毒氣體的足跡，隨著時間的推移造成傷害並減緩目標。不斷消耗法力。||||
subDescPlagueDoctorCrematus14|Throw a plague container at target location unleashing crematus into all directions for a short duration. The plague container eventually explodes dealing area of effect damage and stunning nearby monsters.||||在目標位置投擲一個瘟疫容器，在短時間內向各個方向釋放火葬。瘟疫容器最終會爆炸，造成一定範圍的傷害並擊暈附近的怪物。||||
subPlagueDoctorPlagueOfRats01|Horde of Rats||||鼠群||||
subPlagueDoctorPlagueOfRats02|Gnawing Rodents||||囓齒類動物||||
subPlagueDoctorPlagueOfRats03|Lab Grown Rats||||實驗室飼養的老鼠||||
subPlagueDoctorPlagueOfRats04|Bite Tethering||||拘束咬合||||
subPlagueDoctorPlagueOfRats05|Plague Carriers||||瘟疫帶原者||||
subPlagueDoctorPlagueOfRats06|Painful Bite||||痛苦咬傷||||
subPlagueDoctorPlagueOfRats07|Rodent Handler||||囓齒動物訓練員||||
subPlagueDoctorPlagueOfRats08|Leptospirosis||||鉤端螺旋體病||||
subPlagueDoctorPlagueOfRats09|Nimble Trainer||||敏捷訓練師||||
subPlagueDoctorPlagueOfRats10|Plaguemausers||||瘟疫槍手||||
subPlagueDoctorPlagueOfRats11|Ratsunami||||鼠嘯||||
subPlagueDoctorPlagueOfRats12|Rat Den||||鼠洞||||
subPlagueDoctorPlagueOfRats13|Spreading Infestation||||傳播感染||||
subPlagueDoctorPlagueOfRats14|Ratpocalypse||||鼠患||||
subDescPlagueDoctorPlagueOfRats01|Increases the projectile amount of plague of rats.||||增加鼠疫的投射物數量。||||
subDescPlagueDoctorPlagueOfRats02|Increases the damage dealt by plague of rats.||||增加鼠疫造成的傷害。||||
subDescPlagueDoctorPlagueOfRats03|Increases the size of plague of rats.||||增加鼠疫的規模。||||
subDescPlagueDoctorPlagueOfRats04|Decreases the mana cost of plague of rats.||||降低鼠疫的法力消耗。||||
subDescPlagueDoctorPlagueOfRats05|Chance for rats to explode into plagued chunks of meat dealing damage and inflicting poisoned on hit.||||老鼠有機率爆炸成受感染的肉塊，造成傷害並造成中毒。||||
subDescPlagueDoctorPlagueOfRats06|Chance to critically hit with increased critical strike damage.||||有機率暴擊並增加暴擊傷害。||||
subDescPlagueDoctorPlagueOfRats07|Increases cast rate when using plague of rats.||||使用鼠疫時提高施法速度。||||
subDescPlagueDoctorPlagueOfRats08|Chance to inflict poison break on hit.||||命中時有機率造成毒素破壞。||||
subDescPlagueDoctorPlagueOfRats09|Decreases movement diminish when using plague of rats.||||當使用鼠疫時，運動會減少。||||
subDescPlagueDoctorPlagueOfRats10|Increases the projectile speed of plague of rats.||||增加鼠疫的投射物速度。||||
subDescPlagueDoctorPlagueOfRats11|Summon increased amount of piercing rats bouncing off of high terrain.||||召喚更多從高地彈起的刺穿老鼠。||||
subDescPlagueDoctorPlagueOfRats12|Summon a rat den at target location constantly sending rats towards nearby monsters. Plague of rats now has a cooldown.||||在目標位置召喚一個老鼠巢穴，並不斷將老鼠送到附近的怪物。鼠疫現在有冷卻時間。||||
subDescPlagueDoctorPlagueOfRats13|Increases the proc chance and poisoned damage of plague carriers. Plague carriers now additionally sends multiple piercing rats towards nearby monsters.||||增加瘟疫攜帶者的觸發幾率和中毒傷害。瘟疫攜帶者現在也會向附近的怪物發送多隻穿透老鼠。||||
subDescPlagueDoctorPlagueOfRats14|Summon increased amount of rats in a circle around target location moving towards the center. Plague of rats now has a cooldown.||||召喚更多數量的老鼠圍成一圈，並圍繞目標位置向中心移動。鼠疫現在有冷卻時間。||||
subPlagueDoctorPlagueMaster01|Plague Domain||||瘟疫領域||||
subPlagueDoctorPlagueMaster02|Toxology||||毒理學||||
subPlagueDoctorPlagueMaster03|Flesh Melting||||血肉融化||||
subPlagueDoctorPlagueMaster04|Neverending Infection||||永無止境的感染||||
subPlagueDoctorPlagueMaster05|Crippling Poison Vial||||致殘毒瓶||||
subPlagueDoctorPlagueMaster06|Escalating Illness||||病情升級||||
subPlagueDoctorPlagueMaster07|Anemic Impact||||貧血影響||||
subPlagueDoctorPlagueMaster08|Boundless Agent||||無限媒介||||
subPlagueDoctorPlagueMaster09|Pathogens||||病原體||||
subPlagueDoctorPlagueMaster10|Concussive Effect||||震盪效應||||
subPlagueDoctorPlagueMaster11|Stacked Bacteria||||細菌堆疊||||
subPlagueDoctorPlagueMaster12|Bulbonic Plague||||腺鼠疫||||
subPlagueDoctorPlagueMaster13|Containment Breakout||||遏制突破||||
subPlagueDoctorPlagueMaster14|Raise from the Pestilence||||從瘟疫中復活||||
subDescPlagueDoctorPlagueMaster01|Increases the area of effect radius of plague master.||||增加瘟疫大師的範圍效果。||||
subDescPlagueDoctorPlagueMaster02|Increases the damage dealt by plague master.||||增加瘟疫大師造成的傷害。||||
subDescPlagueDoctorPlagueMaster03|Chance to inflict poison break on hit.||||命中時有機率造成毒素破壞。||||
subDescPlagueDoctorPlagueMaster04|Increases the poisoned duration from plague master.||||增加瘟疫大師的中毒持續時間。||||
subDescPlagueDoctorPlagueMaster05|Chance on hit to stun enemies.||||命中時有機率擊暈敵人。||||
subDescPlagueDoctorPlagueMaster06|Increases the tick frequency of poisoned from plague master.||||增加瘟疫大師中毒的傷害頻率。||||
subDescPlagueDoctorPlagueMaster07|Inflicts slow on hit. ||||命中時造成緩慢效果。||||
subDescPlagueDoctorPlagueMaster08|Decreases the mana cost of plague master.||||降低瘟疫大師的法力消耗||||
subDescPlagueDoctorPlagueMaster09|Chance to summon a pool of bacteria and viruses on hit dealing damage over time.||||有機率在擊中時召喚一群細菌和病毒，隨著時間的推移造成傷害。||||
subDescPlagueDoctorPlagueMaster10|Increases damage dealt to stunned targets.||||增加對昏迷目標造成的傷害。||||
subDescPlagueDoctorPlagueMaster11|Increase the max amount of poisoned stacks from plague master.||O envenenamento causado pelo Mestre da Peste inflige acúmulos adicionais de envenenamento.|Отравленный чумой мастер наносит дополнительные заряды отравления.|提高瘟疫大師的中毒最大層數。|疫病マスターの毒は追加で毒スタックを付与する。|역병 마스터의 중독은 중독의 추가 스택을 가합니다.||L'empoisonnement du maître de la peste inflige des cumuls supplémentaires d'empoisonnement.|La envenenación del maestro de la plaga inflige pilas adicionales de envenenamiento.|Poisoned z plague master nakłada dodatkowe stacki poisoned.
subDescPlagueDoctorPlagueMaster12|Chance to inflict plague on hit causing targets to become infected inflicting damage to monsters around them.||||有機率在擊中時造成瘟疫，導致目標被感染，對其周圍的怪物造成傷害。||||
subDescPlagueDoctorPlagueMaster13|Increases the damage dealt and area of effect radius of plague master significantly. Increases the cooldown of plague master.||||顯著增加瘟疫大師造成的傷害和範圍效果。增加瘟疫大師的冷卻時間。||||
subDescPlagueDoctorPlagueMaster14|Monsters killed by plague master spawn a toxic anomaly. Toxic anomalies seek nearby monsters exploding on hit dealing increased area of effect damage.||||被瘟疫大師殺死的怪物會產生異常劇毒。異常劇毒會尋找附近的怪物，接觸時會爆炸，造成更大範圍的效果傷害。||||
subPlagueDoctorJarOfLeeches01|Leech Swarm||||水蛭群||||
subPlagueDoctorJarOfLeeches02|Power Sucktion||||吸力功率||||
subPlagueDoctorJarOfLeeches03|Nimble Creepers||||敏捷爬行者||||
subPlagueDoctorJarOfLeeches04|Draining the Demons||||敏捷爬行者||||
subPlagueDoctorJarOfLeeches05|Bloody Surprise||||血腥驚喜||||
subPlagueDoctorJarOfLeeches06|Overfed||||吃得太多||||
subPlagueDoctorJarOfLeeches07|Jar Handler||||罐子處理程序||||
subPlagueDoctorJarOfLeeches08|Leaking Dents||||洩漏凹痕||||
subPlagueDoctorJarOfLeeches09|Call to Ascend||||召喚提升||||
subPlagueDoctorJarOfLeeches10|Blood Sharing||||血液共享||||
subPlagueDoctorJarOfLeeches11|Jug Juggler||||壺雜耍者||||
subPlagueDoctorJarOfLeeches12|Blood-infused Leeches||||吸血水蛭||||
subPlagueDoctorJarOfLeeches13|Toxicophile Bloodsucker||||嗜毒吸血者||||
subPlagueDoctorJarOfLeeches14|Lasting Hunger||||持久飢餓||||
subDescPlagueDoctorJarOfLeeches01|Increases the amount of leeches spawned.||||增加水蛭的數量。||||
subDescPlagueDoctorJarOfLeeches02|Increases the damage dealt by jar of leeches.||||增加一罐水蛭造成的傷害。||||
subDescPlagueDoctorJarOfLeeches03|Increases the projectile speed of jar of leeches.||||提高一罐水蛭的投射物速度。||||
subDescPlagueDoctorJarOfLeeches04|Increases the damage dealt to bosses.||||增加對Boss造成的傷害。||||
subDescPlagueDoctorJarOfLeeches05|Chance on cast to unleash an additional jar of leeches.||||施法時有機率額外釋放一罐水蛭。||||
subDescPlagueDoctorJarOfLeeches06|Increases area of effect radius of jar of leeches.||||增加一罐水蛭的影響半徑範圍。||||
subDescPlagueDoctorJarOfLeeches07|Increases the maximum cast range of jar of leeches.||||增加一罐水蛭的最大施法範圍。||||
subDescPlagueDoctorJarOfLeeches08|Chance to inflict bleeding on hit.||||擊中時有機率造成流血。||||
subDescPlagueDoctorJarOfLeeches09|Consume nearby corpses adding additional leeches into the jar.||||吃掉附近的屍體，將額外的水蛭添加到罐子裡。||||
subDescPlagueDoctorJarOfLeeches10|Restore a portion of your maximum life on hit.||||擊中時恢復部分最大生命。||||
subDescPlagueDoctorJarOfLeeches11|Throw multiple jars in an arc dealing a portion of the damage.||||在弧形的範圍中丟出多個罐子，造成部分傷害。||||
subDescPlagueDoctorJarOfLeeches12|Increases leech damage, size and area of effect radius based on your vitality. Jar of leeches consumes a portion of your maximum life per cast.||||根據你的活力增加水蛭傷害、大小和效果半徑範圍。每次施放一罐水蛭會消耗你最大生命的一部分。||||
subDescPlagueDoctorJarOfLeeches13|Spawn a static leech at target location. The leech pulsates dealing damage and slowly pulling monsters towards it on hit. Jar of leeches now has a cooldown.||||在目標位置產生靜態水蛭。水蛭會脈動，造成傷害，並在擊中時緩慢地將怪物拉向它。一罐水蛭現在有冷卻時間。||||
subDescPlagueDoctorJarOfLeeches14|Leeches now stick on targets for a short duration dealing increased damage over time.||||水蛭現在會在短時間內黏附在目標上，隨著時間的推移，造成的傷害會增加。||||
subPlagueDoctorRandyTheRancidRat01|Vigorous Leader||||活力領袖||||
subPlagueDoctorRandyTheRancidRat02|Enhanced Jaws||||強化顎||||
subPlagueDoctorRandyTheRancidRat03|Rat Invoker||||老鼠祈求者||||
subPlagueDoctorRandyTheRancidRat04|Speed Chomps||||速度咀嚼||||
subPlagueDoctorRandyTheRancidRat05|Expansive Plague Mind||||廣闊的瘟疫心靈||||
subPlagueDoctorRandyTheRancidRat06|Disease Hoarder||||疾病囤積者||||
subPlagueDoctorRandyTheRancidRat07|Blood Transfusion||||輸血||||
subPlagueDoctorRandyTheRancidRat08|Armored Fur||||裝甲毛皮||||
subPlagueDoctorRandyTheRancidRat09|Rage Sequence||||憤怒序列||||
subPlagueDoctorRandyTheRancidRat10|Vital Division||||分配器官||||
subPlagueDoctorRandyTheRancidRat11|Randy Rider||||騎乘蘭迪||||
subPlagueDoctorRandyTheRancidRat12|Dragorat||||龍鼠||||
subPlagueDoctorRandyTheRancidRat13|QA3-Modified Specimen||||QA3-改良樣本||||
subPlagueDoctorRandyTheRancidRat14|Gluttony||||暴食||||
subDescPlagueDoctorRandyTheRancidRat01|Increases the life of randy the rancid rat.||||增加腐臭老鼠蘭迪的生命。||||
subDescPlagueDoctorRandyTheRancidRat02|Increases the damage of randy the rancid rat.||||增加腐臭老鼠蘭迪的傷害。||||
subDescPlagueDoctorRandyTheRancidRat03|Chance on hit to unleash piercing plague rats towards the target.||||擊中時有機率向目標釋放具有穿透力的瘟疫鼠。||||
subDescPlagueDoctorRandyTheRancidRat04|Increases the movement speed and attack speed of randy the rancid rat.||||提高腐臭鼠蘭迪的移動速度和攻擊速度。||||
subDescPlagueDoctorRandyTheRancidRat05|Randy the rancid rat gains an aura inflicting monsters with poisoned. ||||腐臭老鼠蘭迪獲得了使怪物中毒的光環。||||
subDescPlagueDoctorRandyTheRancidRat06|Increases the poisoned inflicted by randy the rancid rat.||||增加腐臭老鼠蘭迪造成的中毒。||||
subDescPlagueDoctorRandyTheRancidRat07|Randy the rancid rat recovers a portion of its maximum life on hit.||||腐臭老鼠蘭迪在受到攻擊時會恢復其最大生命的一部分。||||
subDescPlagueDoctorRandyTheRancidRat08|Increases all resistances and damage reduction for randy the rancid rat.||||增加腐臭老鼠蘭迪的所有抗性並減少傷害。||||
subDescPlagueDoctorRandyTheRancidRat09|Chance to become enraged on hit increasing damage dealt and attack speed.||||有機率在擊中時變得憤怒，增加造成的傷害和攻擊速度。||||
subDescPlagueDoctorRandyTheRancidRat10|Redirect a portion of incoming damage to randy the rancid rat.||||將部分受到傷害轉移到腐臭老鼠蘭迪身上。||||
subDescPlagueDoctorRandyTheRancidRat11|Mount randy the rancid rat gaining increased movement speed, jumping power and the ability to jump through high terrain. Taking damage will unmount you. Randy the rancid rat now has a cooldown. ||||騎上腐臭老鼠蘭迪，獲得更高的移動速度、跳躍力和跳躍高地的能力。受到傷害會讓你墜下。腐臭老鼠蘭迪現在有冷卻時間。||||
subDescPlagueDoctorRandyTheRancidRat12|Randy the rancid rat unleashes a breath of fire when attacking.||||腐臭老鼠蘭迪在攻擊時會噴出一口火焰。||||
subDescPlagueDoctorRandyTheRancidRat13|Randy the rancid rat summons additional tiny rats armed with blunderbusses dealing a portion of the damage on hit. ||||腐臭老鼠蘭迪召喚更多配備短槍的小老鼠，擊中時造成部分傷害。||||
subDescPlagueDoctorRandyTheRancidRat14|Increases the attack area of effect radius of randy the rancid rat whenever striking a monster stacking infinitely. Decreases the duration of randy the rancid rat.||||每當攻擊無限堆疊的怪物時，增加腐臭老鼠蘭迪的效果半徑的攻擊範圍。減少腐臭老鼠的蘭迪持續時間。||||
subShieldLancerGloriousStrike01|Radiant Glory||||光輝燦爛||||
subShieldLancerGloriousStrike02|Lance Training||||槍兵訓練||||
subShieldLancerGloriousStrike03|Jousting Master||||比武大師||||
subShieldLancerGloriousStrike04|Piercing Thrust||||穿刺推力||||
subShieldLancerGloriousStrike05|Brutal Knight||||野蠻騎士||||
subShieldLancerGloriousStrike06|Blood Satiable||||滿足血液||||
subShieldLancerGloriousStrike07|Heroic Onslaught||||英勇猛攻||||
subShieldLancerGloriousStrike08|Leave no Survivors||||不留倖存者||||
subShieldLancerGloriousStrike09|Sparring Haste||||急速輕拳||||
subShieldLancerGloriousStrike10|High Reach||||高到達率||||
subShieldLancerGloriousStrike11|Punisher||||懲罰者||||
subShieldLancerGloriousStrike12|Unstoppable Piker||||不可預防戳擊||||
subShieldLancerGloriousStrike13|Javelin Harbinger||||標槍先鋒||||
subShieldLancerGloriousStrike14|Valiant Combo||||英勇組合||||
subDescShieldLancerGloriousStrike01|Increases the damage dealt by glorious strike.||||增加榮耀打擊造成的傷害。||||
subDescShieldLancerGloriousStrike02|Increases attack rating when using glorious strike.||||使用榮耀打擊時增加攻擊等級。||||
subDescShieldLancerGloriousStrike03|Increases attack area of effect radius of glorious strike.||||增加榮耀打擊的範圍效果的攻擊距離。||||
subDescShieldLancerGloriousStrike04|Chance to inflict bleeding on hit.||||擊中時有機率造成流血。||||
subDescShieldLancerGloriousStrike05|Increases the critical strike damage of glorious strike.||||增加榮耀打擊的暴擊傷害。||||
subDescShieldLancerGloriousStrike06|Recover a portion of your maximum life when killing monsters.||||殺死怪物時恢復部分最大生命。||||
subDescShieldLancerGloriousStrike07|Gain a stack of heroic onslaught after killing monsters increasing your damage and armor.||||殺死怪物後獲得一層英勇猛攻，增加你的傷害和護甲。||||
subDescShieldLancerGloriousStrike08|Increases damage dealt to bleeding targets.||||增加流血目標造成的傷害。||||
subDescShieldLancerGloriousStrike09|Increases attack speed when using glorious strike.||||使用榮耀打擊時提高攻擊速度。||||
subDescShieldLancerGloriousStrike10|Increases glorious strike attack range when using polearms.||||使用長柄武器時增加榮耀打擊的攻擊距離。||||
subDescShieldLancerGloriousStrike11|Chance on attack to gain increased area of effect radius. Impale targets on hit dealing damage over time.||||攻擊時有機率獲得更大的效果半徑。擊中時刺目標，造成持續傷害。||||
subDescShieldLancerGloriousStrike12|Strike with a long narrow hitbox pushing monsters towards the tip on hit. Monsters hit by the tip take increased damage.||||用狹長的打擊點攻擊，將怪物推向擊中的尖端。被尖端擊中的怪物受到的傷害增加||||
subDescShieldLancerGloriousStrike13|Increases the range of glorious strike significantly. Chance on attack to throw a piercing javelin inflicting bleeding on hit.||||顯著增加榮耀打擊的距離。攻擊時有機率投擲穿刺標槍，擊中時造成流血。||||
subDescShieldLancerGloriousStrike14|Glorious strike performs a burst of three attacks. The last strike sends a slashing wave knocking monsters back dealing increased damage.||||光輝一擊可進行三連發攻擊。最後一擊會發出揮砍波，將怪物擊退，造成更高的傷害。||||
subShieldLancerBattleCharge01|Battle Charged||||戰鬥衝鋒||||
subShieldLancerBattleCharge02|Arena Glider||||競技場滑行者||||
subShieldLancerBattleCharge03|Concrete Wall||||混凝土牆||||
subShieldLancerBattleCharge04|Rampaging Assault ||||狂暴突擊||||
subShieldLancerBattleCharge05|Turtle Armor||||龜甲||||
subShieldLancerBattleCharge06|Rocket Boots||||火箭靴||||
subShieldLancerBattleCharge07|Shoulder Slam||||肩撞||||
subShieldLancerBattleCharge08|Spear Dasher||||矛衝鋒者||||
subShieldLancerBattleCharge09|Bluntforce Trauma||||鈍力創傷||||
subShieldLancerBattleCharge10|Provoking Arrival||||令人興奮的到來||||
subShieldLancerBattleCharge11|Bulldozer||||推土機||||
subShieldLancerBattleCharge12|Hyper Assault||||超突擊||||
subShieldLancerBattleCharge13|Ground Slammer||||地面衝擊者||||
subShieldLancerBattleCharge14|Call of the Fallen Heroes||||呼喚殞落英雄||||
subDescShieldLancerBattleCharge01|Increases the damage dealt by battle charge.||||增加戰鬥衝鋒造成的傷害。||||
subDescShieldLancerBattleCharge02|Increases the range of battle charge.||||增加戰鬥衝鋒的距離。||||
subDescShieldLancerBattleCharge03|Increases the damage dealt by battle charge according to your armor.||||根據你的護甲增加戰鬥衝鋒造成的傷害。||||
subDescShieldLancerBattleCharge04|Chance to knock monsters up dealing increased damage on hit.||||有機率將怪物擊倒，擊中時造成更多傷害。||||
subDescShieldLancerBattleCharge05|Increases damage reduction for a short duration when using battle charge.||||使用戰鬥衝鋒時，短時間內增加傷害減免。||||
subDescShieldLancerBattleCharge06|Increases the speed of battle charge.||||提高戰鬥衝鋒速度。||||
subDescShieldLancerBattleCharge07|Chance to stun targets on hit.||||命中時有機率擊暈目標。||||
subDescShieldLancerBattleCharge08|Throw lances around you as you charge.||||當你衝鋒時，向你周圍投擲長矛。||||
subDescShieldLancerBattleCharge09|Increases damage dealt to stunned targets.||||增加對暈眩目標造成的傷害。||||
subDescShieldLancerBattleCharge10|Taunt nearby monsters at the end of your charge.||||在衝鋒結束時嘲諷附近的怪物。||||
subDescShieldLancerBattleCharge11|Pull monsters infront of you on hit while charging impaling them when hitting terrain.||||擊中時將怪物拉到你面前，同時在擊中地形時衝刺刺穿它們。||||
subDescShieldLancerBattleCharge12|Charge multiple times in high speed at the target area, dealing area of effect damage damage before falling from the sky smashing the ground, knocking monsters up with increased damage.||||對目標區域進行多次高速衝鋒，造成範圍傷害傷害，然後從天而降砸向地面，將怪物擊飛並增加傷害。||||
subDescShieldLancerBattleCharge13|As you charge through monsters, leave the ground quaking for a small duration inflicting elemental break.||||當你衝過怪物時，讓地面在短時間內震動，造成元素破壞。||||
subDescShieldLancerBattleCharge14|Call upon fallen heroes to charge by your side, dealing increased damage on a larger radius.||||召喚倒下的英雄在你身邊衝鋒，在更大的半徑內造成更高的傷害。||||
subShieldLancerCrushingLance01|Sharp Point||||尖點||||
subShieldLancerCrushingLance02|Devastating Impact||||毀滅性影響||||
subShieldLancerCrushingLance03|Precision Blow||||精準打擊||||
subShieldLancerCrushingLance04|Dormant Javelin||||潛伏標槍||||
subShieldLancerCrushingLance05|Finishing Stagger||||交叉終結||||
subShieldLancerCrushingLance06|Two for One||||二合一||||
subShieldLancerCrushingLance07|Rapidcast Artillery||||快速鑄造火砲||||
subShieldLancerCrushingLance08|Landspike||||穿刺大地||||
subShieldLancerCrushingLance09|Pulverizing Shock|||||粉碎性衝擊|||
subShieldLancerCrushingLance10|Scorching Quake||||灼熱地震||||
subShieldLancerCrushingLance11|Annihilating Salvo||||齊射殲滅||||
subShieldLancerCrushingLance12|Magnetized Glaive||||磁化戰刀||||
subShieldLancerCrushingLance13|Seismic Perforation||||地震射孔||||
subShieldLancerCrushingLance14|Marked for Javelinstrike||||標槍攻擊標記||||
subDescShieldLancerCrushingLance01|Increases the damage dealt by crushing lance.||||增加粉碎長槍造成的傷害。||||
subDescShieldLancerCrushingLance02|Increases the area of effect radius of crushing lance.||||增加粉碎長槍的範圍效果。||||
subDescShieldLancerCrushingLance03|Increases attack rating when using crushing lance.||||使用粉碎長槍時增加攻擊命中率。||||
subDescShieldLancerCrushingLance04|Every third attack with crushing lance is empowered increasing area of effect radius and damage.||||每三次使用粉碎長槍的攻擊都會增強傷害和範圍效果。||||
subDescShieldLancerCrushingLance05|Increases damage dealt to stunned targets.||||增加對暈眩目標造成的傷害。||||
subDescShieldLancerCrushingLance06|Chance to unleash an additional crushing lance from the target to a nearby monster on hit.||||命中時有機率從目標向附近的怪物釋放額外的毀滅性長矛。||||
subDescShieldLancerCrushingLance07|Increases attack speed when using crushing lance.||||使用粉碎長槍時提高攻擊速度。||||
subDescShieldLancerCrushingLance08|Increases the critical strike damage dealt by crushing lance.||||增加粉碎長槍造成的暴擊傷害。||||
subDescShieldLancerCrushingLance09|Chance to inflict armor break on hit.||||擊中時有機率造成護甲破壞。||||
subDescShieldLancerCrushingLance10|Chance on cast to empower crushing lance causing it to echo an additional time inflicting burning on hit.||||施放時有機率賦予毀滅之矛力量，使其額外迴響一段時間，造成擊中燃燒。||||
subDescShieldLancerCrushingLance11|Unleash a shockwave of crushing lances towards target location.||||向目標位置釋放粉碎長槍的衝擊波。||||
subDescShieldLancerCrushingLance12|The lance remains on the ground for a short duration frequently pulsating and pulling monsters towards it on hit.||||長矛會在地面上停留一小段時間，頻繁發出脈衝並在擊中時將怪物拉向它。||||
subDescShieldLancerCrushingLance13|Crushing lance hits the ground with force unleashing shockwaves into all directions.||||粉碎長槍猛烈地撞擊地面，向四面八方釋放出衝擊波。||||
subDescShieldLancerCrushingLance14|Throw piercing javelins at monsters hit by crushing lance for a portion of the damage.||||向被粉碎長槍擊中的怪物投擲刺穿標槍，造成部分傷害。||||
subShieldLancerLanceThrust01|Battle Experienced||||豐富戰鬥經驗||||
subShieldLancerLanceThrust02|Pole Reach||||極點範圍||||
subShieldLancerLanceThrust03|Heroic Arrival||||英雄降臨||||
subShieldLancerLanceThrust04|Punctured Organs||||刺穿器官||||
subShieldLancerLanceThrust05|Tactical Distancing||||戰術疏遠||||
subShieldLancerLanceThrust06|Swift Striking||||迅捷出擊||||
subShieldLancerLanceThrust07|Polearm Expertise||||長柄熟練||||
subShieldLancerLanceThrust08|Blood Harvester||||血液收割||||
subShieldLancerLanceThrust09|Stab Sequence||||刺擊順序||||
subShieldLancerLanceThrust10|Volatile Irontip||||揮發性鐵尖||||
subShieldLancerLanceThrust11|Head Collector ||||首席收藏家||||
subShieldLancerLanceThrust12|Legion Exterminator||||軍團消滅者||||
subShieldLancerLanceThrust13|Trust in the Thrust||||信任猛攻||||
subShieldLancerLanceThrust14|Commend to Onslaught||||讚揚突擊||||
subDescShieldLancerLanceThrust01|Increases the damage dealt by lance thrust.||||增加長槍突刺造成的傷害。||||
subDescShieldLancerLanceThrust02|Increases the range of lance thrust.||||增加長槍突刺距離。||||
subDescShieldLancerLanceThrust03|Increases stun duration and damage when colliding with commending banner.||||與讚揚旗碰撞時增加眩暈持續時間和傷害。||||
subDescShieldLancerLanceThrust04|Chance to inflict bleeding on hit.||||擊中時有機率造成流血。||||
subDescShieldLancerLanceThrust05|Knock monsters back on hit dealing increased damage.||||擊中怪物時將其擊退，造成更高的傷害。||||
subDescShieldLancerLanceThrust06|Chance to gain a stack of swift strikes on hit increasing your attack speed and attack rating.||||有機率在擊中時獲得一層快速打擊，提高你的攻擊速度和攻擊命中率。||||
subDescShieldLancerLanceThrust07|Increases the critical strike damage dealt by lance thrust when using polearms.||||增加使用長柄武器時長槍突刺造成的暴擊傷害。||||
subDescShieldLancerLanceThrust08|Increases damage dealt to bleeding targets.||||增加對流血目標造成的傷害。||||
subDescShieldLancerLanceThrust09|Every third attack with lance thrust is empowered increasing range and damage slowing monsters on hit.||||每三次長槍突刺攻擊都會增強攻擊距離並減緩怪物擊中時的傷害。||||
subDescShieldLancerLanceThrust10|Collision with commending banner causes it to explode dealing area of effect damage.||||與讚揚旗碰撞會導致其爆炸，造成一定範圍的傷害。||||
subDescShieldLancerLanceThrust11|Lance thrust pulls monsters towards you and stuns them on hit.||||長槍突刺將怪物拉向你，並在擊中時將其擊暈。||||
subDescShieldLancerLanceThrust12|Unleash a whirl attack with increased area of effect radius. Lance thrust no longer collides with commending banner.||||增加效果範圍，發動旋風攻擊。長槍突刺不再與表彰旗幟發生碰撞。||||
subDescShieldLancerLanceThrust13|Unleash a circle of lances thrusting the first target on hit from all directions.||||釋放一圈長矛，從各個方向攻擊第一個目標。||||
subDescShieldLancerLanceThrust14|Unleash additional lance thrusts towards nearby monsters from commending banner on banner impact.||||透過對揚旗的旗幟影響，向附近的怪物釋放額外的長矛刺擊。||||
subShieldLancerShieldSlam01|Obsidian Shield||||黑曜石盾||||
subShieldLancerShieldSlam02|Gradient Strikes||||漸變打擊||||
subShieldLancerShieldSlam03|Concussive Bash||||震盪猛擊||||
subShieldLancerShieldSlam04|Skull Fracture||||顱骨骨折||||
subShieldLancerShieldSlam05|Offensive Safeguard||||進攻性保障||||
subShieldLancerShieldSlam06|Field Coverage||||場地覆蓋||||
subShieldLancerShieldSlam07|Violent Bash||||暴力毆打||||
subShieldLancerShieldSlam08|Hardening Stance||||強化立場||||
subShieldLancerShieldSlam09|Vanguard||||先鋒||||
subShieldLancerShieldSlam10|Rogue Shield||||盜賊之盾||||
subShieldLancerShieldSlam11|Groundquake Bulwark||||地震壁壘||||
subShieldLancerShieldSlam12|Knight´s Templar||||聖殿騎士||||
subShieldLancerShieldSlam13|Thorned Aegis||||荊棘聖盾||||
subShieldLancerShieldSlam14|Captain Tarethiel||||塔雷希爾隊長||||
subDescShieldLancerShieldSlam01|Increases the damage dealt by shield slam.||||增加盾牌猛擊造成的傷害。||||
subDescShieldLancerShieldSlam02|Increases the attack rating of shield slam.||||提高盾牌猛擊的攻擊命中率。||||
subDescShieldLancerShieldSlam03|Chance to stun enemies on hit.||||擊中時有機率擊暈敵人。||||
subDescShieldLancerShieldSlam04|Increases damage dealt to stunned enemies.||||增加對昏迷敵人造成的傷害。||||
subDescShieldLancerShieldSlam05|Deal increased damage based on the block rating of your shield.||||根據盾牌的格擋率造成更高的傷害。||||
subDescShieldLancerShieldSlam06|Increases the area of effect of shield slam.||||增加盾牌猛擊的效果範圍||||
subDescShieldLancerShieldSlam07|Chance on attack to increase the damage and area of effect radius of shield slam.||||攻擊時有幾率增加盾牌猛擊的傷害和效果範圍。||||
subDescShieldLancerShieldSlam08|Chance to increase your damage return on hit for a short duration.||||有機率在短時間內增加擊中時的傷害返回。||||
subDescShieldLancerShieldSlam09|Gain a stack of vanguard on hit increasing your damage reduction for a short duration.||||擊中時獲得一層先鋒，在短時間內增加你的傷害減免。||||
subDescShieldLancerShieldSlam10|Chance to summon an orbiting shield on hit for a short duration.||||有機率在短時間內召喚一個環繞護盾。||||
subDescShieldLancerShieldSlam11|Smash your shield into the ground unleashing an earthquake pulling monsters towards you on hit. Earthquake damage and area of effect radius are increased based on your armor. Shield slam now has a cooldown. ||||將你的盾牌砸向地面，釋放地震，將怪物拉向你。地震傷害和效果範圍會根據你的護甲而增加。盾牌猛擊現在有冷卻時間。||||
subDescShieldLancerShieldSlam12|Throw your shield with force causing it to bounce from the ground and terrain.||||用力投擲盾牌，使其從地面和地形反彈。||||
subDescShieldLancerShieldSlam13|Chance to gain a stack of thorned aegis on hit. Throw shields at monsters when taking damage while thorned aegis is active.||||擊中時有機率獲得一層荊棘聖盾。當荊棘聖盾啟動時，受到傷害時向怪物投擲盾牌。||||
subDescShieldLancerShieldSlam14|Throw your shield with increased size and damage. The shield returns to you after a short duration dealing additional damage. Shield slam now has a cooldown.||||投擲盾牌時，盾牌的尺寸和傷害都會增加。盾牌會在短時間內回到你身上，造成額外傷害。盾牌猛擊現在有冷卻時間。||||
subShieldLancerHonedDefenses01|Fortified Bastion||||堅固堡壘||||
subShieldLancerHonedDefenses02|Lucky Defense||||幸運防禦||||
subShieldLancerHonedDefenses03|Engulfing Wave||||淹沒波紋||||
subShieldLancerHonedDefenses04|Thorn Surge||||荊棘波動||||
subShieldLancerHonedDefenses05|Deadly Resistance||||致命抵抗||||
subShieldLancerHonedDefenses06|Hold!||||抓住!||||
subShieldLancerHonedDefenses07|Optimized Safeguard||||優化屏障||||
subShieldLancerHonedDefenses08|Weakening Counter||||弱化反擊||||
subShieldLancerHonedDefenses09|Oppresive Countermeasure||||壓迫對策||||
subShieldLancerHonedDefenses10|Deflective Fortification||||偏移防禦||||
subShieldLancerHonedDefenses11|Sky Bulwark||||天空壁壘||||
subShieldLancerHonedDefenses12|Hauling Surge||||牽引浪湧||||
subShieldLancerHonedDefenses13|Risen Guards||||復甦守衛||||
subShieldLancerHonedDefenses14|Unstoppable Goliath||||無阻歌利亞||||
subDescShieldLancerHonedDefenses01|Increases the damage dealt by honed defenses.||||提高磨練防禦造成的傷害。||||
subDescShieldLancerHonedDefenses02|Chance to increase the amount of stacks gained when struck.||||有機率增加被擊中時所獲得的堆疊層數。||||
subDescShieldLancerHonedDefenses03|Increases the area of effect radius of honed defenses.||||增加磨練防禦的範圍效果。||||
subDescShieldLancerHonedDefenses04|Increases damage return per stack of honed defenses.||||增加每層磨練防禦的傷害返回。||||
subDescShieldLancerHonedDefenses05|Increases the damage dealt by honed defenses based on your armor.||||根據你的護甲，增加磨練防禦造成的傷害。||||
subDescShieldLancerHonedDefenses06|Increases the duration of honed defenses.||||增加磨練防禦的持續時間。||||
subDescShieldLancerHonedDefenses07|Increases the maximum amount of stacks for honed defenses.||||增加磨練防禦的最大堆疊層數。||||
subDescShieldLancerHonedDefenses08|Chance to inflict arcane break on hit.||Chance de infligir Quebra Arcana ao atingir o alvo.|Вероятность пробития брони при ударе.|擊中時有機率施加奧術破壞。|攻撃を受けた際に装甲破壊を付与する確率。|공격 시 방어력 파괴 확률.||Probabilité d'infliger un bris arcanique au coup.|Probabilidad de infligir un bris arcano al impactar.|Szansa na nałożenie arcane break przy trafieniu.
subDescShieldLancerHonedDefenses09|Chance to unleash a ground slam on the attacker when struck dealing damage based on honed defenses stacks.||||當攻擊者受到攻擊時，有機率對攻擊者發動地面猛擊，造成基於磨練防禦疊加的傷害。||||
subDescShieldLancerHonedDefenses10|Gain increased damage return per stack of honed defenses decreasing its damage dealt.||||每層磨練防禦都會增加傷害返回，減少造成的傷害。||||
subDescShieldLancerHonedDefenses11|Giant bulwarks fall down from the sky on hit dealing increased area of effect damage inflicting elemental break.||||擊中時從天而降巨大的堡壘，造成更大範圍效果傷害，並造成元素破壞。||||
subDescShieldLancerHonedDefenses12|Pull monsters towards you dealing increased damage and stunning them when reaching maximum stacks of honed defenses.||||將怪物拉向你，造成更高的傷害，並在達到最大層數時擊暈它們。||||
subDescShieldLancerHonedDefenses13|Increases the amount of maximum stacks. At maximum stacks honed defenses calls forth a legion of skeleton warriors fighting on your side for a short duration.||||增加最大堆疊數。當疊層數達到最大時，經過磨練防禦會召喚出一大群骷髏戰士，在短時間內與你並肩作戰。||||
subDescShieldLancerHonedDefenses14|Honed defenses no longer causes ground slam at maximum stacks increasing your maximum life, damage return and life replenish for each stack.||||磨練防禦不會在最大層數時導致地面猛擊，而是增加你的最大生命、傷害返回和每層的生命回復。||||
subShieldLancerCounter01|Sharp Vengeance||||銳利復仇||||
subShieldLancerCounter02|Vengeful Hit||||復仇之擊||||
subShieldLancerCounter03|Double Edge||||雙面刃||||
subShieldLancerCounter04|Rupturing Lance||||破裂之槍||||
subShieldLancerCounter05|Spell Reflection||||法術反射||||
subShieldLancerCounter06|Battle Magus||||戰鬥魔法師||||
subShieldLancerCounter07|Lusting Blood||||貪欲之血||||
subShieldLancerCounter08|Stunning Lance||||令人驚嘆的長槍||||
subShieldLancerCounter09|Cheap Counter||||廉價反擊||||
subShieldLancerCounter10|Bursting Lances||||爆裂長矛||||
subShieldLancerCounter11|Insatiable Challenger||||貪得無厭的挑戰者||||
subShieldLancerCounter12|Volley Build-up||||積累齊射||||
subShieldLancerCounter13|Give No Quarter||||絕不留情||||
subShieldLancerCounter14|Versus the World||||對抗世界||||
subDescShieldLancerCounter01|Increases the damage dealt by counter.||||增加反擊造成的傷害。||||
subDescShieldLancerCounter02|Chance to critically hit dealing increased critical strike damage.||||有機率造成暴擊並增加暴擊傷害。||||
subDescShieldLancerCounter03|Chance to throw additional lances when struck.||||被擊中時有機率投擲額外的長矛。||||
subDescShieldLancerCounter04|Chance to inflict bleeding on hit.||||擊中時有機率造成流血。||||
subDescShieldLancerCounter05|Counter also reflects non-physical projectiles and attacks dealing a portion of the damage.||||計數器也反射非物理的投射物並造成部分傷害的攻擊。||||
subDescShieldLancerCounter06|Increases the duration of counter.||||增加反擊的持續時間。||||
subDescShieldLancerCounter07|Chance to replenish a portion of your maximum life on hit.||||有機率在擊中時補充部分最大生命。||||
subDescShieldLancerCounter08|Chance to stun monsters on hit.||||擊中時有機率擊暈怪物。||||
subDescShieldLancerCounter09|Increases damage dealt to stunned targets.||||增加對暈眩目標造成的傷害。||||
subDescShieldLancerCounter10|Chance to throw multiple piercing lances around you when struck.||||被擊中時有機率向你周圍投擲多支穿刺長矛。||||
subDescShieldLancerCounter11|Casting counter taunts all nearby monsters inflicting armor break.||||施放反擊會嘲諷附近所有怪物，造成護甲破壞。||||
subDescShieldLancerCounter12|During its duration counter stores all damage taken. When expiring throw javelins at nearby monsters unleashing the stored damage taken.||||在其持續時間內，反擊儲存所有受到的傷害。結束時，向附近的怪物投擲標槍，並釋放所承受的儲存傷害。||||
subDescShieldLancerCounter13|Counter no longer has a duration but instead frequently drains your life and mana. Counter can be activated and deactivated and no longer has a cooldown.||||反擊不再有持續時間，而是持續消耗你的生命和法力。反擊可以啟動和停用，並且不再有冷卻時間。||||
subDescShieldLancerCounter14|Counter no longer throws lances at monsters but gives you a chance to block incoming damage reflecting it back to the attacker with intense power. ||||反擊不再向怪物投擲長矛，而是讓你有機率阻擋受到的傷害，並將其以強大的力量反射回攻擊者。||||
subShieldLancerShieldWall01|Spiked Shields||||尖刺盾牌||||
subShieldLancerShieldWall02|Durable Wall||||耐用的牆||||
subShieldLancerShieldWall03|More Shields!||||更多盾牌！||||
subShieldLancerShieldWall04|Split Reflection||||分裂反射||||
subShieldLancerShieldWall05|Defensive Radius||||防守半徑||||
subShieldLancerShieldWall06|Shield Growth||||護盾成長||||
subShieldLancerShieldWall07|Critical Thorn||||關鍵之刺||||
subShieldLancerShieldWall08|Noxious Shields||||劇毒護盾||||
subShieldLancerShieldWall09|Breaking Spikes||||打破尖刺||||
subShieldLancerShieldWall10|Dissolving Corrosion||||溶解腐蝕||||
subShieldLancerShieldWall11|Gravitational Aegis||||重力神盾||||
subShieldLancerShieldWall12|Porkupine Carapace||||豪豬甲殼||||
subShieldLancerShieldWall13|Shield Vortex||||護盾漩渦||||
subShieldLancerShieldWall14|Insatiable Bulwark||||貪得無厭的壁壘||||
subDescShieldLancerShieldWall01|Increases the damage dealt by shield wall.||||增加盾牆造成的傷害。||||
subDescShieldLancerShieldWall02|Increases the durability and duration of shield wall.||||增加盾牆的耐用性和持續時間。||||
subDescShieldLancerShieldWall03|Increases the amount of shields in shield wall.||||增加盾牆中的盾牌數量。||||
subDescShieldLancerShieldWall04|Chance to unleash spikes dealing damage towards the attacker when blocking a projectile.||||阻擋投射物時有機率釋放尖刺，對攻擊者造成傷害。||||
subDescShieldLancerShieldWall05|Increases the orbiting radius of shield wall.||||增加盾牆的環繞半徑。||||
subDescShieldLancerShieldWall06|Increases the size of shield wall.||||增加盾牆的尺寸。||||
subDescShieldLancerShieldWall07|Chance to critically hit dealing increased critical strike damage with shield wall.||||有機率造成暴擊並增加盾牆的暴擊傷害。||||
subDescShieldLancerShieldWall08|Chance to inflict poisoned on hit.||Chance de infligir envenenamento ao atingir o alvo.|Вероятность отравления при ударе.|擊中時有機率造成中毒。|攻撃を受けた際に毒を付与する確率。|맞을 때 중독을 입힐 확률.||Probabilité d'infliger un empoisonnement au coup.|Probabilidad de infligir envenenamiento al impactar.|Szansa na nałożenie poisoned przy trafieniu.
subDescShieldLancerShieldWall09|Chance to inflict arcane break on hit.||||命中時有機率造成奧術破壞。||||
subDescShieldLancerShieldWall10|Increases damage dealt to poisoned targets.||||增加對中毒目標造成的傷害。||||
subDescShieldLancerShieldWall11|Shield wall orbits in an orbit around you with increased projectile speed and increased amount of shields.||||盾牆在你周圍的軌道上運行，投射物速度增加，盾牌數量增加。||||
subDescShieldLancerShieldWall12|Chance to inflict bleeding on hit with increased bleeding frequency.||||擊中時有機率造成出血，出血頻率增加。||||
subDescShieldLancerShieldWall13|Unleash a tornado of shields towards target location pulling nearby monsters towards it.||||向目標位置釋放護盾龍捲風，將附近的怪物拉向目標位置。||||
subDescShieldLancerShieldWall14|Blocking projectiles and attacks buff the shields increasing damage and size.||||阻擋投射物和攻擊會增強護盾，增加傷害和尺寸。||||
subIllusionistSandGuardian01|Hardened Sandstone||||硬化砂岩||||
subIllusionistSandGuardian02|Durable Sand||||耐用沙子||||
subIllusionistSandGuardian03|Deserts Gladiators||||沙漠角鬥士||||
subIllusionistSandGuardian04|Sand Frenzy||||沙土狂熱||||
subIllusionistSandGuardian05|Battle IQ||||戰鬥智商||||
subIllusionistSandGuardian06|Reserve Army||||後備軍援||||
subIllusionistSandGuardian07|Lunge Attack||||弓箭步攻擊||||
subIllusionistSandGuardian08|Dashing Sandstrike||||沙土衝擊||||
subIllusionistSandGuardian09|Sand´s Edge||||沙之邊緣||||
subIllusionistSandGuardian10|Deadly Guardians||||致命守護者||||
subIllusionistSandGuardian11|Guardian Nevermore||||永不站哨||||
subIllusionistSandGuardian12|Sand Mages||||沙法師||||
subIllusionistSandGuardian13|Sacrifice for the Throne||||為王犧牲||||
subIllusionistSandGuardian14|Guardians of the Orbital Sand||||沙之守衛環||||
subDescIllusionistSandGuardian01|Increases the damage dealt by sand guardians.||||增加沙之守衛造成的傷害||||
subDescIllusionistSandGuardian02|Increases the duration of sand guardians.||||增加沙之守衛的持續時間。||||
subDescIllusionistSandGuardian03|Chance to unleash an additional attack.||||有機率發動額外攻擊。||||
subDescIllusionistSandGuardian04|Increases the attack speed of sand guardians.||||提高沙之守衛的攻擊速度。||||
subDescIllusionistSandGuardian05|Sand guardians periodically dash a short distance towards the closest monster if not in combat.||||如果不在戰鬥中，沙之守衛會定期衝向最近的怪物一小段距離。||||
subDescIllusionistSandGuardian06|Chance to summon an additional sand guardian on cast.||||有機率在施法時召喚額外的沙之守衛。||||
subDescIllusionistSandGuardian07|Increases the attack range of sand guardians.||||增加沙之守衛的攻擊範圍。||||
subDescIllusionistSandGuardian08|Chance on attack to dash through the target monster dealing area of effect damage.||||攻擊時有幾率穿過目標怪物，造成範圍內的效果傷害。||||
subDescIllusionistSandGuardian09|Chance to critically hit dealing increased critical strike damage.||||有機率造成暴擊並增加暴擊傷害。||||
subDescIllusionistSandGuardian10|Increases the size and damage dealt by sand guardians, decreasing the duration.||||增加沙之守衛的體積和造成的傷害，減少持續時間。||||
subDescIllusionistSandGuardian11|Sand guardians now move around with you dealing increased damage.||||沙之守衛現在會與你一起移動，造成更高的傷害。||||
subDescIllusionistSandGuardian12|Summon sand mages zapping monsters from afar with arcane surges.||||召喚沙法師用奧術浪潮從遠處消滅怪物。||||
subDescIllusionistSandGuardian13|Sand guardians immediately seek the nearest monster, charging towards it, exploding, and dealing increased damage, inflicting arcane break on hit.||||沙之守衛立即尋找最近的怪物，衝向它，爆炸並造成更高的傷害，擊中時造成奧術破壞。||||
subDescIllusionistSandGuardian14|Sand guardians now orbit around you, striking nearby monsters. Sand guardians now have a cooldown.||||沙之守衛現在圍繞著你旋轉，攻擊附近的怪物。沙之守衛現在有冷卻時間。||||
subIllusionistCircleOfGuardians01|Rapid Deployment||||快速部署||||
subIllusionistCircleOfGuardians02|Peer Pressure||||同儕壓力||||
subIllusionistCircleOfGuardians03|Battalion of Guardians||||守護者營||||
subIllusionistCircleOfGuardians04|Devastating Lunge||||毀滅性的衝刺||||
subIllusionistCircleOfGuardians05|Lasting Sand Kingdom||||持久沙王國||||
subIllusionistCircleOfGuardians06|Well Trained Troops||||訓練有素的部隊||||
subIllusionistCircleOfGuardians07|Magic Infused Blade||||魔法注入之刃||||
subIllusionistCircleOfGuardians08|Far Reaching Spears||||深遠長矛||||
subIllusionistCircleOfGuardians09|Everflowing Sands||||流沙||||
subIllusionistCircleOfGuardians10|Manipulation||||操縱||||
subIllusionistCircleOfGuardians11|Desert´s Army||||沙漠軍團||||
subIllusionistCircleOfGuardians12|Ancient Sand Goliath||||遠古沙巨人||||
subIllusionistCircleOfGuardians13|Arcanic Sand Tether||||奧術沙繫繩||||
subIllusionistCircleOfGuardians14|Seven Nation Army||||七國聯軍||||
subDescIllusionistCircleOfGuardians01|Decreases the cooldown of circle of guardians.||||減少守護者之環的冷卻時間。||||
subDescIllusionistCircleOfGuardians02|Increases the damage dealt by circle of guardians.||||增加守護者之環造成的傷害。||||
subDescIllusionistCircleOfGuardians03|Increases the amount of sand guardians summoned.||||增加召喚的沙之守護者的數量。||||
subDescIllusionistCircleOfGuardians04|Chance to stun monsters on hit.||||擊中時有機率擊暈怪物。||||
subDescIllusionistCircleOfGuardians05|Increases the duration of circle of guardians.||||增加守護者之環的持續時間。||||
subDescIllusionistCircleOfGuardians06|Increases the attack speed of circle of guardians.||||提高守護者之環的攻擊速度。||||
subDescIllusionistCircleOfGuardians07|Chance to inflict arcane break on hit.||||命中時有機率造成奧術破壞。||||
subDescIllusionistCircleOfGuardians08|Increases the attack range of circle of guardians.||||增加守護者之環的攻擊範圍。||||
subDescIllusionistCircleOfGuardians09|Sand guardians gain increased duration based on your energy.||||沙之守衛的持續時間會根據你的能量而增加。||||
subDescIllusionistCircleOfGuardians10|Increases the damage dealt by circle of guardians but each active guardian frequently drains your mana.||||增加守護者之環造成的傷害，但每個啟動的守護者會不斷消耗你的法力。||||
subDescIllusionistCircleOfGuardians11|Summon a wall of guardians marching forward dealing increased damage, knocking monsters back on hit.||||召喚一面向前行進的守護者牆，造成更高的傷害，並在擊中時將怪物擊退。||||
subDescIllusionistCircleOfGuardians12|Summon an ancient sand goliath with increased size and damage based on summon amount for a short duration.||||召喚一隻遠古沙巨人，其體型和傷害會根據召喚數量而在短時間內增加。||||
subDescIllusionistCircleOfGuardians13|Create an arcanic sand tether between you and the circle of guardians dealing damage over time to monsters on hit.||||在你和守護者之環之間創造一條神秘的沙之連結，對擊中的怪物造成持續傷害。||||
subDescIllusionistCircleOfGuardians14|Increases the amount and damage of circle of guardians.||||增加守護者之環的數量和傷害。||||
subIllusionistAgeProliferation01|Ancient Magic||||古代魔法||||
subIllusionistAgeProliferation02|Eons Ago||||億萬年前||||
subIllusionistAgeProliferation03|Bridge Between Reality||||現實之間的橋樑||||
subIllusionistAgeProliferation04|Restoring Proliferation||||恢復擴散||||
subIllusionistAgeProliferation05|Breaking The Cycle||||打破循環||||
subIllusionistAgeProliferation06|Effortless Path||||輕鬆之路||||
subIllusionistAgeProliferation07|Additional Faith||||額外信仰||||
subIllusionistAgeProliferation08|Rapid Aging||||快速老化||||
subIllusionistAgeProliferation09|Burning Aging||||燃燒老化||||
subIllusionistAgeProliferation10|Centuries Within Seconds||||幾秒之內的世紀||||
subIllusionistAgeProliferation11|Growing Old||||變老||||
subIllusionistAgeProliferation12|Age Multiliferation||||多重衰老||||
subIllusionistAgeProliferation13|Arcane Echo||||奧術迴響||||
subIllusionistAgeProliferation14|Scorching Magic||||灼熱魔法||||
subDescIllusionistAgeProliferation01|Increases the damage dealt by age proliferation.||||增加衰老造成的傷害。||||
subDescIllusionistAgeProliferation02|Increases the duration of age proliferation.||||增加衰老的持續時間。||||
subDescIllusionistAgeProliferation03|Increases the range of age proliferation.||||增加衰老的距離。||||
subDescIllusionistAgeProliferation04|Chance to restore a portion of your maximum mana on hit.||||擊中時有機率恢復部分最大法力值。||||
subDescIllusionistAgeProliferation05|Chance to inflict arcane break on hit.||||命中時有機率造成奧術破壞。||||
subDescIllusionistAgeProliferation06|Decreases movement diminish with age proliferation.||||減少使用衰老時，移動速度降低的效果。||||
subDescIllusionistAgeProliferation07|Chance on cast to unleash an additional beam on a nearby monster.||||施放時有機率向附近的怪物釋放額外的光束。||||
subDescIllusionistAgeProliferation08|Chance to critically hit dealing increased critical strike damage.||||有機率造成暴擊並增加暴擊傷害。||||
subDescIllusionistAgeProliferation09|Chance to inflict shadow burning on hit.||||擊中時有機率造成暗影燃燒。||||
subDescIllusionistAgeProliferation10|Increases the tick frequency of age proliferation.||||增加年衰老的傷害頻率。||||
subDescIllusionistAgeProliferation11|Age proliferation grows in size and deals increased damage with every pulse.||||衰老的距離不斷擴大，每一次脈衝都會造成更大的傷害。||||
subDescIllusionistAgeProliferation12|Unleash age proliferation at multiple nearby monsters splitting the damage between beams.||||對附近的多個怪物釋放衰老，在光束之間分散傷害。||||
subDescIllusionistAgeProliferation13|Summon an arcane echo of your self casting age proliferation at nearby targets. Age proliferation now has a cooldown.||||在目標附近召喚會施放衰老的奧術迴聲。衰老現在有冷卻時間。||||
subDescIllusionistAgeProliferation14|Age proliferation now unleashes scorching fire balls towards monsters on hit inflicting burning and slowing them.||||衰老現在會向擊中的怪物釋放灼熱的火球，造成燃燒並減慢它們的速度。||||
subIllusionistGravitationalSlam01|Earth´s Pull||||地球引力||||
subIllusionistGravitationalSlam02|Astral Chaos||||星界混沌||||
subIllusionistGravitationalSlam03|Shaken With Magic||||被魔法震撼||||
subIllusionistGravitationalSlam04|Gravity at Will||||隨意重力||||
subIllusionistGravitationalSlam05|Floating Range||||浮動範圍||||
subIllusionistGravitationalSlam06|Self-help||||自助||||
subIllusionistGravitationalSlam07|Stunned by Force||||被強力擊暈||||
subIllusionistGravitationalSlam08|Gravitational Radius||||引力半徑||||
subIllusionistGravitationalSlam09|Deep Slam||||深層猛擊||||
subIllusionistGravitationalSlam10|Force of Gravity||||重力影響||||
subIllusionistGravitationalSlam11|Void Slam||||虛空猛擊||||
subIllusionistGravitationalSlam12|Gravitation Wave||||重力波||||
subIllusionistGravitationalSlam13|Dimensional Slam||||次元猛擊||||
subIllusionistGravitationalSlam14|Antigravity Slam||||反重力猛擊||||
subDescIllusionistGravitationalSlam01|Increases the damage dealt by gravitation slam.||||增加重力猛擊造成的傷害。||||
subDescIllusionistGravitationalSlam02|Gravitation slam executes monsters below a threshold.||||重力猛擊會處決生命低於閾值的怪物。||||
subDescIllusionistGravitationalSlam03|Chance to inflict arcane break on hit.||||命中時有機率造成奧術破壞。||||
subDescIllusionistGravitationalSlam04|Increases cast rate when using gravitation slam.||||使用重力猛擊時提高施法速度。||||
subDescIllusionistGravitationalSlam05|Increases the area of effect radius of gravitation slam.||||增加重力猛擊的範圍效果。||||
subDescIllusionistGravitationalSlam06|Chance to knock monsters into air on hit dealing a portion of their life as additional damage.||||有機率在擊中時將怪物擊飛到空中，造成其部分生命的額外傷害。||||
subDescIllusionistGravitationalSlam07|Chance to stun targets on hit.||||命中時有機率擊暈目標。||||
subDescIllusionistGravitationalSlam08|Increases the maximum cast range of gravitation slam.||||增加重力猛擊的最大施法距離。||||
subDescIllusionistGravitationalSlam09|Chance to critically hit dealing increased damage equal to your arcane skill damage.||||有機率暴擊，造成等同於你的奧術技能傷害的傷害。||||
subDescIllusionistGravitationalSlam10|Increases damage dealt to stunned targets.||||增加對昏迷目標造成的傷害。||||
subDescIllusionistGravitationalSlam11|Increases the area of effect radius pulling monsters towards the center of mass on hit inflicting shadow burning. Gravitation slam now has a cooldown.||||增加效果範圍，在擊中時將怪物拉向質心，造成暗影燃燒。重力猛擊現在有冷卻時間。||||
subDescIllusionistGravitationalSlam12|Unleash a shockwave of gravitation slams towards target direction with increased radius.||||以更大的範圍向目標方向釋放重力衝擊波。||||
subDescIllusionistGravitationalSlam13|Smash monsters into a black hole causing them to re-appear from an additional white hole knocked up dealing increased area of effect damage when landing.||||將怪物砸入黑洞，使它們從另一個被撞毀的白洞中重新出現，落地時造成更大範圍的效果傷害。||||
subDescIllusionistGravitationalSlam14|Knock monsters back from the center of impact with force unleashing homing void souls seeking nearby monsters.||||用力量將怪物從撞擊中心擊退，釋放尋找附近怪物的歸巢虛空靈魂。||||
subIllusionistTemporalHeroes01|Mirror Image||||鏡像||||
subIllusionistTemporalHeroes02|Summon Carnage||||召喚屠殺||||
subIllusionistTemporalHeroes03|Larger Than Life||||超越生命||||
subIllusionistTemporalHeroes04|Quantum Immortality||||量子不朽||||
subIllusionistTemporalHeroes05|More Aid||||更多援助||||
subIllusionistTemporalHeroes06|Accurate Clone||||精準克隆||||
subIllusionistTemporalHeroes07|Tough Bones||||堅韌的骨頭||||
subIllusionistTemporalHeroes08|Heroes of the Ether||||乙太英雄||||
subIllusionistTemporalHeroes09|Fractured Reality||||破碎現實||||
subIllusionistTemporalHeroes10|Evasive Strategy||||迴避策略||||
subIllusionistTemporalHeroes11|Augmented Heroics||||強化英雄||||
subIllusionistTemporalHeroes12|The Four Horsemen||||天啟四騎士||||
subIllusionistTemporalHeroes13|The Singularity||||奇點||||
subIllusionistTemporalHeroes14|Summon Support||||支援召喚||||
subDescIllusionistTemporalHeroes01|Increases the damage dealt by temporal heroes.||||增加時空英雄造成的傷害。||||
subDescIllusionistTemporalHeroes02|Increases the attack speed of temporal heroes.||||提高時空英雄的攻擊速度。||||
subDescIllusionistTemporalHeroes03|Increases the life of temporal heroes.||||增加時空英雄的生命。||||
subDescIllusionistTemporalHeroes04|Increases the duration of temporal heroes.||||增加時空英雄的持續時間。||||
subDescIllusionistTemporalHeroes05|Decreases the cooldown of temporal heroes.||||減少時空英雄的冷卻時間。||||
subDescIllusionistTemporalHeroes06|Increases the skill levels of temporal heroes.||||提升時空英雄的技能等級。||||
subDescIllusionistTemporalHeroes07|Increases all resistances for temporal heroes.||||增加時空英雄的所有抗性。||||
subDescIllusionistTemporalHeroes08|Chance to critically hit dealing increased critical strike damage.||||有機率造成暴擊並增加暴擊傷害。||||
subDescIllusionistTemporalHeroes09|Chance to inflict arcane break on hit.||||命中時有機率造成奧術破壞。||||
subDescIllusionistTemporalHeroes10|Increases the dodge chance of temporal heroes.||||增加時空英雄的閃避幾率。||||
subDescIllusionistTemporalHeroes11|Temporal heroes gain augmented skills and increased damage.||||時空英雄獲得增強的技能和增加的傷害。||||
subDescIllusionistTemporalHeroes12|Gain an additional temporal hero increasing the damage, life and movement speed of all temporal heroes.||||獲得額外的時空英雄，增加所有時空英雄的傷害、生命和移動速度。||||
subDescIllusionistTemporalHeroes13|Summon a temporal demonspawn with increased stats.||||召喚具有更高屬性的時空惡魔。||||
subDescIllusionistTemporalHeroes14|Temporal heroes cast buffs when summoned. Viking casts combat orders, pyromancer casts fire shield and marksman casts agility.||||時空英雄在被召喚時會施放增益。維京人施放戰鬥命令，烈焰術士施放火盾，射手施放敏捷。||||
subJotunnFrozenBoulder01|Boulder Lob||||巨礫圓石||||
subJotunnFrozenBoulder02|Petrifying Frost||||石化冰霜||||
subJotunnFrozenBoulder03|Bouncing Slab||||彈跳板||||
subJotunnFrozenBoulder04|Shattering Frost||||破碎冰霜||||
subJotunnFrozenBoulder05|Expanding Stonefrost||||擴充石霜||||
subJotunnFrozenBoulder06|Subzero Temp||||零下溫度||||
subJotunnFrozenBoulder07|Frozen Throbbing||||冰凍的悸動||||
subJotunnFrozenBoulder08|Pulsing Monolith||||脈衝巨石||||
subJotunnFrozenBoulder09|Stonecold Master||||冷石大師||||
subJotunnFrozenBoulder10|Demolishing Frostone||||爆破霜石||||
subJotunnFrozenBoulder11|Rolling Winterstone||||滾動的冬季石||||
subJotunnFrozenBoulder12|Overgrowing Boulder||||過度生長巨石||||
subJotunnFrozenBoulder13|Splinter Stones||||碎石||||
subJotunnFrozenBoulder14|Boulder Barrage||||巨石壩||||
subDescJotunnFrozenBoulder01|Increases the projectile speed of frozen boulder. ||||增加冰凍巨石的投射物速度。||||
subDescJotunnFrozenBoulder02|Increases the damage dealt by frozen boulder.||||增加冰凍巨石造成的傷害。||||
subDescJotunnFrozenBoulder03|Increases the amount of frozen boulder bounces.||||增加冰凍巨石的彈跳次數。||||
subDescJotunnFrozenBoulder04|Chance to inflict cold break on hit.||||命中時有機率造成冰霜破壞。||||
subDescJotunnFrozenBoulder05|Increases the size of frozen boulder.||||增加冰凍巨石的尺寸。||||
subDescJotunnFrozenBoulder06|Chance to inflict freeze on hit.||||命中時有機率造成凍結。||||
subDescJotunnFrozenBoulder07|Increases damage dealt to frozen targets.||||增加對冰凍目標造成的傷害。||||
subDescJotunnFrozenBoulder08|Frozen boulder unleashes a frozen nova with each bounce dealing a portion of its damage.||||冰凍巨石會釋放出一顆冰凍新星，每次彈跳都會造成部分傷害。||||
subDescJotunnFrozenBoulder09|Decreases the mana cost of frozen boulder.||||降低冰凍巨石的法力消耗。||||
subDescJotunnFrozenBoulder10|Chance to knock monsters back on hit dealing increased damage.||||有機率擊退怪物，造成更高的傷害。||||
subDescJotunnFrozenBoulder11|Frozen boulder rolls on the ground gathering monsters on its path exploding when hitting terrain and dealing increased damage per monster gathered.||||冰凍巨石在地面上滾動，在其路徑上聚集怪物，在擊中地形時會爆炸，並且每個聚集的怪物都會造成更大的傷害。||||
subDescJotunnFrozenBoulder12|Frozen boulder grows in size gaining increased damage with each bounce also bouncing off of terrain.||||冰凍巨石的尺寸會不斷增大，每次彈跳都會從地形上彈起，造成的傷害也會增加。||||
subDescJotunnFrozenBoulder13|Frozen boulder explodes into chunks of ice on hit dealing increased damage.||||冰凍的巨石在擊中時會爆炸成冰塊，造成更大的傷害。||||
subDescJotunnFrozenBoulder14|Unleash a barrage of smaller frozen boulders in an arc. Frozen boulder has a cooldown.||||以弧形釋放一系列較小的冰凍巨石。冰凍巨石有冷卻時間。||||
subJotunnBreathOfIce01|Fresh Mint||||新鮮薄荷||||
subJotunnBreathOfIce02|Crumbling Winds||||破碎的風||||
subJotunnBreathOfIce03|Expansive Gasp||||喘息聲||||
subJotunnBreathOfIce04|Ironfrost Lungs||||鐵霜肺||||
subJotunnBreathOfIce05|Frozen Exhale||||呼氣凍結||||
subJotunnBreathOfIce06|Freezing Point||||凝固點||||
subJotunnBreathOfIce07|Ice Skating||||溜冰||||
subJotunnBreathOfIce08|Frostbourne Winds||||冰河之風||||
subJotunnBreathOfIce09|Cascading Exhale||||噴發蒸氣||||
subJotunnBreathOfIce10|Vacuuming Inhale||||真空吸取||||
subJotunnBreathOfIce11|Frostbitten Lungs||||肺部凍傷||||
subJotunnBreathOfIce12|Frost Charged Breath||||冰霜充能之息||||
subJotunnBreathOfIce13|Absolute Control||||絕對控制||||
subJotunnBreathOfIce14|Frosted Throat||||結霜喉嚨||||
subDescJotunnBreathOfIce01|Increases the damage dealt by breath of ice.||||增加寒冰之息造成的傷害。||||
subDescJotunnBreathOfIce02|Chance to inflict cold break on hit.||||命中時有機率造成冰霜破壞。||||
subDescJotunnBreathOfIce03|Increases the area of effect of breath of ice.||||增加寒冰之息的影響範圍。||||
subDescJotunnBreathOfIce04|Increases the duration of breath of ice.||||增加寒冰之息的持續時間。||||
subDescJotunnBreathOfIce05|Knock monsters back slowly dealing increased damage.||||緩慢擊退怪物，造成更高的傷害。||||
subDescJotunnBreathOfIce06|Increases damage dealt to frozen targets.||||增加對冰凍目標造成的傷害。||||
subDescJotunnBreathOfIce07|Chance on cast to conjure a trail of ice dealing damage over time and slowing monsters on hit.||||施法時有機率召喚出一道冰痕，造成持續傷害，並在擊中時減緩怪物的速度。||||
subDescJotunnBreathOfIce08|Chance to inflict frostbite on hit.||||命中時有幾率造成凍傷。||||
subDescJotunnBreathOfIce09|Chance to unleash additional breath of ice from target location on hit.||||命中時有機率從目標位置釋放額外的寒冰之息。||||
subDescJotunnBreathOfIce10|Chance to pull monsters towards you on hit.||||擊中時有機率將怪物拉向你。||||
subDescJotunnBreathOfIce11|Increases breath of ice duration dealing damage over time.||||增加寒冰之息造成的持續傷害。||||
subDescJotunnBreathOfIce12|Inflict targets with a stack of frost charged on hit unleashing an avalance at maximum stacks dealing area of effect damage.||||對目標造成一層冰霜，達最大層數時釋放雪崩，造成範圍傷害。||||
subDescJotunnBreathOfIce13|Increases the length of breath of ice significantly inflicting strong slow and freeze on hit. ||||顯著增加寒冰之息的長度，擊中時造成強烈的減速和凍結。||||
subDescJotunnBreathOfIce14|Unleash multiple breaths of ice with chance to critically hit dealing increased critical strike damage.||||釋放多次寒冰之息，有機率造成暴擊並增加暴擊傷害。||||
subJotunnOrbOfFrost01|Festering Cold||||潰爛寒冷||||
subJotunnOrbOfFrost02|Frost Icicles||||寒霜冰柱||||
subJotunnOrbOfFrost03|Frozen Mass||||大量凍結||||
subJotunnOrbOfFrost04|Icy Winds||||寒風||||
subJotunnOrbOfFrost05|Cold Singularity||||冰霜奇點||||
subJotunnOrbOfFrost06|Coldsnap||||霜暴||||
subJotunnOrbOfFrost07|Hypothermia||||低溫||||
subJotunnOrbOfFrost08|Timeless Tundra||||永恆的苔原||||
subJotunnOrbOfFrost09|Multicicles||||多刺||||
subJotunnOrbOfFrost10|Howling Ricochet||||嚎叫跳彈||||
subJotunnOrbOfFrost11|Glacial Shredder||||冰川粉碎||||
subJotunnOrbOfFrost12|Enlargening Frost Orb||||擴大冰霜寶珠||||
subJotunnOrbOfFrost13|Chaining Frost||||冰霜連鎖||||
subJotunnOrbOfFrost14|Orb of Duality||||雙球||||
subDescJotunnOrbOfFrost01|Increases the damage dealt by orb of frost.||||增加冰霜之球造成的傷害。||||
subDescJotunnOrbOfFrost02|Increases the amount of orb of frost icicles.||||增加霜凍冰柱的數量。||||
subDescJotunnOrbOfFrost03|Increases the size of orb of frost.||||增加冰霜之球的大小。||||
subDescJotunnOrbOfFrost04|Increases the projectile speed of icicles.||||增加冰柱的投射物速度。||||
subDescJotunnOrbOfFrost05|Decreases the orbiting radius of icicles.||||減少冰柱的環繞範圍。||||
subDescJotunnOrbOfFrost06|Chance to inflict cold break on hit.||||命中時有機率造成冰霜破壞。||||
subDescJotunnOrbOfFrost07|Increases damage dealt to frozen targets.||||增加對冰凍目標造成的傷害。||||
subDescJotunnOrbOfFrost08|Decreases the cooldown of orb of frost.||||減少冰霜之球的冷卻時間。||||
subDescJotunnOrbOfFrost09|Chance on pulse to unleash additional icicles.||||脈衝時有機率釋放額外的冰柱。||||
subDescJotunnOrbOfFrost10|Orb of frost bounces off of terrain dealing increased damage.||||冰霜之球從地形上彈射，造成更大的傷害。||||
subDescJotunnOrbOfFrost11|Unleash a glacial shredder with increased size and damage. Icicles are now attached around the orb.||||釋放出尺寸更大、傷害更大的冰川粉碎機。冰柱現在附著在球體周圍。||||
subDescJotunnOrbOfFrost12|Orb of frost increases its size and damage over time while traveling.||||冰霜之球在旅行時會隨著時間的推移而增加其尺寸和傷害。||||
subDescJotunnOrbOfFrost13|Icicles from orb of frost chain from targets unleashing frozen pulses on hit dealing a portion of the damage.||||來自冰霜之球的冰柱從目標身上鏈出，擊中時釋放冰凍脈衝，造成部分傷害。||||
subDescJotunnOrbOfFrost14|Unleash multiple smaller orbs of frost in an arc.||||以弧形釋放多個較小的冰霜之球。||||
subJotunnPortalOfIce01|Ice Travel||||冰上旅行||||
subJotunnPortalOfIce02|Cold-enhanced Warp ||||冷強化扭曲||||
subJotunnPortalOfIce03|Spiky Approach||||尖銳方法||||
subJotunnPortalOfIce04|Engulfing Nova||||吞噬新星||||
subJotunnPortalOfIce05|Blink Faster||||快速閃現||||
subJotunnPortalOfIce06|Corrosive Frostbite||||腐蝕性凍傷||||
subJotunnPortalOfIce07|Shredding Chillstep||||粉碎寒步||||
subJotunnPortalOfIce08|Efficient Iceblink||||高效冰閃||||
subJotunnPortalOfIce09|Cryo Armor||||冷凍裝甲||||
subJotunnPortalOfIce10|Icecold Bloodthirst||||冰冷嗜血||||
subJotunnPortalOfIce11|Hailstorm Orb||||冰雹寶珠||||
subJotunnPortalOfIce12|Winter Aparition||||冬季幻影||||
subJotunnPortalOfIce13|Permafrost Voidpull||||永凍土虛空牽引||||
subJotunnPortalOfIce14|Crystallized Pinnacles||||結晶尖塔||||
subDescJotunnPortalOfIce01|Increases the range of portal of ice.||||增加冰之傳送門的範圍。||||
subDescJotunnPortalOfIce02|Increases the damage dealt by portal of ice.||||增加冰之傳送門造成的傷害。||||
subDescJotunnPortalOfIce03|Chance on cast to conjure multiple orbiting icicles dealing a portion of the damage.||||施法時有機率召喚多個環繞的冰柱，造成部分傷害。||||
subDescJotunnPortalOfIce04|Increases the area of effect radius of portal of ice.||||增加冰之傳送門的效果範圍。||||
subDescJotunnPortalOfIce05|Increases cast rate when using portal of ice.||||提高使用冰之傳送門時的施法速度。||||
subDescJotunnPortalOfIce06|Chance to inflict cold break on hit.||||命中時有機率造成冰霜破壞。||||
subDescJotunnPortalOfIce07|Gain a stack of shredding chillstep on cast increasing your cold skill damage for a short duration.||||施放時獲得一層粉碎冰冷步，在短時間內增加你的冰霜技能傷害。||||
subDescJotunnPortalOfIce08|Reduces the mana cost of portal of ice.||||減少冰之傳送門的法力消耗。||||
subDescJotunnPortalOfIce09|Increases your all resistances on cast for a short duration.||||短時間內增加你施法時的所有抗性。||||
subDescJotunnPortalOfIce10|Chance to critically hit dealing increased critical strike damage.||||有機率造成暴擊，造成更高的暴擊傷害。||||
subDescJotunnPortalOfIce11|Conjure a static orb of frost at target location for a short duration.||||在目標位置短時間內召喚一個靜止的冰霜球。||||
subDescJotunnPortalOfIce12|Chance to summon a small blizzard on hit for a short duration.||||擊中時有機率在短時間內召喚一場小暴風雪。||||
subDescJotunnPortalOfIce13|Increases damage and area of effect radius pulling monsters towards you on hit.||||增加傷害和範圍效果，在擊中時將怪物拉向您。||||
subDescJotunnPortalOfIce14|Chance to unleash small frost novas on hit inflicting frostbite.||||命中時有機率釋放小型冰霜新星，造成凍傷。||||
subJotunnBlizzard01|Intensified Snowfall||||降雪加劇||||
subJotunnBlizzard02|Eternal Winter||||永恆冬日||||
subJotunnBlizzard03|Frost Domain||||冰霜領域||||
subJotunnBlizzard04|Crackling Ice||||冰裂紋||||
subJotunnBlizzard05|Tracking Snowinds||||追蹤雪風||||
subJotunnBlizzard06|Corrosive Ice||||腐蝕性冰||||
subJotunnBlizzard07|Hypothermic Temperature||||低溫溫度||||
subJotunnBlizzard08|Winter Echoes|||||冬天迴聲|||
subJotunnBlizzard09|Cold Necrosis||||冷壞死||||
subJotunnBlizzard10|Chilling Coldsnap||||寒冷寒流||||
subJotunnBlizzard11|Snowstorm Maelstrom||||暴風雪漩渦||||
subJotunnBlizzard12|Frost Flurries||||霜雪||||
subJotunnBlizzard13|Frigid Eruption||||寒冷噴發||||
subJotunnBlizzard14|Snowmageddon||||雪魔頓||||
subDescJotunnBlizzard01|Increases the damage dealt by blizzard.||||增加暴風雪造成的傷害。||||
subDescJotunnBlizzard02|Increases the duration of blizzard.||||增加暴風雪的持續時間。||||
subDescJotunnBlizzard03|Increases the area of effect radius of blizzard.||||增加暴風雪的效果範圍。||||
subDescJotunnBlizzard04|Chance to stun targets on hit dealing increased damage.||||命中時有機率擊暈目標，造成更高傷害。||||
subDescJotunnBlizzard05|Blizzard slowly moves towards the nearest monster.||||暴雪慢慢地向最近的怪物移動。||||
subDescJotunnBlizzard06|Chance to inflict frostbite on hit.||||命中時有幾率造成凍傷。||||
subDescJotunnBlizzard07|Chance to inflict cold break on hit.||||命中時有機率造成冰霜破壞。||||
subDescJotunnBlizzard08|Chance on cast to summon an additional blizzard.||||施法時有機率召喚額外的暴風雪。||||
subDescJotunnBlizzard09|Increases damage dealt to frostbitten targets.||||增加對凍傷目標造成的傷害。||||
subDescJotunnBlizzard10|Monsters killed by blizzard explode into icicles dealing additional damage to nearby monsters.||||被暴風雪殺死的怪物會爆炸成冰柱，對附近的怪物造成額外傷害。||||
subDescJotunnBlizzard11|Increases the area of effect radius of blizzard inflicting frostbite and a strong slow on hit.||||增加暴風雪造成凍傷和撞擊時強烈減速的影響範圍。||||
subDescJotunnBlizzard12|Ice chunks explode into frozen novas when hitting the ground dealing area of effect damage.||||冰塊落地時會爆炸成冰凍新星，造成一定範圍的傷害。||||
subDescJotunnBlizzard13|Unleash a shockwave of blizzards towards target location. Blizzard no longer has a cooldown.||||向目標位置釋放暴風雪衝擊波。暴雪不再有冷卻時間。||||
subDescJotunnBlizzard14|Blizzard gains increased size and projectile frequency over time dropping a huge boulder when expiring..||||暴風雪隨著時間的推移會獲得更大的尺寸和投射物落下頻率，並在結束時掉落巨石。||||
subJotunnFlashFreeze01|Hail Force||||冰雹力||||
subJotunnFlashFreeze02|Excess Cold||||過量寒冷||||
subJotunnFlashFreeze03|Precise Tundra||||精確苔原||||
subJotunnFlashFreeze04|Fractured Ice||||碎冰||||
subJotunnFlashFreeze05|Nordic Frenzy||||北歐狂熱||||
subJotunnFlashFreeze06|Boreal Reach||||北部河段||||
subJotunnFlashFreeze07|Freezing Rage||||冰凍之怒||||
subJotunnFlashFreeze08|Gelid Sequence||||極寒序列||||
subJotunnFlashFreeze09|Eternal Cascade||||永恆瀑布||||
subJotunnFlashFreeze10|Froststep||||冰霜步伐||||
subJotunnFlashFreeze11|Icicle Bombardment||||冰柱轟擊||||
subJotunnFlashFreeze12|Recurving Stalactites||||反曲鐘乳石||||
subJotunnFlashFreeze13|Swirling Wintershard ||||旋轉的凜冬碎片||||
subJotunnFlashFreeze14|Coldflash Volley||||冷閃齊射||||
subDescJotunnFlashFreeze01|Increases the damage dealt by flash freeze.||||增加瞬間凍結造成的傷害。||||
subDescJotunnFlashFreeze02|Increases the amount of icicles unleashed by frost orb.||||增加霜球釋放的冰柱數量。||||
subDescJotunnFlashFreeze03|Increases attack rating when using flash freeze.||||使用瞬間凍結時提高攻擊命中率。||||
subDescJotunnFlashFreeze04|Chance for icicles to fork on hit.||||冰柱擊中時有機率分叉。||||
subDescJotunnFlashFreeze05|Increases damage dealt to frozen targets.||||增加對冰凍目標造成的傷害。||||
subDescJotunnFlashFreeze06|Increases the area of effect radius of flash freeze.||||增加瞬間凍結的效果範圍。||||
subDescJotunnFlashFreeze07|Gain a stack of freezing rage on hit increasing your damage and attack speed.||||擊中時獲得一層冰凍怒氣，增加你的傷害和攻擊速度。||||
subDescJotunnFlashFreeze08|Increases the amount of bounces for flash freeze.||||增加瞬間凍結的反彈數量。||||
subDescJotunnFlashFreeze09|Chance to unleash another frost orb when it expires.||||過期時有機率釋放另一個冰霜球。||||
subDescJotunnFlashFreeze10|Decreases movement diminish when using flash freeze.||||減少使用瞬間凍結時，移動速度降低的效果。||||
subDescJotunnFlashFreeze11|Frost orb now unleashes icicles with every hit.||||冰霜球現在每次擊中都會釋放冰柱。||||
subDescJotunnFlashFreeze12|Icicles from frost orb return to target location after a short duration dealing additional damage.||||來自霜凍球的冰柱在短時間內返回目標位置，造成額外傷害。||||
subDescJotunnFlashFreeze13|Frost orb now orbits you for a short duration frequently unleashing icicles.||||冰霜球現在會圍繞你運行一小段時間，經常釋放冰柱。||||
subDescJotunnFlashFreeze14|Unleash multiple icicles in an arc dealing increased damage and inflicting cold break. Does not require hitting a monster.||||以弧形釋放多個冰柱，造成更高的傷害並造成冷擊。不需要擊中怪物。||||
subJotunnFreezingLeap01|Leap Force||||跳躍力||||
subJotunnFreezingLeap02|Extended Field||||擴展領域||||
subJotunnFreezingLeap03|Dazing Impact||||目眩影響||||
subJotunnFreezingLeap04|Grand Impact||||巨大衝擊||||
subJotunnFreezingLeap05|Concentrated Detonation||||集中爆炸||||
subJotunnFreezingLeap06|Echoing Frostquake ||||霜震迴響||||
subJotunnFreezingLeap07|Hare Spirit||||野兔精神||||
subJotunnFreezingLeap08|Arctic Vulnerability ||||北極脆弱性||||
subJotunnFreezingLeap09|Overwhelming Impacts||||壓倒性影響||||
subJotunnFreezingLeap10|Frosted Territory||||冰霜領地||||
subJotunnFreezingLeap11|Superhero Landing||||超級英雄登陸||||
subJotunnFreezingLeap12|Seismic Icequake||||地震冰震||||
subJotunnFreezingLeap13|Tectonic Stampede||||構造踩踏||||
subJotunnFreezingLeap14|Frostbending Leap||||冰霜飛躍||||
subDescJotunnFreezingLeap01|Increases the damage dealt by freezing leap.||||增加冰凍跳躍造成的傷害。||||
subDescJotunnFreezingLeap02|Increases the maximum range of freezing leap.||||增加冰凍跳躍的最大範圍。||||
subDescJotunnFreezingLeap03|Chance to stun targets on hit.||||命中時有機率擊暈目標。||||
subDescJotunnFreezingLeap04|Increases the area of effect radius of freezing leap.||||增加冰凍跳躍的影響範圍半徑。||||
subDescJotunnFreezingLeap05|Increases the damage dealt of freezing leap decreasing its area of effect radius.||||增加冰凍跳躍造成的傷害，減少其效果半徑。||||
subDescJotunnFreezingLeap06|Chance to unleash an additional shockwave when landing.||||著陸時有機率釋放額外的衝擊波。||||
subDescJotunnFreezingLeap07|Increases landing recovery when using freezing leap.||||使用冰凍跳躍時增加著陸恢復。||||
subDescJotunnFreezingLeap08|Chance to inflict cold break on hit.||||命中時有機率造成冰冷破壞。||||
subDescJotunnFreezingLeap09|Increases damage dealt to stunned targets.||||增加對昏迷目標造成的傷害。||||
subDescJotunnFreezingLeap10|Ground below landing location is left frosted dealing damage over time and slowing monsters.||||著陸位置的地面被結霜，造成持續傷害並減緩怪物的速度。||||
subDescJotunnFreezingLeap11|Unleash an arc of shockwaves towards target location when landing.||||著陸時向目標位置釋放弧形衝擊波。||||
subDescJotunnFreezingLeap12|Leave the ground trembling after landing causing additional echos.||||著陸後讓地面顫抖，造成額外的迴聲。||||
subDescJotunnFreezingLeap13|Charge towards target location followed by a shockwave of ice.||||向目標位置衝鋒，隨後產生冰衝擊波。||||
subDescJotunnFreezingLeap14|Pull nearby monsters towards you when landing with increased area of effect radius inflicting elemental break.||||著陸時將附近的怪物拉向你，並增加造成元素破壞的效果範圍。||||
subJotunnAvalanche01|Devastating Snowslide||||毀滅性雪崩||||
subJotunnAvalanche02|Devouring Snowpour||||吞噬雪雨||||
subJotunnAvalanche03|Timeless Cold||||永恆寒冷||||
subJotunnAvalanche04|Colossus of Yggdrasil||||世界樹巨人||||
subJotunnAvalanche05|Acute Hoarfrost||||急性白霜||||
subJotunnAvalanche06|Frigid Safeguard||||寒冷保護||||
subJotunnAvalanche07|Snow Cataclysm ||||雪災||||
subJotunnAvalanche08|Ephemeral Flurry||||短暫亂舞||||
subJotunnAvalanche09|Further Collapse||||進一步崩潰||||
subJotunnAvalanche10|Mending Winter||||修補冬日||||
subJotunnAvalanche11|Neverending Winter||||無盡冬日||||
subJotunnAvalanche12|Glacial Radiance||||冰川光輝||||
subJotunnAvalanche13|Snowshade Bait||||雪影誘餌||||
subJotunnAvalanche14|Nordic Stigma||||北歐恥辱||||
subDescJotunnAvalanche01|Increases the damage dealt by avalanche.||||增加雪崩造成的傷害。||||
subDescJotunnAvalanche02|Increases the area of effect radius of avalanche.||||增加雪崩的效果範圍。||||
subDescJotunnAvalanche03|Chance to inflict frostbite on hit.||||命中時有幾率造成凍傷。||||
subDescJotunnAvalanche04|Increases the damage dealt by avalanche based on your vitality.||||根據你的體力增加雪崩造成的傷害。||||
subDescJotunnAvalanche05|Chance to inflict cold break on hit.||||命中時有機率造成冰霜破壞。||||
subDescJotunnAvalanche06|Increases your damage reduction and armor on cast for a short duration.||||短時間內增加你的傷害減免和施法護甲。||||
subDescJotunnAvalanche07|Inflicts monsters with a stack of cataclysm on hit increasing the damage dealt by avalanche.||||對被擊中的怪物造成一層災難，增加雪崩造成的傷害。||||
subDescJotunnAvalanche08|Reduces the cooldown of avalanche.||||減少雪崩的冷卻時間。||||
subDescJotunnAvalanche09|Chance on cast for the avalanche to echo an additional time.||||施放雪崩時有機率再迴響一次。||||
subDescJotunnAvalanche10|Restore a portion of your maximum life on hit.||||擊中時恢復部分最大生命。||||
subDescJotunnAvalanche11|Conjure a snow storm dealing damage over time on a large radius around you for a short duration.||||召喚一場暴風雪，在短時間內對你周圍的大範圍造成傷害。||||
subDescJotunnAvalanche12|Unleash a pattern of tectonic energy on the ground dealing damage over time for an extended duration.||||在地面上釋放一種構造能量模式，造成長時間的持續傷害。||||
subDescJotunnAvalanche13|Casting Avalanche leaves an ice clone on the target area that taunts enemies and casts shouts for a set duration.||||施放雪崩會在目標區域留下一個冰克隆，嘲諷敵人並在一定時間內發出呼喊。||||
subDescJotunnAvalanche14|Mark monsters with nordic stigma on hit causing them to be hit with lightning after a short delay.||||在擊中時給怪物標記北歐烙印，導致它們在短暫延遲後被閃電擊中。||||
subJotunnSweepFreeze01|Arctic Breeze||||北極微風||||
subJotunnSweepFreeze02|Weakening Precision||||削弱精度||||
subJotunnSweepFreeze03|Ice Trolls Lineage|||Сила ледяных гигантов|冰巨人力量|氷の巨人の力|얼음 거인의 힘|||
subJotunnSweepFreeze04|Ice Trolls Agility|||Ловкость ледяных гигантов|冰巨人敏捷|氷の巨人の敏捷性|얼음 거인의 민첩성|||
subJotunnSweepFreeze05|Frozen to the Core||||凍結到核心||||
subJotunnSweepFreeze06|Shattering Coldstrike||||破碎冷擊||||
subJotunnSweepFreeze07|Lingering Fissure||||揮之不去的裂痕||||
subJotunnSweepFreeze08|Frost Shrapnel|||Двойной размах|冰霜彈片|二連掃撃|더블 스윕|||
subJotunnSweepFreeze09|Frozen Death||||冰凍死亡||||
subJotunnSweepFreeze10|Death´s Touch|||Холодный вакуум|死亡之觸|冷気の真空|차가운 진공|||
subJotunnSweepFreeze11|Frost Sunder Onslaught||||冰霜破甲猛攻||||
subJotunnSweepFreeze12|Dissecting Vortex||||解剖學漩渦||||
subJotunnSweepFreeze13|Gelid Riptide||||極寒激流||||
subJotunnSweepFreeze14|Unstoppable Assault||||勢不可擋的攻擊||||
subDescJotunnSweepFreeze01|Increases the damage dealt by frost sunder.|||Увеличивает урон, наносимый замораживанием.|增加冰霜裂痕的傷害。|スウィープフリーズのダメージが増加する|스윕 동결로 입히는 피해 증가.|||
subDescJotunnSweepFreeze02|A portion of the cold damage can critically hit.|||Вероятность пробития брони при попадании.|部分冰霜傷害可造成暴擊。|命中時、アーマーブレイクを付与する可能性がある|타격 시 방어구 파괴 확률.|||
subDescJotunnSweepFreeze03|Chance on attack to gain increased movement speed for a short period.|||Увеличивает рейтинг атаки при использовании заморозки и урона в зависимости от вашей жизненной силы.|攻擊時有機率在短時間內獲得移動速度提升。|スウィープフリーズ使用時、命中率が増加し活力に応じてダメージが上昇する|스윕 동결 사용 시 공격 등급 증가 및 활력에 따른 피해 증가.|||
subDescJotunnSweepFreeze04|Increases attack speed when using frost sunder.|||Увеличивает скорость атаки при использовании заморозки.|使用冰霜裂痕時提高攻擊速度。|スウィープフリーズ使用時の攻撃速度が増加する|스윕 동결 사용 시 공격 속도 증가.|Erhöht die Angriffsgeschwindigkeit beim Verwenden von Frostzerreißer.|Augmente la vitesse d'attaque lors de l'utilisation du bris de givre.|Aumenta la velocidad de ataque al usar ruptura de escarcha.|Zwiększa prędkość ataku podczas używania frost sunder.
subDescJotunnSweepFreeze05|Chance to inflict frostbite on hit.||||命中時有幾率造成凍傷。||||
subDescJotunnSweepFreeze06|Chance to inflict cold break on hit.||||命中時有機率造成冰霜破壞。||||
subDescJotunnSweepFreeze07|Decreases movement diminish when using frost sunder.|||Шанс создать трещину, подбрасывающую монстров при ударе и наносящую повышенный урон.|減少冰霜裂痕時,移動速度降低的效果。|命中時、敵を打ち上げる裂け目を発生させ、追加ダメージを与える可能性がある|타격 시 몬스터를 띄워서 증가된 피해를 입히는 균열 발생 확률.|||
subDescJotunnSweepFreeze08|Increases the amount of icicles unleashed by frost sunder.|||Шанс провести дополнительную атаку.|增加霜凍裂體釋放的冰柱數量。|追加攻撃を行う可能性がある|추가 공격을 수행할 확률.|||
subDescJotunnSweepFreeze09|Increases the critical strike damage dealt by frost sunder.|||Увеличивает критический урон, наносимый замораживающим ударом.|增加冰霜裂痕的暴擊傷害。|スウィープフリーズによるクリティカルダメージが増加する|스윕 동결로 입히는 치명타 피해 증가.|||
subDescJotunnSweepFreeze10|Increases the critical strike chance of frost sunder.|||Каждая третья атака с заморозкой наносит повышенный урон, притягивая к вам монстров.|增加冰霜裂痕的暴擊機率。|3回目のスウィープフリーズ攻撃でダメージが増加し、敵を引き寄せる|스윕 동결로 세 번째 공격을 할 때마다 증가된 피해를 입히고 몬스터를 끌어당김.|||
subDescJotunnSweepFreeze11|Icicles explode on contact unleashing an explosion dealing damage on a large radius.|||Шанс обрушить на цель шквал пронзительных сосулек при попадании.|冰柱接觸時爆炸，造成大範圍傷害。|命中時、敵に向かって貫通する氷の槍を連射する可能性がある|타격 시 대상을 향해 날카로운 얼음덩어리를 쏟아낼 확률.|||
subDescJotunnSweepFreeze12|Icicles seek targets when proccing frost bite dealing increased damage to frostbitten monsters.|||Выполняет вихревую атаку, наносящую повышенный урон.|冰柱會尋找處於凍傷的怪物，並對凍傷的怪物造成更大的傷害。|回転渦攻撃を行い、追加ダメージを与える|소용돌이 공격을 수행하여 증가된 피해를 입힙니다.|||
subDescJotunnSweepFreeze13|Chance to unleash multiple waves of icicles.|||Выпустите ледяной поток, наносящий урон с течением времени и замедляющий монстров при попадании.|有機率釋放多波冰柱。|冷気の激流を放ち、継続ダメージを与えつつ敵をスロー状態にする|차가운 급류를 방출하여 지속 피해를 입히고 타격 시 몬스터를 느리게 합니다.|||
subDescJotunnSweepFreeze14|Summon a vortex of orbiting icicles piercing monsters on hit.|||Выпустите шквал замораживающих ударов на короткое время, нанося повышенный урон и замедляя монстров при попадании, а также с вероятностью сброса кусков льда в указанное место при попадании.|召喚一個旋轉的冰柱漩渦，擊中怪物時會穿透它們 |短時間にスウィープフリーズを連続で放ち、追加ダメージとスローを付与し、命中時に氷の塊を落とす可能性がある|짧은 시간 동안 휩쓸기 동결을 쏟아내어 증가된 피해를 입히고 타격 시 몬스터를 느리게 하며 타격 시 대상 위치에 얼음 조각을 떨어뜨릴 확률.|||
subExoScorchingWhip01|Double Whip||||雙重鞭打||||
subExoScorchingWhip02|Celestial Burn||||天界灼燒||||
subExoScorchingWhip03|Overheating||||過熱||||
subExoScorchingWhip04|Punishing Flames||||懲罰之火||||
subExoScorchingWhip05|Sun Gods Chosen||||太陽神選民||||
subExoScorchingWhip06|Solar Arch||||太陽拱門||||
subExoScorchingWhip07|Critical Temperature||||臨界溫度||||
subExoScorchingWhip08|Fire Starter||||點火器||||
subExoScorchingWhip09|Scorching Snap||||灼熱的快照||||
subExoScorchingWhip10|Celestial Aid||||天界援助||||
subExoScorchingWhip11|Solar Harvester||||採集日光||||
subExoScorchingWhip12|Blasting Whiplash||||爆破鞭打||||
subExoScorchingWhip13|Flaming Whip||||火焰鞭子||||
subExoScorchingWhip14|Whirlwhipper||||漩渦鞭打者||||
subDescExoScorchingWhip01|Chance on attack to unleash an additional scorching whip.||||攻擊時有幾率釋放額外的灼熱之鞭。||||
subDescExoScorchingWhip02|Increases the damage dealt by scorching whip.||||增加灼熱之鞭造成的傷害。||||
subDescExoScorchingWhip03|Decreases the mana cost of scorching whip.||||降低灼熱之鞭的法力消耗。||||
subDescExoScorchingWhip04|Chance to unleash burning fissures on hit dealing additional damage.||||擊中時有機率釋放燃燒裂縫，造成額外傷害。||||
subDescExoScorchingWhip05|Increases attack speed when using scorching whip with a sword, cane or staff.||||當用劍、手杖或叉子使用灼熱之鞭時, 可提高攻擊速度。||||
subDescExoScorchingWhip06|Increases the area of effect radius of scorching whip.||||增加灼熱之鞭的作用範圍半徑。||||
subDescExoScorchingWhip07|Chance to critically hit dealing increased critical strike damage.||||有機率造成暴擊, 造成更高的暴擊傷害。||||
subDescExoScorchingWhip08|Chance on attack to unleash multiple fire balls in an arc towards target location.||||攻擊時有機率以弧形向目標位置釋放多個火球。||||
subDescExoScorchingWhip09|Chance to knock monsters back on hit dealing increased damage.||||有機率擊退怪物，造成更高的傷害。||||
subDescExoScorchingWhip10|Chance to summon an additional whip at targets location on hit targeting a nearby monster.||||當擊中附近的怪物時，有機率在目標位置召喚額外的鞭子。||||
subDescExoScorchingWhip11|Slash with multiple whips in an arc dealing a portion of the damage.||||用多條鞭子以弧形切割，造成部分傷害。||||
subDescExoScorchingWhip12|Unleash a fiery explosion on hit dealing area of effect damage.||||擊中時釋放火焰爆炸，造成一定範圍的傷害。||||
subDescExoScorchingWhip13|Chance to unleash flames at target location on hit dealing damage over time and slowing monsters.||||有機率在擊中目標位置時釋放火焰，造成持續傷害並減緩怪物速度。||||
subDescExoScorchingWhip14|Perform a spinning attack with multiple whips.||||用多根鞭子進行旋轉攻擊。||||
subExoSolarFlare01|Solar Fireworks||||太陽煙火||||
subExoSolarFlare02|Blue Flame Fire||||藍色焰火||||
subExoSolarFlare03|Rapidfire Cannoneer||||速射砲手||||
subExoSolarFlare04|God Slayer||||弒神者||||
subExoSolarFlare05|Explosive Flares||||爆炸信號彈||||
subExoSolarFlare06|Solar's Edge||||太陽邊緣||||
subExoSolarFlare07|Everburning Fire||||不滅之火||||
subExoSolarFlare08|Flaming Hands||||火焰之手||||
subExoSolarFlare09|Celestial Step||||天國階梯||||
subExoSolarFlare10|Burst of Power||||力量爆發||||
subExoSolarFlare11|Grand Flare||||盛大耀斑||||
subExoSolarFlare12|Sun´s Orbit||||太陽軌跡||||
subExoSolarFlare13|Searing Flares||||灼熱耀斑||||
subExoSolarFlare14|Solar Orbs||||太陽球||||
subDescExoSolarFlare01|Increases the projectile amount of solar flare.||||增加太陽耀斑的投射物數量。||||
subDescExoSolarFlare02|Increases the damage dealt by solar flare.||||增加太陽耀斑造成的傷害。||||
subDescExoSolarFlare03|Increases cast rate when using solar flare.||||使用太陽耀斑時提高施法速度。||||
subDescExoSolarFlare04|Increases damage dealt to bosses for solar flare.||||增加太陽耀斑對Boss造成的傷害。||||
subDescExoSolarFlare05|Chance to unleash fiery explosions on hit if target is burning.||||如果目標正在燃燒，則有機率在擊中時釋放熾熱爆炸。||||
subDescExoSolarFlare06|Monster kills grant you a stack of solar´s edge increasing the damage and projectile amount of solar flare.||||殺死怪物會給你一層太陽邊緣，增加太陽耀斑的傷害和投射物數量。||||
subDescExoSolarFlare07|Chance to inflict burning on hit.||||擊中時有機率造成燃燒。||||
subDescExoSolarFlare08|Decreases the mana cost of solare flare.||||降低太陽耀斑的法力消耗。||||
subDescExoSolarFlare09|Decreases movement diminish when using solar flare.||||減少使用太陽耀斑時，移動速度的下降。||||
subDescExoSolarFlare10|Chance on cast to increase damage dealt and unleash additional solar flares.||||施法時有機率增加造成的傷害並釋放額外的太陽耀斑。||||
subDescExoSolarFlare11|Unleash a grand flare frequently spawning smaller flares. Solar flare has a cooldown.||||釋放巨大的耀斑，經常會產生較小的耀斑。  太陽耀斑有冷卻時間。||||
subDescExoSolarFlare12|Summon solar flares orbiting you for a short duration.||||召喚太陽耀斑圍繞你運行一小段時間。||||
subDescExoSolarFlare13|Increases the amount of projectiles inflicting fire break on hit.||||增加投射物數量,擊中時降低火焰抗性。||||
subDescExoSolarFlare14|Summon multiple small suns frequently unleashing solar flares. solar flare now has a cooldown.||||召喚多個小太陽，頻繁釋放太陽耀斑。  太陽耀斑現在有冷卻時間。||||
subExoSolarDash01|Interstellar Traveller||||星際旅行者||||
subExoSolarDash02|Burn Burn BURN||||燃燒 燃燒 燃燒||||
subExoSolarDash03|Solar Burst||||太陽爆發||||
subExoSolarDash04|Restoring Flames||||恢復火焰||||
subExoSolarDash05|Cooldown Lap||||冷卻撲擊||||
subExoSolarDash06|Plasma Dash||||等離子衝刺||||
subExoSolarDash07|To Ashes||||化為灰燼||||
subExoSolarDash08|Protective Cover||||防護罩||||
subExoSolarDash09|Intense Flames||||強烈的火焰||||
subExoSolarDash10|Shooting Star||||流星||||
subExoSolarDash11|Bursting Flames||||爆裂的火焰||||
subExoSolarDash12|Solar Carnage||||太陽屠殺||||
subExoSolarDash13|The Sun Goddess||||太陽女神||||
subExoSolarDash14|Photon Dash||||光子衝刺||||
subDescExoSolarDash01|Increases the speed of solar dash.||||增加太陽衝刺的速度。||||
subDescExoSolarDash02|Inflicts burning on hit.||||擊中時造成燃燒。||||
subDescExoSolarDash03|Unleash a fiery explosion at the end dealing increased damage and inflicting burning on hit.||||最後釋放熾熱的爆炸，造成更高的傷害並造成擊中燃燒。||||
subDescExoSolarDash04|Gain increased life and mana replenish on cast for a short duration when solar form is active.||||當太陽形態啟動時，在短時間內獲得更高的生命和法力回復。||||
subDescExoSolarDash05|Decreases the speed of solar dash.||||降低太陽衝刺的速度。||||
subDescExoSolarDash06|Chance to stun targets on hit.||||命中時有機率擊暈目標。||||
subDescExoSolarDash07|Increases the damage dealt by solar dash.||||增加太陽衝刺造成的傷害。||||
subDescExoSolarDash08|Gain increased damage reduction for a short duration when using solar dash.||||使用太陽衝刺時，可在短時間內獲得更高的傷害減免效果。||||
subDescExoSolarDash09|Increases the tick frequency of solar dash flames.||||增加太陽衝刺火焰的傷害頻率。||||
subDescExoSolarDash10|Increases the speed of solar dash unleashing fireballs around you at the end dealing a portion of the damage.||||提高太陽衝刺的速度，最後在你周圍釋放火球，造成部分傷害。||||
subDescExoSolarDash11|Flames now have a chance to explode into multiple fire balls into all directions when expiring.||||火焰現在有機率在結束時向各個方向爆炸成多個火球。||||
subDescExoSolarDash12|Rapidly unleash fire balls arcing on your sides while dashing.||||衝刺時快速釋放在身體兩側劃出弧形的火球。||||
subDescExoSolarDash13|Summon multiple orbiting solar orbs dealing increased damage but decreasing your dashing speed.||||召喚多個環繞自身的太陽球，造成更多傷害，降低你的衝刺速度。||||
subDescExoSolarDash14|Dash with the speed of light unleashing burning flames below target on collision dealing increased damage over time.||||以光速衝刺，碰撞時在目標下方釋放燃燒的火焰，隨著時間的推移造成越來越大的傷害。||||
subExoSuperNova01|White Dwarf Star||||白矮星||||
subExoSuperNova02|Renewing Flare||||更新耀斑||||
subExoSuperNova03|Penetrating Blast||||穿透爆炸||||
subExoSuperNova04|Chained Explosions||||連鎖爆炸||||
subExoSuperNova05|Fight the Gravity||||對抗重力||||
subExoSuperNova06|Weakening Nova||||削弱新星||||
subExoSuperNova07|Chain Reactions||||連鎖反應||||
subExoSuperNova08|Fiery Frenzy||||火熱瘋||||
subExoSuperNova09|Blast Right Trough||||穿過爆炸||||
subExoSuperNova10|Targeted Cosmic Event||||針對宇宙結果||||
subExoSuperNova11|Particle Outflux||||流出粒子||||
subExoSuperNova12|Solar Shockwave||||太陽衝擊波||||
subExoSuperNova13|Connected by Sun||||連接太陽||||
subExoSuperNova14|Planetary Collision||||行星碰撞||||
subDescExoSuperNova01|Increases the damage dealt by supernova.||||增加超新星造成的傷害。||||
subDescExoSuperNova02|Decreases the cooldown of supernova.||||減少超新星的冷卻時間。||||
subDescExoSuperNova03|Chance to inflict elemental break on hit.||||命中時有機率造成元素破壞。||||
subDescExoSuperNova04|Chance on cast to unleash an additional supernova.||||施展時有機率釋放一顆額外的超新星。||||
subDescExoSuperNova05|Increases the area of effect radius of supernova.||||增加超新星的影響半徑範圍。||||
subDescExoSuperNova06|Inflicts fire break on hit.||||擊中時造成火焰破壞||||
subDescExoSuperNova07|Chance to unleash a fiery blast on hit dealing a portion of the damage.||||擊中時有機率釋放火焰爆炸，造成部分傷害。||||
subDescExoSuperNova08|Gain increased fire skill damage for a short duration when using supernova.||||使用超新星時，短時間內獲得更高的火焰技能傷害。||||
subDescExoSuperNova09|Chance to critically hit dealing increased critical strike damage.||||有機率造成暴擊，造成更高的暴擊傷害。||||
subDescExoSuperNova10|Supernova can be casted on target location with increased cast range.||||超新星可以在目標位置施放，施放範圍增加。||||
subDescExoSuperNova11|Unleash multiple fire balls bouncing between targets on hit inflicting burning.||||釋放多個火球，在擊中目標之間彈跳，造成燃燒。||||
subDescExoSuperNova12|Supernova knocks monsters back with force dealing increased damage and slowing them.||||超新星用力量將怪物擊退，造成更大的傷害並減慢它們的速度。||||
subDescExoSuperNova13|Unleash trails of flaming fire towards monsters on hit dealing a portion of the damage.||||向擊中的怪物釋放火焰足跡，造成部分傷害。||||
subDescExoSuperNova14|Chance to rain scorching comets from the sky at monsters on hit dealing increased damage.||||有機率從天而降的灼熱彗星擊中怪物，造成更高的傷害。||||
subExoTsunami01|Heavy Water||||重水||||
subExoTsunami02|Arctic Aqua||||北極水||||
subExoTsunami03|Water Walker||||水行者||||
subExoTsunami04|Ramping Waves||||斜波||||
subExoTsunami05|Waterspout||||水龍捲||||
subExoTsunami06|Chaining Waves||||連鎖波||||
subExoTsunami07|Salt Balance||||鹽平衡||||
subExoTsunami08|Giant Waves||||巨浪||||
subExoTsunami09|Asphyxiating Depths||||令人窒息的深淵||||
subExoTsunami10|Beyond the Horizon||||超越地平線||||
subExoTsunami11|Trembling Tidalwave||||顫抖的潮汐||||
subExoTsunami12|Watery Turbulence||||水湍流||||
subExoTsunami13|Ocean Pullback||||海洋回調||||
subExoTsunami14|The Last Water Bender||||最後的彎水者||||
subDescExoTsunami01|Increases the damage dealt by tsunami.||||增加海嘯造成的傷害。||||
subDescExoTsunami02|Chance to inflict frostbite on hit.||||命中時有幾率造成凍傷。||||
subDescExoTsunami03|Gain increased movement speed for a short duration when using tsunami.||||使用海嘯時，短時間內獲得更高的移動速度。||||
subDescExoTsunami04|Increases the damage dealt by tsunami over time.||||隨著時間的推移增加海嘯造成的傷害。||||
subDescExoTsunami05|Chance to unleash a burst of water on hit dealing a portion of the damage.||||擊中時有機率釋放一股水流，造成部分傷害。||||
subDescExoTsunami06|Increases cast rate when using tsunami.||||使用海嘯時提高施法速度。||||
subDescExoTsunami07|Increases damage dealt to frostbitten targets.||||增加對凍傷目標造成的傷害。||||
subDescExoTsunami08|Increases the size of tsunami.||||增加海嘯的大小。||||
subDescExoTsunami09|Chance to critically hit dealing increased critical strike damage.||||有機率造成暴擊，造成更高的暴擊傷害。||||
subDescExoTsunami10|Increases the duration of tsunami decreasing its projectile speed.||||增加海嘯的持續時間並降低其投射物速度。||||
subDescExoTsunami11|Increases the width of tsunami knocking monsters up dealing increased damage.||||增加海嘯將怪物擊飛的範圍，造成更大的傷害。||||
subDescExoTsunami12|Unleash multiple smaller tsunamis.||||引發多次較小的海嘯。||||
subDescExoTsunami13|Tsunami waves return back to you with increased damage and size.||||海嘯波以更大的傷害和更大的規模回到你身邊。||||
subDescExoTsunami14|Increases the projectile speed of tsunami inflicting cold break on hit.||||提高海嘯的投射物速度，擊中時造成冰霜破壞。||||
subExoAsteroid01|Astral Crush||||星界粉碎||||
subExoAsteroid02|Asteroid Aftershock||||小行星餘震||||
subExoAsteroid03|Impact Speed||||衝擊速度||||
subExoAsteroid04|World Ending Impact||||世界末日影響||||
subExoAsteroid05|A Gift From Space||||來自太空的禮物||||
subExoAsteroid06|Clairvoyant Prophet||||千里眼先知||||
subExoAsteroid07|Sharp Asteroids||||尖銳的小行星||||
subExoAsteroid08|Frozen Core||||冰凍核心||||
subExoAsteroid09|Coldshatter Impact||||冷碎衝擊||||
subExoAsteroid10|Perseids||||英仙座流星雨||||
subExoAsteroid11|Wave of Asteroids||||小行星波||||
subExoAsteroid12|Geomagnetic Reversal||||地磁反轉||||
subExoAsteroid13|Galactic Cataclysm||||銀河大災變||||
subExoAsteroid14|Planetary Collapse||||行星崩潰||||
subDescExoAsteroid01|Increases the damage dealt by asteroid.||||增加小行星造成的傷害。||||
subDescExoAsteroid02|Chance on cast to unleash an additional asteroid.||||施放時有機率釋放一顆額外的小行星。||||
subDescExoAsteroid03|Increases the falling speed and maximum cast range of asteroid.||||增加小行星的下落速度和最大施法範圍。||||
subDescExoAsteroid04|Increases the area of effect radius of asteroid.||||增加小行星的影響半徑區域。||||
subDescExoAsteroid05|Chance to critically hit dealing increased critical strike damage.||||有機率造成暴擊，造成更高的暴擊傷害。||||
subDescExoAsteroid06|Reduces the mana cost of asteroid.||||減少小行星的法力消耗。||||
subDescExoAsteroid07|Chance to inflict frostbite on hit.||||命中時有幾率造成凍傷。||||
subDescExoAsteroid08|Chance to inflict cold break on hit.||||命中時有機率造成冰霜破壞。||||
subDescExoAsteroid09|Increases damage dealt to frostbitten targets.||||增加對凍傷目標造成的傷害。||||
subDescExoAsteroid10|Chance to drop smaller asteroids at target location on hit.||||擊中目標位置時有機率掉落較小的小行星。||||
subDescExoAsteroid11|Unleash multiple asteroids in a shockwave from the point of impact.||||從撞擊點以衝擊波釋放多顆小行星。||||
subDescExoAsteroid12|Asteroid unleashes multiple tsunami waves in an arc towards target direction.||||小行星以弧形向目標方向釋放多股海嘯波。||||
subDescExoAsteroid13|Summon a continous rain of asteroids around you for a short period. Asteroid now has a cooldown.||||在你周圍短時間內召喚連續的小行星雨。 小行星現在有冷卻時間。||||
subDescExoAsteroid14|Unleash a colossal asteroid causing a massive explosion unleashing a massive tsunami dealing increased damage with increased area of effect radius. Asteroid now has a cooldown.||||釋放一顆巨大的小行星，造成大規模爆炸，引發大規模海嘯，造成更大的傷害，並擴大影響半徑。小行星現在有冷卻時間。||||
subExoLunarOrbit01|Tidal Collision||||潮汐碰撞||||
subExoLunarOrbit02|Full Moon||||滿月||||
subExoLunarOrbit03|Extrasolar Moons||||太陽系外月亮||||
subExoLunarOrbit04|Magnetic Pull||||磁力拉力||||
subExoLunarOrbit05|Loss of Orbit||||失去軌道||||
subExoLunarOrbit06|Celestial Collapse||||天崩地裂||||
subExoLunarOrbit07|Lunar Cycle||||月球循環||||
subExoLunarOrbit08|Tidalwaves||||潮汐波||||
subExoLunarOrbit09|Mass Meets Mass||||集群||||
subExoLunarOrbit10|Heavy Core||||重核||||
subExoLunarOrbit11|Crescent Moon||||新月||||
subExoLunarOrbit12|Lunar Architect||||月球建築師||||
subExoLunarOrbit13|Orbit Breakout||||軌道突破||||
subExoLunarOrbit14|Devastating Nebula||||毀滅性星雲||||
subDescExoLunarOrbit01|Increases the damage dealt by lunar orbit.||||增加月月球軌道造成的傷害。||||
subDescExoLunarOrbit02|Increases the duration of lunar orbit.||||增加月球軌道的持續時間。||||
subDescExoLunarOrbit03|Increases the amount of moons in lunar orbit.||||增加月球軌道上的衛星數量。||||
subDescExoLunarOrbit04|Increases the orbital speed of lunar orbit.||||增加月球軌道的環繞速度。||||
subDescExoLunarOrbit05|Chance to ricochet towards another nearby monster on hit before returning back to orbit.||||被擊中時有機率向附近的另一個怪物彈跳，然後返回軌道。||||
subDescExoLunarOrbit06|Chance for moons to explode into shrapnel when expiring dealing a portion of their damage.||||衛星在造成部分傷害時有機率爆炸成彈片。||||
subDescExoLunarOrbit07|Chance to inflict cold break on hit.||||命中時有機率造成冰霜破壞。||||
subDescExoLunarOrbit08|Chance to unleash a tsunami towards target location on hit.||||命中時有機率向目標位置釋放海嘯。||||
subDescExoLunarOrbit09|Increases damage dealt to bosses.||||增加對Boss造成的傷害。||||
subDescExoLunarOrbit10|Knock monsters back on hit dealing increased damage.||||擊中怪物時將其擊退，造成更高的傷害。||||
subDescExoLunarOrbit11|Lunar orbit is now a toggle that drains a portion of your mana to passively summon moons with increased damage while active. Recasting or running out of mana will deactivate lunar orbit.||||月球軌道現在是一開關技能，它會消耗你的一部分法力，以被動地召喚出傷害增加的衛星。 重新使用或耗盡法力將關閉月球軌道。||||
subDescExoLunarOrbit12|Increases the amount of moons in lunar orbit summoning all moons at once.||||增加月球軌道上的衛星數量，同時召喚所有衛星。||||
subDescExoLunarOrbit13|When moons expire they are sent outwards bouncing on walls and terrain.||||當衛星持續時間結束時，它們會被向外發送，在牆壁和地形上彈跳。||||
subDescExoLunarOrbit14|Chance to conjure cosmic fog at target location on hit dealing a portion of the damage over time inflicting slow.||||擊中時有機率在目標位置召喚宇宙迷霧，隨著時間的推移造成部分傷害，造成緩慢效果。||||
subExoBlackHole01|Event Horizon||||事件視界||||
subExoBlackHole02|Super Massive||||超大||||
subExoBlackHole03|Time != Space||||時間就是空間||||
subExoBlackHole04|Mass Density||||質量密度||||
subExoBlackHole05|Interstellar Radiation||||星際輻射||||
subExoBlackHole06|Watermelting Cold||||冷水熔法||||
subExoBlackHole07|Time Bender||||時光扭曲者||||
subExoBlackHole08|Time Traveler||||時間旅行者||||
subExoBlackHole09|Subzero Frequency||||零下頻率||||
subExoBlackHole10|Singularity||||奇點||||
subExoBlackHole11|Galaxy Devouring Growth||||銀河吞噬增長||||
subExoBlackHole12|Hidden in Plain Sight||||隱藏在眾目睽睽之下||||
subExoBlackHole13|Supermassive Black Hole||||超大質量黑洞||||
subExoBlackHole14|Empowered Singularity||||增強奇點||||
subDescExoBlackHole01|Increases the damage dealt by black hole.||||增加黑洞造成的傷害。||||
subDescExoBlackHole02|Increases the area of effect radius of black hole.||||增加黑洞的作用半徑範圍。||||
subDescExoBlackHole03|Increases the tick frequency of black hole.||||增加黑洞的傷害頻率。||||
subDescExoBlackHole04|Increases the duration of black hole.||||增加黑洞的持續時間。||||
subDescExoBlackHole05|Chance to unleash cosmic flares from the center of the black hole towards targets on hit dealing a portion of its damage.||||有機率從黑洞中心向命中的目標釋放宇宙耀斑，造成部分傷害。||||
subDescExoBlackHole06|Chance to inflict frostbite on hit.||||命中時有幾率造成凍傷。||||
subDescExoBlackHole07|Reduces the cooldown of black hole.||||減少黑洞的冷卻時間。||||
subDescExoBlackHole08|Gain increased movement speed and phasing for a short duration when inside the black hole.||||在黑洞內時，短時間內獲得更高的移動速度和相位狀態。||||
subDescExoBlackHole09|Increases damage dealt to frostbitten targets.||||增加對凍傷目標造成的傷害。||||
subDescExoBlackHole10|Chance to rapidly pull monsters towards the singularity on hit dealing additional damage.||||有機率在擊中時將怪物快速拉向奇點，造成額外傷害。||||
subDescExoBlackHole11|Chance to frequently grow larger over time gaining increased damage. Black hole duration is decreased.||||隨著時間的推移，有機率經常變大並獲得更大的傷害。 黑洞持續時間減少。||||
subDescExoBlackHole12|Summon multiple smaller orbiting black holes dealing a portion of the damage.||||召喚多個較小的繞軌道運行的黑洞，造成部分傷害。||||
subDescExoBlackHole13|Summon a supermassive black hole dealing a portion of the damage frequently draining a portion of your maximum mana. Running out of mana causes the black hole to expire.||||召喚一個超大質量黑洞，造成部分傷害，常常耗盡你的部分最大法力 。法力耗盡會導致黑洞消失。||||
subDescExoBlackHole14|Black hole rapidly pulls monsters towards its singularity on hit before expiring. Black hole no longer has a cooldown.||||黑洞在擊中後會迅速將怪物拉向其奇點，然後消失。黑洞不再有冷卻時間。||||
subButcherSlicingThrow01|Cut In Half||||切成兩半||||
subButcherSlicingThrow02|Precision Blade||||精密刀片||||
subButcherSlicingThrow03|One Swift Strike||||迅捷一擊||||
subButcherSlicingThrow04|Cuts and Wounds||||斷開傷口||||
subButcherSlicingThrow05|Splitting Chain||||連鎖分裂||||
subButcherSlicingThrow06|Burn the Corpses!||||焚燒屍體!||||
subButcherSlicingThrow07|Daisy´s Insight|||Проницательность Дейзи|黛西的洞察|デイジーの洞察|데이지의 통찰력|||
subButcherSlicingThrow08|Executioner's Apprentice||||見習劊子手||||
subButcherSlicingThrow09|Bladestorm|||Клинок бури|劍刃風暴|刃の嵐|칼날 폭풍|||
subButcherSlicingThrow10|Bloody Combustion||||血色燃燒||||
subButcherSlicingThrow11|Splitting blade||||劈裂刀片||||
subButcherSlicingThrow12|Slicing Vortex||||切片渦流||||
subButcherSlicingThrow13|Bladesaw Massacre||||刀鋸大屠殺||||
subButcherSlicingThrow14|Daisy´s Regards||||黛西的問候||||
subDescButcherSlicingThrow01|Increases the damage of slicing throw.||||增加投擲切片的傷害。||||
subDescButcherSlicingThrow02|Passively increases your dexterity.|||Увеличивает рейтинг атаки при использовании рубящего броска.|被動增加你的敏捷。|受動的に器用さが増加する|슬라이싱 던지기 사용 시 공격 등급이 증가합니다.|Erhöht passiv deine Geschicklichkeit.|Augmente passivement ta dextérité.|Aumenta pasivamente tu destreza.|Pasywnie zwiększa twoją zręczność.
subDescButcherSlicingThrow03|Increases the critical strike damage and projectile speed of slicing throw.||||增加投擲切片的暴擊傷害和投射物速度。||||
subDescButcherSlicingThrow04|Chance to inflict armor break on hit.||||擊中時有機率造成護甲破壞。||||
subDescButcherSlicingThrow05|Chance to unleash an additional chaining blade on hit.||||擊中時有機率釋放額外的連鎖刀片。||||
subDescButcherSlicingThrow06|Chance to inflict burning on hit.||||擊中時有機率造成燃燒。||||
subDescButcherSlicingThrow07|Reduced the cooldown of slicing throw.|||Уменьшено время восстановления режущего броска.|減少了投擲切片的冷卻時間。|スライシングスローのクールダウンが短縮される|슬라이싱 던지기의 재사용 대기시간이 감소했습니다.|||
subDescButcherSlicingThrow08|Slicing throw executes monsters below a threshold.||||投擲切片會處決生命低於閾值的怪物。||||
subDescButcherSlicingThrow09|Increases the size and spinning speed of slicing throw.|||Увеличивает размер и скорость вращения режущего броска.|增加投擲切片的尺寸和旋轉速度。|スライシングスローのサイズと回転速度が増加する|슬라이싱 던지기의 크기와 회전 속도가 증가합니다.|||
subDescButcherSlicingThrow10|Chance to unleash a ripple of blood from burning monsters on hit dealing additional damage.||||擊中燃燒的怪物時有機率釋放出一道血波紋，造成額外傷害。||||
subDescButcherSlicingThrow11|Slicing throw splits into multiple orbiting blades spiraling outwards and returning to the initial location.||||投擲切片現在會分裂成多個向外環繞旋轉的刀片後返回初始位置。||||
subDescButcherSlicingThrow12|Slicing throw now orbits you with increased projectile speed and increased damage.||||現在，投擲切片會以更高的投射物速度和更高的傷害圍繞你運行。||||
subDescButcherSlicingThrow13|Throw multiple blades forming a huge chainsaw that can be controlled. Slicing throw cooldown is now increased.||||投擲多個刀片形成一個可控制的巨大電鋸。現在增加投擲切片的冷卻時間。||||
subDescButcherSlicingThrow14|Slicing throw explodes into a fiery pentagram inflicting burning on hit.||||投擲切片爆炸成熾熱的五角星，擊中時造成燃燒。||||
subButcherFuriousStrike01|Wide Spread Epidemic||||大規模蔓延||||
subButcherFuriousStrike02|Down with Sickness||||戰勝疾病||||
subButcherFuriousStrike03|Furious Reach||||狂暴之戰||||
subButcherFuriousStrike04|Strike of Hate||||仇恨之擊||||
subButcherFuriousStrike05|Blade Uppercut||||刀片上勾拳||||
subButcherFuriousStrike06|Serious Fever||||嚴重發燒||||
subButcherFuriousStrike07|Fueled Anger||||加劇憤怒||||
subButcherFuriousStrike08|Mediocre Unit||||平庸的一員||||
subButcherFuriousStrike09|Stay Still!||||保持不動！||||
subButcherFuriousStrike10|Spread the Word||||傳播訊息||||
subButcherFuriousStrike11|Consumed by Hatred||||被仇恨吞噬||||
subButcherFuriousStrike12|Flames of Fury||||憤怒之火||||
subButcherFuriousStrike13|Sick to the Core||||病入膏肓||||
subButcherFuriousStrike14|The Absolute Unit||||絕對的一員||||
subDescButcherFuriousStrike01|Increases the power of rabies from furious strike.||||增加狂怒打擊所產生的狂犬病的威力。||||
subDescButcherFuriousStrike02|Chance to inflict poison on hit.||||擊中時有機率造成中毒。||||
subDescButcherFuriousStrike03|Increases the attack range of furious strike.||||增加狂怒打擊的攻擊距離。||||
subDescButcherFuriousStrike04|Increases the damage dealt by furious strike.||||增加狂怒打擊造成的傷害。||||
subDescButcherFuriousStrike05|Chance to slice monsters stunning and knocking them up dealing increased damage.||||有機率將怪物擊暈並擊倒，造成更高的傷害。||||
subDescButcherFuriousStrike06|Increases the maximum amount of rabies stacks.||||增加狂犬病疊加的最大層數。||||
subDescButcherFuriousStrike07|Increases attack speed when using furious strike.||||提高使用狂怒打擊時的攻擊速度。||||
subDescButcherFuriousStrike08|Chance to spawn healing orbs from targets on hit when in holy form. Chance to unleash piercing enraged rats spreading rabies on hit when in unholy form.||||在神聖形態下，命中目標時有機率產生治療球。  當處於邪惡形態時，有機率釋放穿透的憤怒老鼠，在擊中時傳播狂犬病。||||
subDescButcherFuriousStrike09|Increases damage dealt to stunned target.||||增加對暈眩目標造成的傷害。||||
subDescButcherFuriousStrike10|Chance to summon enraged flies on hit orbiting you and inflicting rabies.||||有機率召喚憤怒的蒼蠅繞著你轉並造成狂犬病。||||
subDescButcherFuriousStrike11|Striking monsters with maximum stacks of rabies consumes them ripping and crushing the monster unleashing its bones in an arc behind it dealing damage according to the rabies stacks.||||當狂犬病達到最高層時攻擊怪物會消耗疊層撕裂並壓碎怪物，並在其身後的弧形上釋放其骨頭，根據狂犬病的層數造成傷害。||||
subDescButcherFuriousStrike12|Striking a monster inflicted with rabies causes flaming cinders to fly around the target lightning the ground on fire. Striking a monster with maximum stacks of rabies additionally consumes the stacks unleashing a scorching nova inflicting burning on hit.||||攻擊患有狂犬病的怪物會導致燃燒的煤渣在目標周圍飛舞，閃電般地將地面著火。  用最大層數的狂犬病攻擊怪物時消耗層數釋放出灼熱新星，擊中時造成燃燒。||||
subDescButcherFuriousStrike13|Increases the maximum stacks of rabies and damage dealt by furious strike.||||增加狂犬病的最大層數和狂暴打擊造成的傷害。||||
subDescButcherFuriousStrike14|Striking a monster causes it to emmit fire damage based on your life replenish over time for a short duration on a radius around it when using holy form. Striking a monster unleashes impaling spikes dealing additional damage and a chance to replenish a portion of your maximum life on hit when using unholy form.||||當使用神聖形態時，  攻擊怪物會根據你的生命值在短時間內在目標周圍造成火焰傷害。  當使用邪惡形態時，攻擊怪物會釋放出刺穿的尖刺，造成額外傷害，並有機率在擊中時回復最大生命的一部分。||||
subButcherChainRip01|Ranged Suffering||||遠程痛苦||||
subButcherChainRip02|Chains of Hatred||||仇恨之鏈||||
subButcherChainRip03|Torture the Skin||||折磨皮膚||||
subButcherChainRip04|Break the Flesh||||打破肉身||||
subButcherChainRip05|The Real Monster||||真正的怪物||||
subButcherChainRip06|Shift of Power||||權力轉移||||
subButcherChainRip07|Rocket Propelled Chains||||火箭推進鏈||||
subButcherChainRip08|Chains Unchained||||解開的鎖鏈||||
subButcherChainRip09|Rage Trance||||憤怒狂喜||||
subButcherChainRip10|They Never Know What Hit Them||||他們永遠不知道是什麼擊中了他們||||
subButcherChainRip11|Chains Attached||||附加鏈條||||
subButcherChainRip12|Chainfueled Hunting||||連鎖狩獵||||
subButcherChainRip13|Prey on the Weak||||掠奪弱者||||
subButcherChainRip14|Carcass Rip||||屍體撕裂||||
subDescButcherChainRip01|Increases the range of chain rip.||||增加撕裂鎖鏈的範圍||||
subDescButcherChainRip02|Increases the damage dealt by chain rip.||||增加撕裂鎖鏈造成的傷害。||||
subDescButcherChainRip03|Chance to inflict bleeding on hit.||||擊中時有機率造成流血。||||
subDescButcherChainRip04|Inflicts armor break on hit.||||擊中時造成護甲破壞。||||
subDescButcherChainRip05|Replenish a portion of your maximum life and maximum mana on hit.||||擊中時補充部分最大生命和最大法力。||||
subDescButcherChainRip06|Decreases monster attack rating inflicting slow on hit.||||降低怪物攻擊命中率，命中怪物造成緩速。||||
subDescButcherChainRip07|Increases the projectile speed of chain rip.||||增加撕裂鎖鏈的投射物速度。||||
subDescButcherChainRip08|Decreases the cooldown of chain rip.||||減少撕裂鎖鏈的冷卻時間。||||
subDescButcherChainRip09|Gain increased damage reduction for a short duration when using chain rip.||||使用撕裂鎖鏈時，可在短時間內獲得更高的傷害減免效果。||||
subDescButcherChainRip10|Chance to stun targets on hit dealing increased damage to stunned targets.||||擊中時有機率擊暈目標，對擊暈目標造成更高傷害。||||
subDescButcherChainRip11|Increases the range and damage of chain rip greatly. Cooldown is increased.||||大幅增加撕裂鎖鏈的範圍和傷害。冷卻時間增加。||||
subDescButcherChainRip12|Rapidly throw multiple piercing chains in a cone towards target location dealing increased damage. Chain rip no longer pulls enemies.||||向目標圓錐狀位置快速投擲多條的穿刺鏈，造成更高的傷害。撕裂鎖鏈不再拉扯敵人。||||
subDescButcherChainRip13|Chain rip stuns targets on hit buffing your and nearby allies damage to stunned targets for a short duration.||||撕裂鎖鏈擊中目標時會眩暈目標，並在短時間內增強你和附近盟友對暈眩目標的傷害。||||
subDescButcherChainRip14|Chain rip chains into additional nearby monsters on hit pulling them towards the target.||||撕裂鎖鏈擊中時連鎖附近額外的怪物時將它們拉向目標。||||
subButcherBrutalizingSlash01|Bucthering Skill||||屠殺技能||||
subButcherBrutalizingSlash02|Bonebreaker||||碎骨者||||
subButcherBrutalizingSlash03|Unstoppable Rage||||無阻之怒||||
subButcherBrutalizingSlash04|Descent to Madness||||墮入瘋狂||||
subButcherBrutalizingSlash05|With 2 Hands||||用雙手||||
subButcherBrutalizingSlash06|Skullsplitter||||顱骨分離||||
subButcherBrutalizingSlash07|Afterlife Burner||||轉生火爐||||
subButcherBrutalizingSlash08|Precision Equals Power||||精準之力||||
subButcherBrutalizingSlash09|For the Weak||||對於弱者||||
subButcherBrutalizingSlash10|Bleeding the Prey||||讓獵物流血||||
subButcherBrutalizingSlash11|Pummeling Slashwave||||猛擊斬波||||
subButcherBrutalizingSlash12|Painmongering||||止痛藥||||
subButcherBrutalizingSlash13|Gutting Frenzy||||內臟狂熱||||
subButcherBrutalizingSlash14|Meet Daisy||||見見黛西||||
subDescButcherBrutalizingSlash01|Increases attack rating when using brutalizing slash.||||使用殘酷斬擊時可提高攻擊命中率。||||
subDescButcherBrutalizingSlash02|Increases the damage dealt by brutalizing slash.||||增加殘酷斬擊造成的傷害。||||
subDescButcherBrutalizingSlash03|Decreases movement diminish when using brutalizing slash.||||減少使用殘酷斬擊時，移動速度降低的效果。||||
subDescButcherBrutalizingSlash04|Increases attack speed when using brutalizing slash.||||使用殘酷斬擊時可提高攻擊速度。||||
subDescButcherBrutalizingSlash05|Chance on attack to unleash an additional brutalizing slash.||||攻擊時有機率發動額外的殘酷斬擊。||||
subDescButcherBrutalizingSlash06|Increases the critical strike damage dealt by brutalizing slash.||||增加殘酷斬擊造成的暴擊傷害。||||
subDescButcherBrutalizingSlash07|Chance on kill for the target to explode into a pile of corpses.||||殺死目標時有機率爆炸成一堆屍體。||||
subDescButcherBrutalizingSlash08|Increases the damage dealt by brutalizing slash based on your dexterity.||||根據你的敏捷增加殘酷斬擊造成的傷害||||
subDescButcherBrutalizingSlash09|Increases the attack range of brutalizing slash based on your strength.||||根據你的力量增加殘酷斬擊的攻擊距離。||||
subDescButcherBrutalizingSlash10|Increases damage dealt to bleeding targets.||||增加對流血目標造成的傷害。||||
subDescButcherBrutalizingSlash11|Unleash a slash wave on attack inflicting increased bleeding on hit.||||攻擊時釋放揮砍波，造成擊中時流血增加。||||
subDescButcherBrutalizingSlash12|Gain a stack of painmongering on hit increasing the tick frequency of bleed.||||擊中時獲得一層止痛藥，增加流血的頻率。||||
subDescButcherBrutalizingSlash13|Chance to unleashes a ripple of blood on hit dealing increased critical damage based on your strength.||||有機率在擊中時釋放出一道血波紋，根據你的力量造成更高的暴擊傷害。||||
subDescButcherBrutalizingSlash14|Every third attack unleashes daisy with increased damage and critical strike damage. The size of daisy is increased based on your missing life. ||||每三次攻擊都會釋放黛西，傷害和暴擊傷害都會增加。黛西的大小會根據你損失的生命而增加。||||
subButcherButchersHook01|Everlasting Anger||||勇恆之怒||||
subButcherButchersHook02|Backed by Rage||||憤怒後盾||||
subButcherButchersHook03|Hook Discharge||||充能鉤子||||
subButcherButchersHook04|Carcass Carrier||||屍體運輸||||
subButcherButchersHook05|Fresh Meat||||新鮮的肉||||
subButcherButchersHook06|Pierce the Torso||||刺破軀幹||||
subButcherButchersHook07|Spin of Death||||死亡旋轉||||
subButcherButchersHook08|Hellsent||||送向地獄||||
subButcherButchersHook09|Immaculate Butcher||||完美屠夫||||
subButcherButchersHook10|Bring the Carnage||||帶來大屠殺||||
subButcherButchersHook11|Concussive Blow||||震盪打擊||||
subButcherButchersHook12|Critical Velocity||||臨界速度||||
subButcherButchersHook13|Master of Meat Hooks||||肉鉤大師||||
subButcherButchersHook14|Welcome to Hell||||歡迎來到地獄||||
subDescButcherButchersHook01|Increases the duration of butchers hook.||||增加屠夫鉤的持續時間。||||
subDescButcherButchersHook02|Increases the projectile speed of butchers hook.||||增加屠夫鉤的投射物速度。||||
subDescButcherButchersHook03|Chance on cast to unleash an additional butchers hook.||||施放時有機率釋放額外的屠夫鉤。||||
subDescButcherButchersHook04|Increases the size of butchers hook.||||增加屠夫鉤的尺寸。||||
subDescButcherButchersHook05|Chance to inflict bleeding on hit.||||擊中時有機率造成流血。||||
subDescButcherButchersHook06|Chance to inflict armor break on hit.||||擊中時有機率造成護甲破壞。||||
subDescButcherButchersHook07|Increases the damage dealt by butchers hook.||||增加屠夫鉤造成的傷害。||||
subDescButcherButchersHook08|Gain increased movement speed and phasing when using butchers hook.||||使用屠夫鉤時獲得更高的移動速度和相位狀態。||||
subDescButcherButchersHook09|Increases the critical strike damage dealt by butchers hook.||||增加屠夫鉤造成的暴擊傷害。||||
subDescButcherButchersHook10|Decreases the cooldown of butchers hook.||||減少屠夫鉤的冷卻時間。||||
subDescButcherButchersHook11|Butchers hook circles onces and slams into target location unleashing a corpse explosion with increased size and damage based on the amount of enemies captured in the hook.||||屠夫鉤繞一圈並猛烈撞擊目標位置，釋放屍體爆炸，其大小和傷害會根據鉤子捕獲的敵人數量而增加。||||
subDescButcherButchersHook12|Increases the velocity of butchers hook over time causing it to deal damage more frequently.||||隨著時間的推移增加屠夫鉤的速度，使其更頻繁地造成傷害。||||
subDescButcherButchersHook13|Unleash multiple smaller hooks.||||釋放多個較小的鉤子。||||
subDescButcherButchersHook14|Unleash butchers hook towards target location with increased range and damage returning back after a short duration. Butchers hook no longer has a cooldown.||||釋放屠夫鉤鉤向目標位置，增加距離，並在短時間內返回傷害。屠夫鉤不再有冷卻時間。||||
subButcherChainSwing01|The Huntsman||||獵人||||
subButcherChainSwing02|Immobilizing Hit||||擊中定身||||
subButcherChainSwing03|No Quarter||||沒有寬恕||||
subButcherChainSwing04|Demonic Chains||||惡魔鎖鏈||||
subButcherChainSwing05|Introduce Fear||||引入恐懼||||
subButcherChainSwing06|Physical Torture||||肉體酷刑||||
subButcherChainSwing07|Killing Spree||||殺戮狂歡||||
subButcherChainSwing08|Scent of Prey||||獵物的氣味||||
subButcherChainSwing09|Entry Frenzy||||入場狂潮||||
subButcherChainSwing10|Unblessed Path||||邪惡之路||||
subButcherChainSwing11|Warm Welcome||||熱烈歡迎||||
subButcherChainSwing12|Hookstorm||||鉤子風暴||||
subButcherChainSwing13|Prey of the Day||||獵物日||||
subButcherChainSwing14|Centrifugal Force||||離心力||||
subDescButcherChainSwing01|Increases the projectile speed of chain swing.||||增加擺動鎖鏈的投射物速度。||||
subDescButcherChainSwing02|Chance to stun targets on hit.||||命中時有機率擊暈目標。||||
subDescButcherChainSwing03|Reduces the mana cost of chain swing.||||減少擺動鎖鏈的法力消耗。||||
subDescButcherChainSwing04|Increases the damage dealt by chain swing.||||增加擺動鎖鏈造成的傷害。||||
subDescButcherChainSwing05|Pull monsters towards you from an increased radius after landing.||||著陸後將怪物從更大的範圍拉向您。||||
subDescButcherChainSwing06|Chance to inflict armor break on hit.||||擊中時有機率造成護甲破壞。||||
subDescButcherChainSwing07|Grants you a burst of attack speed after landing for a short duration.||||落地後短時間內讓你獲得攻擊速度爆發。||||
subDescButcherChainSwing08|Increases damage dealt to bleeding targets.||||增加流血目標造成的傷害。||||
subDescButcherChainSwing09|Increases the critical strike damage dealt by chain swing.||||增加擺動鎖鏈造成的暴擊傷害。||||
subDescButcherChainSwing10|Increases the maximum cast range. Chain swing now ignores terrain.||||增加最大施法範圍。擺動鎖鏈現在忽略地形。||||
subDescButcherChainSwing11|Unleash burning fissures at nearby monsters when landing inflicting burning.||||著陸時對附近的怪物釋放燃燒裂縫，造成燃燒。||||
subDescButcherChainSwing12|Swing hooks around while travelling dealing increased damage.|||Размахивайте крюками во время движения, хватая монстров на своем пути и нанося им повышенный урон.|移動時向周圍揮舞擺動鎖鏈，造成更多傷害。|移動中にフックを振り回し、通ったモンスターを掴み、増加ダメージを与える。|이동 중에 갈고리를 휘두르며 경로에 있는 몬스터를 잡아 데미지를 증가시킵니다.|Schwinge Haken herum, während du unterwegs bist, und verursache erhöhten Schaden.|Fait tourner les crochets autour de toi pendant le voyage en infligeant des dégâts augmentés.|Balancea ganchos alrededor mientras viajas infligiendo daño aumentado.|Wiruj hakami podczas podróży zadając zwiększone obrażenia.
subDescButcherChainSwing13|Connecting with a monster causes chain swing to pull all monsters nearby the target towards you.||||與怪物連接會導致擺動鎖鏈將目標附近的所有怪物拉向您。||||
subDescButcherChainSwing14|Chain swing maximum length is significantly shorter but can be targeted. Spin around the target ignoring collision. Monsters hit by the chain take increased damage on hit.||||鏈條擺動最大長度明顯較短，但可以有針對性。  繞目標旋轉，忽略碰撞。  被鏈條擊中的怪物受到的傷害會增加。||||
subButcherSubmergedKnives01|Impaling Horde||||穿刺部落||||
subButcherSubmergedKnives02|Agravating Wounds||||加重傷口||||
subButcherSubmergedKnives03|Sharp Edges||||鋒利邊緣||||
subButcherSubmergedKnives04|Encased Cutters||||封閉式刀具||||
subButcherSubmergedKnives05|Jugular Cut||||頸靜脈切割||||
subButcherSubmergedKnives06|The Bigger They Are||||更大的它們||||
subButcherSubmergedKnives07|Blunt Cleaver||||鈍刀||||
subButcherSubmergedKnives08|Extended Gutting||||延長去內臟||||
subButcherSubmergedKnives09|Nimble Handcraft||||靈巧手藝||||
subButcherSubmergedKnives10|Meat Skewer||||肉串||||
subButcherSubmergedKnives11|Tidal Knives||||潮汐刀||||
subButcherSubmergedKnives12|Sudden Chaining||||突然連鎖||||
subButcherSubmergedKnives13|Knifehoarder||||刀具囤積者||||
subButcherSubmergedKnives14|Bone Daggers||||骨匕首||||
subDescButcherSubmergedKnives01|Increases the amount of waves of submerged knives.||||增加湮滅之刀的波數。||||
subDescButcherSubmergedKnives02|Increases the damage dealt by submerged knives.||||增加湮滅之刀造成的傷害。||||
subDescButcherSubmergedKnives03|Increases attack rating when using submerged knives.||||使用湮滅之刀時提高攻擊命中率。||||
subDescButcherSubmergedKnives04|Increases the area of effect radius of submerged knives.||||增加湮滅之刀的效果範圍。||||
subDescButcherSubmergedKnives05|Increases damage dealt to stunned targets.||||增加對昏迷目標造成的傷害。||||
subDescButcherSubmergedKnives06|Increases damage dealt to bosses when using submerged knives.||||增加使用湮滅之刀時對Boss造成的傷害。||||
subDescButcherSubmergedKnives07|Chance to stun targets hit.||||有機率擊暈命中的目標。||||
subDescButcherSubmergedKnives08|Increases the maximum cast range of submerged knives.||||增加水下刀的最大施法距離。||||
subDescButcherSubmergedKnives09|Reduces the cooldown of submerged knives.||||減少湮滅之刀的冷卻時間。||||
subDescButcherSubmergedKnives10|Chance to impale targets on hit dealing damage over time.||||有機率刺穿命中的目標，造成持續傷害。||||
subDescButcherSubmergedKnives11|Unleash a shockwave of submerged knives towards target location.||||向目標位置釋放湮滅之刀的衝擊波。||||
subDescButcherSubmergedKnives12|Chance to unleash chains towards target on hit dealing additional damage.||||有機率向命中的目標釋放鎖鏈，造成額外傷害。||||
subDescButcherSubmergedKnives13|Submerged knives can be activated/deactivated. While active periodically unleash submerged knives at nearby monsters inflicting bleeding. Drains a portion of your maximum mana while active.||||湮滅之刀變為開關技能。啟用時，會定期向附近的怪物釋放湮滅之刀，造成流血。當啟用期間會消耗一定百分比的最大法力。||||
subDescButcherSubmergedKnives14|Consume corpses hit by submerged knives unleashing piercing gutting knives towards nearby monsters.|||Пожирайте трупы, пораженные подводными ножами, выпуская цепь потрошащих ножей в ближайших монстров.|吞噬被湮滅之刀擊中的屍體，向附近的怪物釋放穿透的開膛匕首。 |沈められたナイフが命中した死体を消費し、近くのモンスターへ連鎖的にナイフを放つ。|잠긴 칼에 맞은 시체를 소모하여 주변 몬스터에게 사슬로 칼을 발사하여 내장을 뽑습니다.|||
subButcherBlender01|Sharpened Cleavers||||鋒利切肉刀||||
subButcherBlender02|Industrial Sized||||工業尺寸||||
subButcherBlender03|No Bits Nor Pieces||||無位無碎||||
subButcherBlender04|Ragefueled Energy||||狂怒能量||||
subButcherBlender05|Extra Cleaver Addon||||額外切肉刀插件||||
subButcherBlender06|Obsidian Blades||||黑曜石刀片||||
subButcherBlender07|Attachment Malfunction||||附件故障||||
subButcherBlender08|It Will Blend||||它會攪拌||||
subButcherBlender09|Blood Thirsting Killing Machine||||嗜血殺人機器||||
subButcherBlender10|Will it Blend?||||它會攪拌嗎？||||
subButcherBlender11|A.I. Empowered Nanoblenders||||人工智慧.賦能奈米攪拌機||||
subButcherBlender12|Blenderang||||攪拌環||||
subButcherBlender13|Attachable Microblades||||可連接的微刀片||||
subButcherBlender14|Blending Blood Pact||||融血契約||||
subDescButcherBlender01|Increases the damage dealt by blender.||||增加血肉果汁機造成的傷害。||||
subDescButcherBlender02|Increases the area of effect radius of blender.||||增加血肉果汁機的作用半徑區。||||
subDescButcherBlender03|Increases attack rating when using blender.||||使用血肉果汁機時提高攻擊命中率。||||
subDescButcherBlender04|Increases the duration of blender.||||增加血肉果汁機的持續時間。||||
subDescButcherBlender05|Increases the amount of blades on blender.||||增加血肉果汁機上刀片的數量。||||
subDescButcherBlender06|Increases the critical strike damage dealt by blender.||||增加血肉果汁機造成的暴擊傷害。||||
subDescButcherBlender07|Chance to send blades towards target on hit briefly returning back to you.||||有機率在擊中時將刀刃射向目標，短暫地返回給你。||||
subDescButcherBlender08|Increases damage dealt to bleeding targets.||||增加流血目標造成的傷害。||||
subDescButcherBlender09|Chance to gain a stack of blood thirst on hit increasing your movement speed for a short duration.||||有機率在擊中時獲得一堆嗜血，在短時間內提高你的移動速度。||||
subDescButcherBlender10|Knock monsters back dealing increased damage and slowing them.||||將怪物擊退，造成更高的傷害並減慢它們的速度。||||
subDescButcherBlender11|Summon multiple small blenders orbiting around you.||||召喚多個小型血肉果汁機在你周圍運作。||||
subDescButcherBlender12|Throw a traveling blender towards target location returning back to you shortly. Blender cooldown is reduced.||||將移動血肉果汁機扔向目標位置，很快就會返回給您。攪拌機的冷卻時間減少。||||
subDescButcherBlender13|Chance to conjure a small blender at target location on hit dealing additional damage for a short duration.||||有機率在擊中目標位置時召喚一個小型血肉果汁機，在短時間內造成額外傷害。||||
subDescButcherBlender14|Blender gains increased damage but killing monsters drains a portion of your maximum life. This effect is non-lethal and will de-activate blender if you cannot sacrifice your life anymore.||||血肉果汁機率增加傷害，但殺死怪物會消耗你一部分的最大生命。這種效果是非致命的，如果你不能再犧牲自己的生命，血肉果汁機將會停用。||||
subStormweaverChargedBolts01|Bigger Outlet ||||放出更大的||||
subStormweaverChargedBolts02|Electric Vains ||||無用電氣||||
subStormweaverChargedBolts03|Flash Bolt ||||閃光彈||||
subStormweaverChargedBolts04|Halting Storm ||||靜止風暴||||
subStormweaverChargedBolts05|Weakening Charge ||||弱化電荷||||
subStormweaverChargedBolts06|Efficient Wiring ||||高效接線||||
subStormweaverChargedBolts07|Non-conductive Boots ||||絕緣靴||||
subStormweaverChargedBolts08|Static Buildup ||||累積靜電||||
subStormweaverChargedBolts09|Additive Voltage ||||附加電壓||||
subStormweaverChargedBolts10|Electrocharged Therapy ||||靜電療法||||
subStormweaverChargedBolts11|Electric Field ||||電場||||
subStormweaverChargedBolts12|World Ender ||||世界末日||||
subStormweaverChargedBolts13|Loaded Thunder ||||載入雷霆||||
subStormweaverChargedBolts14|Railgun ||||磁軌砲||||
subDescStormweaverChargedBolts01|Increases the amount of charged bolts.||||增加充能彈的數量。||||
subDescStormweaverChargedBolts02|Increases the damage dealt by charged bolts.||||增加充能彈造成的傷害。||||
subDescStormweaverChargedBolts03|Increases the projectile speed of charged bolts.||||提高充能彈的投射物速度。||||
subDescStormweaverChargedBolts04|Chance to deal increased damage slowing targets on hit.||||有機率造成更高的傷害，使目標受到擊中時減速。||||
subDescStormweaverChargedBolts05|Chance to inflict lightning break on hit.||||擊中時有機率造成閃電破壞。||||
subDescStormweaverChargedBolts06|Decreases the mana cost of charged bolts.||||降低充能彈的法力消耗。||||
subDescStormweaverChargedBolts07|Decreases movement diminish when using charged bolts.||||減少使用充能彈時，移動速度降低的效果。||||
subDescStormweaverChargedBolts08|Increases the size of charged bolts.||||增加充能彈的尺寸。||||
subDescStormweaverChargedBolts09|Chance on cast to increase the amount of charged bolts.||||施法時有機率增加充能彈的數量。||||
subDescStormweaverChargedBolts10|Chance to inflict stasis on hit.||||有機率在擊中時造成停滯。||||
subDescStormweaverChargedBolts11|Unleash charged bolts in a circle around you causing them to return after a short duration.||||在你周圍釋放充能彈，使它們在短時間內返回。||||
subDescStormweaverChargedBolts12|Conjure a single large charged bolt scaling from projectile amount and unleashing charged bolts into all directions after exploding.||||根據投射物數量召喚一個大型充能彈，並在爆炸後向各個方向釋放充能彈。||||
subDescStormweaverChargedBolts13|Chance to unleash a large pulsating thunder bolt on hit dealing increased damage.||||有機率在擊中時釋放出巨大的脈衝雷霆，造成更高的傷害。||||
subDescStormweaverChargedBolts14|Unleash charged bolts as a barrage dealing increased damage. Charged bolts now has a cooldown.||||釋放充能彈作為彈幕，造成更高的傷害。充能彈現在有冷卻時間。||||
subStormweaverLightningSurge01|Amplified Storm||||強化風暴||||
subStormweaverLightningSurge02|Storm´s Prophet||||風暴先知||||
subStormweaverLightningSurge03|Shocked to the Core||||震驚到骨子裡||||
subStormweaverLightningSurge04|Heated Lightning||||加熱閃電||||
subStormweaverLightningSurge05|Piercing Bolt||||穿孔螺栓||||
subStormweaverLightningSurge06|Restoring Surge||||恢復浪湧||||
subStormweaverLightningSurge07|Voltaic Pressure||||電壓||||
subStormweaverLightningSurge08|Storm Summoner||||風暴召喚者||||
subStormweaverLightningSurge09|Lightning Strikes Twice!||||雙重雷擊！||||
subStormweaverLightningSurge10|Grounding Surge||||接地浪湧||||
subStormweaverLightningSurge11|Surging Comeback||||返回浪湧||||
subStormweaverLightningSurge12|Supercharged||||超級充能||||
subStormweaverLightningSurge13|Concurrent Current||||並發電流||||
subStormweaverLightningSurge14|Surging Tornado||||浪湧龍捲風||||
subDescStormweaverLightningSurge01|Increases the damage dealt by lightning surge.||||增加雷電浪湧造成的傷害。||||
subDescStormweaverLightningSurge02|Decreases the mana cost of lightning surge.||||降低雷電浪湧的法力消耗。||||
subDescStormweaverLightningSurge03|Increases damage dealt by lightning surge and lower target attack rating on hit.|||Вероятность снижения рейтинга атаки цели при попадании.|提高雷電浪湧造成的傷害，並在命中時降低目標的命中率。|ヒット時に対象の命中率を低下させる確率。|타격 시 대상의 공격 등급 감소 확률.|Chance, die Angriffsgenauigkeit des Ziels beim Treffer zu verringern.|Augmente les dégâts infligés par Surtension de foudre et réduit la précision de la cible à l'impact.|Probabilidad de reducir la precisión de ataque del objetivo al impactar.|Szansa na obniżenie trafienia ataku celu przy trafieniu.
subDescStormweaverLightningSurge04|Chance to inflict burning on hit.||||擊中時有機率造成燃燒。||||
subDescStormweaverLightningSurge05|Chance to inflict lightning break on hit.||||擊中時有機率造成閃電破壞。||||
subDescStormweaverLightningSurge06|Chance to restore portion of your maximum mana on hit.||||有機率在擊中時恢復部分最大法力值。||||
subDescStormweaverLightningSurge07|Increases cast rate when using lightning surge.||||提高使用雷電浪湧的施法速度。||||
subDescStormweaverLightningSurge08|Chance to summon a small storm cloud on hit.||||擊中時有機率召喚小型風暴雲。||||
subDescStormweaverLightningSurge09|Chance on cast to unleash an additional lightning surge.||||施法時有機率釋放額外的閃電浪湧。||||
subDescStormweaverLightningSurge10|Chance for lightning surge to explode into multiple smaller surges on hit.||||閃電浪湧有機率在擊中時爆炸成多個較小的浪湧。||||
subDescStormweaverLightningSurge11|Lightning surge returns after a short duration dealing increased damage.||||閃電浪湧會在短時間內返回，造成更高的傷害。||||
subDescStormweaverLightningSurge12|Unleash multiple narrower surges in an arc dealing a portion of the damage.||||以弧形釋放多個較窄的閃電浪湧，造成部分傷害。||||
subDescStormweaverLightningSurge13|Lightning surge attaches a tether to multiple targets dealing damage over time.||||閃電浪湧將連鎖連接到多個目標上，隨著時間的推移造成傷害。||||
subDescStormweaverLightningSurge14|Unleash a tornado of surging lightning dealing increased damage.||||釋放閃電浪湧的龍捲風，造成更高的傷害。||||
subStormweaverStaticShock01|High Voltage Shock||||高壓衝擊||||
subStormweaverStaticShock02|Uprising Charge||||起義衝鋒||||
subStormweaverStaticShock03|Field of Shock||||衝擊場||||
subStormweaverStaticShock04|Initial Zap||||初始攻擊||||
subStormweaverStaticShock05|Multishock||||多重衝擊||||
subStormweaverStaticShock06|Storms Reach||||風暴襲來||||
subStormweaverStaticShock07|Storm Infused Vains||||風暴灌注虛榮||||
subStormweaverStaticShock08|Lingering Electricity||||徘徊電流||||
subStormweaverStaticShock09|Charged Shock||||震撼充能||||
subStormweaverStaticShock10|Weakening Strike||||削弱之擊||||
subStormweaverStaticShock11|Self Ionization||||自離子化||||
subStormweaverStaticShock12|Leeching Shock||||吸血休克||||
subStormweaverStaticShock13|Thunders Embrace||||雷霆擁抱||||
subStormweaverStaticShock14|Ultimate Static Current||||極限靜態電流||||
subDescStormweaverStaticShock01|Increases the damage dealt by static shock.||||增加靜電衝擊造成的傷害。||||
subDescStormweaverStaticShock02|Decreases the cooldown of static shock.||||減少靜電衝擊的冷卻時間。||||
subDescStormweaverStaticShock03|Increases the area of effect radius of static shock.||||增加靜電衝擊的影響範圍半徑。||||
subDescStormweaverStaticShock04|Static shock shocks monsters with an initial hit dealing increased damage.||||靜電衝擊對怪物的第一次攻擊造成更高的傷害。||||
subDescStormweaverStaticShock05|Chance on cast to unleash an additional static shock.||||施法時有機率釋放額外的靜電衝擊。||||
subDescStormweaverStaticShock06|Increases the maximum cast range of static shock.||||增加靜電衝擊的最大施法範圍。||||
subDescStormweaverStaticShock07|Increases the tick frequency of static shock.||||增加靜電衝擊的傷害頻率。||||
subDescStormweaverStaticShock08|Increases the duration of static shock.||||增加靜電衝擊的持續時間。||||
subDescStormweaverStaticShock09|Chance on cast to increase the damage dealt by static shock.||||施法時有機率增加靜電衝擊造成的傷害。||||
subDescStormweaverStaticShock10|Inflicts lightning break on hit.||||擊中時造成閃電破壞。||||
subDescStormweaverStaticShock11|Static shock follows you with increased duration inflicting statick shock to nearby monsters.||||靜電衝擊會跟著你，持續時間更長，對附近的怪物造成靜電電擊。||||
subDescStormweaverStaticShock12|Chance on tick to restore a portion of your maximum mana dealing increased damage and stunning the target.||||造成傷害時時有機率恢復部分最大法力，造成更高的傷害並擊暈目標。||||
subDescStormweaverStaticShock13|Increases the area of effect radius inflicting stasis on hit.||||增加範圍效果，命中時造成停滯。||||
subDescStormweaverStaticShock14|Chance on tick to unleash a lightning surge towards the target.||||造成傷害時有機率向目標釋放閃電浪湧。||||
subStormweaverStormCloud01|Rapid and Intense Glaciation||||急速強烈作用||||
subStormweaverStormCloud02|Demolishing Discharge||||拆除排放||||
subStormweaverStormCloud03|Storm Conjurer||||風暴召喚師||||
subStormweaverStormCloud04|Shocking Thunder||||震撼雷霆||||
subStormweaverStormCloud05|Destructive Cloudburst||||破壞性暴雨||||
subStormweaverStormCloud06|Maelstorm||||風暴漩渦||||
subStormweaverStormCloud07|Supercell Storm||||超細胞風暴||||
subStormweaverStormCloud08|Heatcharged Lightning||||熱能閃電||||
subStormweaverStormCloud09|Thunder´s Roar||||雷霆咆哮||||
subStormweaverStormCloud10|Homing Tempest||||追蹤風暴||||
subStormweaverStormCloud11|Orbiting Tempest||||風暴軌跡||||
subStormweaverStormCloud12|Storm Front||||風暴前線||||
subStormweaverStormCloud13|Aftershock||||餘震||||
subStormweaverStormCloud14|Apocalyptic Event||||災變事件||||
subDescStormweaverStormCloud01|Increases the tick frequency of storm cloud.||||增加風暴雲的傷害頻率。||||
subDescStormweaverStormCloud02|Increases the damage dealt by storm cloud.||||增加風暴雲造成的傷害。||||
subDescStormweaverStormCloud03|Decreases the mana cost of storm cloud.||||降低風暴雲的法力消耗。||||
subDescStormweaverStormCloud04|Chance to inflict stasis on hit.||||有機率在擊中時造成停滯。||||
subDescStormweaverStormCloud05|Chance to unleash multiple charged bolts on hit.||||擊中時有機率釋放多個充能彈。||||
subDescStormweaverStormCloud06|Increases the area of effect radius of storm cloud.||||增加風暴雲的影響半徑範圍。||||
subDescStormweaverStormCloud07|Increases the duration of storm cloud.||||增加風暴雲的持續時間。||||
subDescStormweaverStormCloud08|Chance to leave the ground on flames on hit dealing damage over time.||||有機率在擊中時使地面著火，隨著時間的推移造成傷害。||||
subDescStormweaverStormCloud09|Chance on cast to unleash an additional storm cloud.||||施法時有機率釋放額外的風暴雲。||||
subDescStormweaverStormCloud10|Storm cloud now slowly moves towards the closest nearby monster.||||風暴雲現在慢慢​​移向附近最近的怪物。||||
subDescStormweaverStormCloud11|Conjure multiple storm clouds orbitting around you.||||召喚多片風暴雲圍繞你旋轉。||||
subDescStormweaverStormCloud12|Unleash a large storm cloud with a chance of striking monsters with lightning bolts dealing heavy damage.||||釋放巨大的風暴雲，有幾率用閃電擊中怪物，造成嚴重傷害。||||
subDescStormweaverStormCloud13|Increases the area of effect radius of storm cloud leaving the ground below charged with electricity dealing damage over time and slowing monsters on hit.||||增加風暴雲的影響半徑區域，使下方的地面充滿電力，隨著時間的推移造成傷害並在擊中時減緩怪物的速度。||||
subDescStormweaverStormCloud14|Chance to unleash apocalyptic thunder on hit dealing additional damage executing targets with life below a threshold.||||有機率在擊中時釋放末日雷霆，對生命低於閾值的目標造成額外傷害。||||
subStormweaverStormBolt01|Bolts of Devastation||||毀滅之箭||||
subStormweaverStormBolt02|Beaming Cast||||釋放光束||||
subStormweaverStormBolt03|Expanding Storm||||擴大風暴||||
subStormweaverStormBolt04|Static Explosion|||靜電爆炸|||||
subStormweaverStormBolt05|Tiny Storms||||小風暴||||
subStormweaverStormBolt06|Surging Colossus|||вздымающийся колосс|湧動巨像|サージングコロッサス|솟구치는 거상 |Aufwallender Koloss|Colosse ondulant|Coloso ondulante|Przypływający Kolos
subStormweaverStormBolt07|Quantity of Power||||電量||||
subStormweaverStormBolt08|Unleash Discharge||||釋放放電||||
subStormweaverStormBolt09|Storm Breeds Storm||||風暴催生風暴||||
subStormweaverStormBolt10|Bouncing Bolts||||彈跳箭||||
subStormweaverStormBolt11|Pulsating Bolt||||脈衝箭||||
subStormweaverStormBolt12|Bouncing Charge||||彈跳電荷||||
subStormweaverStormBolt13|Storm Claw||||風暴之爪||||
subStormweaverStormBolt14|Magnetize||||磁化||||
subDescStormweaverStormBolt01|Increases the damage dealt by storm bolt.||||增加風暴之箭造成的傷害。||||
subDescStormweaverStormBolt02|Increases the projectile speed of storm bolt.||||增加風暴之箭的投射物速度。||||
subDescStormweaverStormBolt03|Increases the projectile size of storm bolt.||||增加風暴之箭的投射物尺寸。||||
subDescStormweaverStormBolt04|Increases the area of effect radius of storm bolt.||||增加風暴之箭的作用半徑範圍。||||
subDescStormweaverStormBolt05|Chance on cast to unleash multiple smaller storm bolts in a barrage.||||施放時有機率以彈幕方式釋放多個較小的風暴之箭。||||
subDescStormweaverStormBolt06|Increases damage dealt to bosses.|||Увеличивает урон, наносимый боссам. |提升對BOSS的傷害。|ボスに対するダメージを増加させる。|보스에게 입히는 피해가 증가합니다. |||
subDescStormweaverStormBolt07|Chance on cast to fire an additional storm bolt.||||施法時有機率發射額外的風暴箭。||||
subDescStormweaverStormBolt08|Chance to pull nearby monsters towards the target on hit dealing increased damage inflicting the target with lightning break.||||有機率在擊中時將附近的怪物拉向目標，造成更高的傷害，並對目標造成閃電破壞。||||
subDescStormweaverStormBolt09|Chance to summon a small storm cloud for a short duration at target location on hit.||||擊中目標位置時有機率在短時間內召喚小型風暴雲。||||
subDescStormweaverStormBolt10|Storm bolts can bounce off of terrain multiple times refreshing its lifetime.||||風暴之箭可以多次從地形上反彈，刷新其持續時間。||||
subDescStormweaverStormBolt11|Unleash a piercing and pulsating storm bolt with increased area of effect radius and damage.||||釋放出具有穿透力和脈衝的風暴之箭，其效果半徑和傷害範圍都會增加。||||
subDescStormweaverStormBolt12|Unleash a piercing storm bolt bouncing between nearby monsters on hit increasing the damage dealt with each bounce.||||釋放一道穿透性的風暴之箭，在擊中時在附近的怪物之間彈跳，增加每次彈跳造成的傷害。||||
subDescStormweaverStormBolt13|Chance to unleash multiple surges of lightning in an arc towards target on hit.||||有機率在擊中目標時以弧形向目標釋放多道閃電。||||
subDescStormweaverStormBolt14|Pull all nearby monsters towards the target on hit causing a large electromagnetic explosion slowing and dealing increased damage.||||擊中時將附近所有怪物拉向目標，造成大型電磁爆炸，減速造成更大傷害。||||
subStormweaverApocalypticThunder01|Voltage Amplification||||放大電壓||||
subStormweaverApocalypticThunder02|Center of the Storm||||風暴中心||||
subStormweaverApocalypticThunder03|Immobilizing Thunderstrike||||定身雷擊||||
subStormweaverApocalypticThunder04|Speed of Sound||||音速||||
subStormweaverApocalypticThunder05|Spontanious Rupture||||自發破裂||||
subStormweaverApocalypticThunder06|Conjurers Skill||||魔術技能||||
subStormweaverApocalypticThunder07|Horizontal Travel||||傳導地平線||||
subStormweaverApocalypticThunder08|Shocking Lightningstrike||||震撼雷擊||||
subStormweaverApocalypticThunder09|30000 Degrees||||30000度||||
subStormweaverApocalypticThunder10|Fracturing Thunder||||破碎雷霆||||
subStormweaverApocalypticThunder11|Lightning Rod||||避雷針||||
subStormweaverApocalypticThunder12|Symphony of the Storm||||風暴交響曲||||
subStormweaverApocalypticThunder13|Lethal Voltage||||致命電壓||||
subStormweaverApocalypticThunder14|Superstorm||||超級風暴||||
subDescStormweaverApocalypticThunder01|Increases the damage dealt by apocalyptic thunder.||||增加末日雷霆造成的傷害。||||
subDescStormweaverApocalypticThunder02|Decreases the mana cost of apocalyptic thunder.||||降低末日雷霆的法力消耗。||||
subDescStormweaverApocalypticThunder03|Chance to stun monsters on hit.||||擊中時有機率擊暈怪物。||||
subDescStormweaverApocalypticThunder04|Increases the area of effect radius of apocalyptic thunder.||||增加末日雷霆的影響半徑範圍。||||
subDescStormweaverApocalypticThunder05|Chance to unleash an additional apocalyptic thunder on hit.||||擊中時有機率釋放額外的末日雷霆。||||
subDescStormweaverApocalypticThunder06|Decreases movement diminish when using apocalyptic thunder.||||減少使用末日雷霆時，移動速度降低的效果。||||
subDescStormweaverApocalypticThunder07|Increases the maximum cast range of apocalyptic thunder.||||增加末日雷霆的最大施法範圍。||||
subDescStormweaverApocalypticThunder08|Chance to inflict lightning break on hit.||||擊中時有機率造成閃電破壞。||||
subDescStormweaverApocalypticThunder09|Chance to inflict burning on hit.||||擊中時有機率造成燃燒。||||
subDescStormweaverApocalypticThunder10|Increases damage dealt to stunned and burning targets.||||增加對暈眩和燃燒目標造成的傷害。||||
subDescStormweaverApocalypticThunder11|Chance on cast to unleash a chain of shrinking apocalyptic thunders on hit.||||施法時有機率釋放一連串不斷縮小的末日雷霆。||||
subDescStormweaverApocalypticThunder12|Apocalyptic thunder strikes multiple times dealing less damage with every strike. Apocalyptic thunder now has a cooldown.||||末日雷霆會多次攻擊，每次攻擊造成的傷害較少。末日雷霆現在有冷卻時間。||||
subDescStormweaverApocalypticThunder13|Inflicts stasis and lightning break on hit.||||擊中時造成停滯和閃電破壞。||||
subDescStormweaverApocalypticThunder14|Unleash a nova of lightning knocking enemies back with increased damage.||||釋放一道閃電新星，將敵人擊退並增加傷害。||||
subBardSlayingRiffs01|Multipicking||Seleção múltipla |Мультипикинг|多重撥動|マルチピッキング|멀티픽킹|Mehrfachkommissionierung |Cueillette multiple 
subBardSlayingRiffs02|Heavy Notes||Notas Pesadas|Тяжелые ноты|厚重音符|ヘヴィノーツ|헤비 노트|Harte Töne|Notes lourdes
subBardSlayingRiffs03|Breaking The Soundbarrier||Quebrando a Barreira Sonora|Преодоление звукового барьера|突破音屏|パラライズィングボリューム|브래이킹 사운드배리어|Die Schallmauer durchbrechen|Briser le mur du son
subBardSlayingRiffs04|Picking Skills||Habilidades de Palhetada|Навыки игры медиатором|撥弦技巧|ピッキングスキルズ|픽킹 스킬|Zupftechnik|Techniques de picking
subBardSlayingRiffs05|Widened Amplifiers||Amplificadores Ampliados|Расширенные усилители|大型擴音器|ワイデンドアンプリファイアーズ|확장된 앰프|Verbreitete Verstärker|Amplificateurs élargis
subBardSlayingRiffs06|Stage Agility||Agilidade no Palco|Сценическая ловкость|舞台靈敏|ステージアジリティ|무대 민첩성|Bühnentauglichkeit|Agilité sur scène
subBardSlayingRiffs07|Ear Penetration||Penetração Auditiva|Проникновение в уши|穿透耳朵|イヤーペネトレーション|귀 관통|Gehördurchdringung|Pénétration auditive
subBardSlayingRiffs08|Splitting Sound||Som Dividido|Разрывающий звук|分裂音效|スプリッティングサウンド|분열하는 소리|Spaltender Klang|Son fracassant
subBardSlayingRiffs09|Burning Acoustics||Acústica Ardente|Горящая акустика|燃燒聲波|バーニングアコースティックス|불타는 음향|Brennende Akustik|Acoustique brûlante
subBardSlayingRiffs10|Paralyzing Volume||Volume Paralisante|Парализующая громкость|麻痺音量|ブレーキングザサウンドバリア|마비 볼륨|Lähmende Lautstärke|Volume paralysant
subBardSlayingRiffs11|Bursting Sound||Som Explosivo|Взрывной звук|爆裂音效|バースティングサウンド|폭발하는 소리|Burstender Klang|Son éclatant
subBardSlayingRiffs12|Echoing Sound Wall||Parede Sonora Ecoante|Эхом отдающаяся стена звука|回音牆|エコーイングサウンドウォール|울려 퍼지는 소리 벽|Hallende Klangwand|Mur sonore résonnant
subBardSlayingRiffs13|Satanic Notes||Notas Satânicas|Сатанинские ноты|撒旦音符|サタニックノーツ|사탄 노트|Satanische Töne|Notes sataniques
subBardSlayingRiffs14|Symphony of Destruction||Sinfonia da Destruição |Симфония разрушения |毀滅交響樂 |シンフォニーオブデストラクション|파괴의 교향곡|Symphonie der Zerstörung |Symphonie de destruction 
subDescBardSlayingRiffs01|Increases the projectile amount of slaying riffs.||Aumenta a quantidade de projéteis de riffs letais.|Увеличивает количество снарядов убийственных риффов.|增加殺戮演奏的投射物數量。|スレイングリフの投射物数を増加させる。|슬레잉 리프의 투사체 양을 증가시킵니다.|Erhöht die Projektilmenge von Tötungsriffs.|Augmente la quantité de projectiles des riffs tueurs.
subDescBardSlayingRiffs02|Increases the damage dealt by slaying riffs.||Aumenta o dano causado por riffs letais.|Увеличивает урон, наносимый убийственными риффами.|增加殺戮演奏的傷害。|スレイングリフのダメージを増加させる。|슬레잉 리프가 입히는 피해를 증가시킵니다.|Erhöht den durch Tötungsriffs verursachten Schaden.|Augmente les dégâts infligés par les riffs tueurs.
subDescBardSlayingRiffs03|Increases the projectile speed of slaying riffs.||Aumenta a velocidade de projéteis de riffs letais.|Увеличивает скорость снарядов убийственных риффов.|增加殺戮演奏的投射物速度。|スレイングリフの投射速度を増加させる。|슬레잉 리프의 투사체 속도를 증가시킵니다.|Erhöht die Projektilgeschwindigkeit von Tötungsriffs.|Augmente la vitesse des projectiles des riffs tueurs.
subDescBardSlayingRiffs04|Increases cast rate when using slaying riffs.||Aumenta a taxa de conjuração ao usar riffs letais.|Увеличивает скорость каста при использовании убийственных риффов.|增加殺戮演奏的施法速度。|スレイングリフ使用時の詠唱速度を増加させる。|슬레잉 리프를 사용할 때 시전 속도를 증가시킵니다.|Erhöht die Zauberrate bei Tötungsriffs.|Augmente la vitesse d'incantation lors de l'utilisation de riffs tueurs.
subDescBardSlayingRiffs05|Increases the size of slaying riffs.||Aumenta o tamanho dos riffs letais.|Увеличивает размер убийственных риффов.|增加殺戮演奏的大小。|スレイングリフのサイズを増加させる。|슬레잉 리프의 크기를 증가시킵니다.|Erhöht die Größe von Tötungsriffs.|Augmente la taille des riffs tueurs.
subDescBardSlayingRiffs06|Decreases movement diminish when using slaying riffs.||Diminui a redução de movimento ao usar riffs letais.|Уменьшает замедление движения при использовании убийственных риффов.|減少使用殺戮演奏時，移動速度降低的效果。|スレイングリフ使用時の移動減少を減少させる。|슬레잉 리프를 사용할 때 이동 감소가 줄어듭니다.|Verringert die Bewegungseinschränkung bei Tötungsriffs.|Diminue la diminution de mouvement lors de l'utilisation de riffs tueurs.
subDescBardSlayingRiffs07|Chance to inflict lightning break on hit.||Chance de infligir quebra de raio ao acertar.|Вероятность вызвать разрыв молнии при попадании.|命中時有機率造成閃電破壞。|命中時にライトニングブレイクを付与するチャンス。|타격 시 라이트닝 브레이크를 가할 확률.|Chance, bei Treffer einen Blitzbruch zu verursachen.|Chances d'infliger un éclair à l'impact.
subDescBardSlayingRiffs08|Chance for notes to split in two on hit.||Chance de notas se dividirem em duas ao acertar.|Вероятность разделения нот на две при попадании.|命中時有機率使音符一分為二。|命中時にノーツが2つに分裂するチャンス。|타격 시 음표가 둘로 갈라질 확률.|Chance, dass Noten bei Treffer in zwei Teile zerfallen.|Chances de division des notes à l'impact.
subDescBardSlayingRiffs09|Chance to inflict stasis on hit.||Chance de infligir estase ao acertar.|Вероятность вызвать стазис при попадании.|命中時有機率造成停滯效果。|命中時にスタシスを付与するチャンス。|타격 시 그림자 감전을 가할 확률.|Chance, bei Treffer Stasis zu verursachen.|Chances de stase à l'impact.
subDescBardSlayingRiffs10|Increases damage dealt to monsters inflicted with stasis.||Aumenta o dano causado a monstros afetados por estase.|Увеличивает урон, наносимый монстрам, пораженным стазисом.|增加對受到停滯狀態的目標傷害。|スタシス状態のモンスターに与えるダメージを増加させる。|그림자 화상 대상에게 입히는 피해를 증가시킵니다.|Erhöht den Schaden an Monstern, die von Stasis betroffen sind.|Augmente les dégâts infligés aux monstres affectés par la stase.
subDescBardSlayingRiffs11|Unleash a single note exploding into multiple notes on hit dealing increased damage.||Libera uma única nota, explodindo em múltiplas notas ao acertar, causando dano aumentado.|Выпустит одну ноту, которая взрывается на несколько нот при попадании, нанося повышенный урон.|釋放一個音符，擊中後爆炸成多個音符，造成更大的傷害。|命中時に1つのノートが爆発し複数ノートに分裂し、増加ダメージを与える。|타격 시 여러 개의 음표로 폭발하는 단일 음표를 방출하여 데미지를 증가시킵니다.|Entfesselt eine einzelne Note, die bei Treffer in mehrere Noten explodiert und erhöhten Schaden verursacht.|Déclenche une note unique qui explose en plusieurs notes à l'impact, infligeant des dégâts accrus.
subDescBardSlayingRiffs12|Unleash the notes in an arc bouncing off terrain dealing increased damage.||Libera as notas em um arco, ricocheteando no terreno, causando dano aumentado.|Выпустит ноты по дуге, отскакивая от местности, нанося повышенный урон.|以扇形釋放音符，在地形上反彈，造成更大傷害。|弧状にノートを放ち、地形に跳ね返り増加ダメージを与える。|지형에서 팅기며 호를 그리는 음표를 방출합니다.|Entfesselt die Noten in einem Bogen, der vom Gelände abprallt und erhöhten Schaden verursacht.|Déclenche les notes en arc de cercle, rebondissant sur le terrain, infligeant des dégâts accrus.
subDescBardSlayingRiffs13|Pull nearby monsters towards target on hit unleashing a sonar pulse.||Atrai monstros próximos em direção ao alvo ao acertar, liberando um pulso de sonar.|Притягивает близлежащих монстров к цели при попадании, высвобождая сонарный импульс.|擊中目標時將附近的怪物拉向目標並釋放聲納脈衝。|命中時に近くのモンスターを引き寄せ、ソナーパルスを放つ。|타격 시 근처 몬스터를 대상 쪽으로 끌어당기고 소나 펄스를 방출합니다.|Zieht nahe Monster bei Treffer zum Ziel und löst einen Sonarimpuls aus.|Attire les monstres proches vers la cible à l'impact, déclenchant une impulsion sonar.
subDescBardSlayingRiffs14|Increases the projectile amount and cast radius of slaying riffs.||Aumenta a quantidade de projéteis e o raio de conjuração de riffs letais. |Увеличивает количество снарядов и радиус применения убийственных риффов. |增加殺戮演奏的投射物數量和施法範圍。 |スレイングリフの投射物数と詠唱範囲を増加させる。|슬레잉 리프의 투사체 수와 시전 반경을 증가시킵니다.|Erhöht die Projektilmenge und den Zauberradius von Tötungsriffs. |Augmente la quantité de projectiles et le rayon d'incantation des riffs tueurs. 
subBardVisceralGrowl01|Amplified Sound||Som Amplificado|Усиленный звук|擴音|アンプリファイドサウンド|증폭된 사운드|Verstärkter Klang|Son amplifié
subBardVisceralGrowl02|Vocal Echo||Eco Vocal|Вокальное эхо|人聲回音|ボーカルエコー|보컬 에코|Stimmecho|Écho vocal
subBardVisceralGrowl03|Octavism||Octavismo|Октавизм|八度|スタッタリングフリークエンシー|옥타비즘|Oktavismus|Octavisme
subBardVisceralGrowl04|Acoustic Piercing||Piercing Acústico|Акустический пирсинг|聲波穿透|アコースティックピアシング|음향 관통|Akustisches Piercing|Perçage acoustique
subBardVisceralGrowl05|Sound Weight||Peso Sonoro|Звуковой вес|聲音重量|サウンドウェイト|사운드 중량|Klanggewicht|Poids du son
subBardVisceralGrowl06|After Growl||Rosnado Pós-Rosnado|После рычания|咆哮之後|アフターグラウル|애프터 그로울|Nach dem Knurren|Après un grognement
subBardVisceralGrowl07|Reaching Roar||Rugido Alcançante|Достижение рёва|達到咆哮|リーチングロアー|도달하는 포효|Brüllen|Rugissement atteignable
subBardVisceralGrowl08|Vocal Therapy||Terapia Vocal|Вокальная терапия|聲音治療|ボーカルセラピー|보컬 테라피|Stimmtherapie|Thérapie vocale
subBardVisceralGrowl09|Trembling Growl||Rosnado Trêmulo|Дрожащее рычание|顫抖咆哮|トレンブリンググラウル|떨리는 그로울|Zitterndes Knurren|Grognement tremblant
subBardVisceralGrowl10|Stuttering Frequency||Frequência Gaguejante|Частота заикания|斷斷續續的頻率|オクタヴィズム|더듬는 주파수|Stotterfrequenz|Fréquence du bégaiement
subBardVisceralGrowl11|Echo in the Darkness||Eco na Escuridão|Эхо в темноте|黑暗中的迴聲|エコーインザダークネス|어둠 속의 메아리|Echo in der Dunkelheit|Écho dans l'obscurité
subBardVisceralGrowl12|Vocal Concentration||Concentração Vocal|Вокальная концентрация|集中聲音|ボーカルコンセントレーション|보컬 집중|Stimmkonzentration|Concentration vocale
subBardVisceralGrowl13|Tinnitus||Zumbido|Шум в ушах|耳鳴|ティナイタス|이명|Tinnitus|Acouphènes
subBardVisceralGrowl14|Unleash The Metal||Liberte o Metal |Освобождение металла |釋放金屬|アンリーシュザメタル|메탈을 해방하라|Entfesselt das Metall |Libérez le métal 
subDescBardVisceralGrowl01|Increases the damage dealt by visceral growl.||Aumenta o dano causado pelo Rosnado Visceral.|Увеличивает урон от висцерального рычания.|增加本能咆哮造成的傷害。|ビセラルグラウルのダメージを増加させる。|비서럴 그로울로 입히는 피해를 증가시킵니다.|Erhöht den Schaden von viszeralem Knurren.|Augmente les dégâts infligés par le grognement viscéral.
subDescBardVisceralGrowl02|Increases the area of effect radius of visceral growl.||Aumenta o raio da área de efeito do Rosnado Visceral.|Увеличивает радиус области действия висцерального рычания.|增加本能咆哮的效果範圍。|ビセラルグラウルの効果範囲半径を増加させる。|비서럴 그로울의 효과 반경을 증가시킵니다.|Vergrößert den Wirkungsbereich von viszeralem Knurren.|Augmente la zone d'effet du grognement viscéral.
subDescBardVisceralGrowl03|Chance to critically hit dealing increased critical strike damage.||Chance de acerto crítico, causando dano de acerto crítico aumentado.|Вероятность критического удара, наносящего повышенный урон от критического удара.|有機率造成暴擊，並增加暴擊傷害。|命中時にスタシスを付与するチャンス。|치명타를 적중시킬확률이 있고 치명타 데미지가 증가합니다.|Chance auf kritische Treffer mit erhöhtem kritischem Schaden.|Chances de coup critique, infligeant des dégâts critiques accrus.
subDescBardVisceralGrowl04|Chance to unleash a chain lightning from target on hit.||Chance de liberar uma corrente de raios do alvo ao acertar.|Вероятность выпустить цепную молнию из цели при ударе.|命中目標時有機率釋放連鎖閃電。|命中時に対象からチェインライトニングを放つチャンス。|타격 시 대상에게서 연쇄 번개를 방출할 확률.|Chance, bei Treffer einen Kettenblitz vom Ziel zu entfesseln.|Chances de déclencher une chaîne d'éclairs depuis la cible touchée.
subDescBardVisceralGrowl05|Chance on hit to knock monsters back dealing increased damage.||Chance de repelir monstros ao acertar, causando dano aumentado.|Вероятность при ударе отбросить монстров назад, нанося повышенный урон.|命中怪物時有機率擊退怪物，並提升傷害。|命中時にモンスターをノックバックさせ、増加ダメージを与えるチャンス。|타격 시 몬스터를 뒤로 밀어내어 증가된 피해를 입힙니다.|Chance, bei Treffer Monster zurückzustoßen und erhöhten Schaden zu verursachen.|Chances de repousser les monstres en cas de coup, infligeant des dégâts accrus.
subDescBardVisceralGrowl06|Chance on cast to unleash an additional fast and powerful growl.||Chance de liberar um Rosnado adicional rápido e poderoso ao conjurar.|Вероятность при применении выпустить дополнительный быстрый и мощный рык.|施法時有機率額外施放一次快又強的咆哮。|発動時に追加の高速で強力なグラウルを放つチャンス。|시전 시 추가로 빠르고 강력한 그로울을 방출할 확률.|Chance, beim Wirken ein zusätzliches schnelles und kraftvolles Knurren zu entfesseln.|Chances de déclencher un grognement rapide et puissant supplémentaire lors de l'incantation.
subDescBardVisceralGrowl07|Increases the range of visceral growl.||Aumenta o alcance do Rosnado Visceral.|Увеличивает дальность висцерального рычания.|提升本能咆哮的施法距離。|ビセラルグラウルの射程を増加させる。|비서럴 그로울의 범위를 증가시킵니다.|Vergrößert die Reichweite von viszeralem Knurren.|Augmente la portée du grognement viscéral.
subDescBardVisceralGrowl08|Increases damage dealt to targets inflicted by stasis.||Aumenta o dano causado a alvos infligidos por estase.|Увеличивает урон, наносимый целям, нанесенным стазисом.|增加對受到停滯狀態的目標傷害。|スタシス状態の対象に与えるダメージを増加させる。|감전 상태에 걸린 대상에게 입히는 피해를 증가시킵니다.|Erhöht den Schaden an Zielen, die von Stasis betroffen sind.|Augmente les dégâts infligés aux cibles affectées par la stase.
subDescBardVisceralGrowl09|Chance to unleash piercing notes towards target on hit.||Chance de liberar notas penetrantes em direção ao alvo ao acertar.|Вероятность выпустить пронзительные ноты в сторону цели при ударе.|有機會在擊中目標時釋放出刺耳的音符。|命中時に対象に向けて貫通ノートを放つチャンス。|타격 시 대상을 향해 관통하는 음표를 방출할 확률.|Chance, bei Treffer durchdringende Töne auf das Ziel loszulassen.|Chances de déclencher des notes perçantes vers la cible touchée.
subDescBardVisceralGrowl10|Chance to inflict stasis on hit.||Chance de infligir estase ao acertar.|Вероятность вызвать стазис при ударе.|擊中時有一定機率造成停滯。|クリティカルヒットのチャンスを増加させ、クリティカルダメージを増加させる。|타격시 감전을 유발할 확률이 있습니다.|Chance, bei Treffer Stasis zu verursachen.|Chances d'infliger la stase en cas de coup.
subDescBardVisceralGrowl11|Unleash a shockwave of visceral growls towards target location.||Libera uma onda de choque de Rosnados Viscerais em direção ao local alvo.|Выпустить ударную волну висцеральных рыков в сторону цели.|本能咆哮向目標位置釋放一股衝擊波。|対象地点に向けてビセラルグラウルの衝撃波を放つ。|대상 위치로 비서럴 그로울의 충격파를 방출합니다.|Entfesselt eine Schockwelle aus viszeralem Knurren auf das Ziel.|Déclenche une onde de choc de grognements viscéraux vers la cible.
subDescBardVisceralGrowl12|Unleash a narrow growl with increased length dealing increased damage and stunning targets on hit.||Libera um Rosnado estreito com comprimento aumentado, causando dano aumentado e atordoando alvos ao acertar.|Выпустить узкий рык с увеличенной длиной, наносящий повышенный урон и оглушающий цели при ударе.|發出一聲長度增加的狹窄咆哮，造成更大傷害，擊中目標時使其暈眩。|長さが増加した狭いグラウルを放ち、増加ダメージと命中時のスタン効果を与える。|길이가 긴 좁은 그로울을 방출하여 피해가 증가하고 적중 시 대상을 기절시킵니다.|Entfesselt ein schmales, langgezogenes Knurren, das erhöhten Schaden verursacht und Ziele bei Treffer betäubt.|Déclenche un grognement étroit et plus long, infligeant des dégâts accrus et étourdissant les cibles touchées.
subDescBardVisceralGrowl13|Increases the proc chance of stuttering frequency increasing the damage and tick frequency of stasis.||Aumenta a chance de ativação da frequência de travamento, aumentando o dano e a frequência de tiques do Estase.|Увеличивает вероятность срабатывания частоты заикания, увеличивая урон и частоту тиков стазиса.|增加斷斷續續的頻率的觸發機率，以及增加停滯的傷害和傷害頻率。|スタッタリングフリークエンシーの発動確率を増加させ、スタシスのダメージと発生頻度を増加させる。|스터터링 프리퀀시의 발동 확률이 증가하며, 감전의 데미지와 틱 빈도가 증가합니다.|Erhöht die Auslösechance der Stotternfrequenz, wodurch Schaden und Tickfrequenz von Stasis erhöht werden.|Augmente les chances de déclenchement de la fréquence saccadée, augmentant les dégâts et la fréquence des tics de la stase.
subDescBardVisceralGrowl14|Increases the area of effect radius of visceral growl knocking monsters back with force dealing increased damage.||Aumenta o raio da área de efeito do Rosnado Visceral, repelindo monstros com força, causando dano aumentado. |Увеличивает радиус действия зверского рыка, отбрасывая монстров назад с силой и нанося повышенный урон. |增加本能咆哮的效果範圍，並擊退怪物，造成更大的傷害。 |ビセラルグラウルの効果範囲を増加させ、モンスターをノックバックさせ増加ダメージを与える。|비서럴 그로울의 효과 반경이 증가하여 몬스터를 힘으로 뒤로 밀어내며 피해가 증가합니다.|Erhöht den Wirkungsbereichsradius des viszeralen Knurrens, wodurch Monster mit Kraft zurückgestoßen werden und mehr Schaden verursacht wird. |Augmente la zone d'effet du grognement viscéral, repoussant les monstres avec force, infligeant des dégâts accrus. 
subBardSacrilegiousSymphony01|Marked By The Devil||Marcado pelo Diabo|Отмеченный Дьяволом|魔鬼印記|マークドバイザデビル|악마의 표식|Vom Teufel gezeichnet|Marqué par le Diable
subBardSacrilegiousSymphony02|Echoing Riffs||Riffs Ecoantes|Эхом риффы|反覆的回聲演奏|エコーイングリフ|울려 퍼지는 리프|Hallende Riffs|Riffs résonnants
subBardSacrilegiousSymphony03|Scorching Riffs||Riffs Escaldantes|Жгучие риффы|反覆的灼熱演奏|スコーチングリフ|타오르는 리프|Sengende Riffs|Riffs brûlants
subBardSacrilegiousSymphony04|Blasting Soundwave||Onda Sonora Explosiva|Взрывная звуковая волна|爆破聲波|ブラスティングサウンドウェーブ|폭발하는 음파|Brennende Schallwelle|Onde sonore explosive
subBardSacrilegiousSymphony05|Free Will||Livre-Arbítrio|Свободная воля|自由意志|フリーウィル|자유 의지|Freier Wille|Libre arbitre
subBardSacrilegiousSymphony06|Trembling Symphony||Sinfonia Trêmula|Дрожащая симфония|顫抖交響曲|トレンブリングシンフォニー|떨리는 교향곡|Zitternde Symphonie|Symphonie tremblante
subBardSacrilegiousSymphony07|Increased Tempo||Tempo Acelerado|Ускоренный темп|加快節奏|インクリースドテンポ|빠른 템포|Erhöhtes Tempo|Tempo accéléré
subBardSacrilegiousSymphony08|Symphony of Anxiety||Sinfonia da Ansiedade|Симфония тревоги|焦慮交響曲|シンフォニーオブアングザエティ|불안의 교향곡|Symphonie der Angst|Symphonie de l'anxiété
subBardSacrilegiousSymphony09|Double the Satisfaction||Satisfação em Dobro|Удвоение удовлетворения|雙倍滿足|ダブルザサティスファクション|이중 쾌감|Doppelte Befriedigung|Double satisfaction
subBardSacrilegiousSymphony10|Static Symphony||Sinfonia Estática|Статическая симфония|靜態交響曲|スタティックシンフォニー|감전 교향곡|Statische Symphonie|Symphonie statique
subBardSacrilegiousSymphony11|Sacrilegious Encore||Bis Sacrilégio|Кощунственный бис|再次褻瀆|サクリリジャスアンコール|신성 모독적인 앙코르|Sakrilegische Zugabe|Bis sacrilège
subBardSacrilegiousSymphony12|Symphony of Destruction||Sinfonia da Destruição|Симфония разрушения|毀滅交響曲|シンフォニーオブデストラクション|파괴의 교향곡|Symphonie der Zerstörung|Symphonie de la destruction
subBardSacrilegiousSymphony13|Pulling the Crowd||Arrastando a Multidão|Притягивая толпу|吸引人潮|群衆を引き寄せる|군중을 끌어당기기|Die Menge mitreißend|Attirer la foule
subBardSacrilegiousSymphony14|Spiraling to Insanity||Espiral para a Insanidade |Спираль к безумию |陷入瘋狂 |スパイラリングトゥインサニティ|미쳐 날뛰다|In den Wahnsinn abdriftend |Spirale vers la folie 
subDescBardSacrilegiousSymphony01|Increases the damage dealt by sacrilegious symphony.||Aumenta o dano causado pela Sinfonia Sacrilégia.|Увеличивает урон, наносимый святотатственной симфонией.|增加褻瀆交響曲造成的傷害。|サクリリジャスシンフォニーのダメージを増加させる。|새크릴리저스 심포니로 입히는 피해량을 증가시킵니다.|Erhöht den Schaden der Sakrilegischen Symphonie.|Augmente les dégâts infligés par Symphonie sacrilège.
subDescBardSacrilegiousSymphony02|Increases the area of effect radius of sacrilegious symphony.||Aumenta o raio da área de efeito da Sinfonia Sacrilégia.|Увеличивает радиус области действия святотатственной симфонии.|增加褻瀆交響曲的效果範圍。|サクリリジャスシンフォニーの効果範囲半径を増加させる。|신성 모독적인 교향곡의 효과 반경을 증가시킵니다.|Vergrößert den Wirkungsbereich der Sakrilegischen Symphonie.|Augmente le rayon d'effet de Symphonie sacrilège.
subDescBardSacrilegiousSymphony03|Chance to inflict stasis on hit.||Chance de infligir estase ao acertar.|Вероятность вызвать стазис при ударе.|命中時有機率造成停滯狀態。|命中時にスタシスを付与するチャンス。|타격 시 감전 상태를 부여할 확률|Chance auf Stasis bei Treffer.|Chances d'infliger une stase à l'impact.
subDescBardSacrilegiousSymphony04|Chance to critically hit with increased critical strike damage.||Chance de causar acerto crítico com dano de acerto crítico aumentado.|Вероятность нанести критический удар с увеличенным критическим уроном.|有機率造成暴擊，並增加暴擊傷害。|クリティカルヒットのチャンスを増加させ、クリティカルダメージを増加させる。|치명타 확률이 증가하고 치명타 데미지가 증가합니다.|Chance auf kritischen Treffer mit erhöhtem kritischem Schaden.|Chances de coup critique avec des dégâts de coup critique accrus.
subDescBardSacrilegiousSymphony05|Increases your movement speed for a short duration when casting sacrilegious symphony.||Aumenta sua velocidade de movimento por um curto período ao conjurar a Sinfonia Sacrilégia.|Увеличивает скорость передвижения на короткое время при применении святотатственной симфонии.|施展褻瀆交響曲時，短時間內提高你的移動速度。|サクリリジャスシンフォニー詠唱時の移動減少を軽減する。|새크릴리저스 심포니 시전 시 잠시 동안 이동 속도가 증가합니다.|Erhöht beim Wirken der Sakrilegischen Symphonie kurzzeitig eure Bewegungsgeschwindigkeit.|Augmente votre vitesse de déplacement pendant une courte durée lorsque vous lancez Symphonie sacrilège.
subDescBardSacrilegiousSymphony06|Chance to stun monsters on hit dealing increased damage.||Chance de atordoar monstros ao acertar, causando dano aumentado.|Вероятность оглушить монстров при ударе, нанося увеличенный урон.|命中時有機率暈眩怪物，並造成更多傷害。|命中時にモンスターをスタンさせ、増加ダメージを与えるチャンス。|명중 시 몬스터를 기절시키고 추가 데미지를 입힐 확률이 있습니다.|Chance, Monster bei Treffer zu betäuben und so erhöhten Schaden zu verursachen.|Chances d'étourdir les monstres à l'impact, infligeant des dégâts accrus.
subDescBardSacrilegiousSymphony07|Decreases the cooldown of sacrilegious Symphony||Diminui o tempo de recarga da Sinfonia Sacrilégia.|Уменьшает время восстановления святотатственной симфонии|減少褻瀆交響曲的冷卻時間|サクリリジャスシンフォニーのクールダウンを減少させる。|새크릴리저스 심포니의 쿨다운이 감소합니다.|Verringert die Abklingzeit der Sakrilegischen Symphonie.|Diminue le temps de recharge de Symphonie sacrilège.
subDescBardSacrilegiousSymphony08|Increases the activation time of sacrilegious symphony.||Aumenta o tempo de ativação da Sinfonia Sacrilégia.|Увеличивает время активации святотатственной симфонии.|增加褻瀆交響曲的持續時間。|サクリリジャスシンフォニーの発動時間を増加させる。|새크릴리저스 심포니의 발동 시간이 증가합니다.|Verlängert die Aktivierungszeit der Sakrilegischen Symphonie.|Augmente le temps d'activation de Symphonie sacrilège.
subDescBardSacrilegiousSymphony09|Chance on cast to deal double damage||Chance de causar o dobro de dano ao conjurar|Вероятность нанести двойной урон при применении|施法時有幾率造成雙倍傷害|発動時にダブルダメージを与えるチャンス。|시전 시 일정 확률로 두 배의 데미지를 입힙니다.|Chance auf doppelten Schaden beim Wirken.|Chances d'infliger le double de dégâts à l'impact.
subDescBardSacrilegiousSymphony10|Increases damage dealt to targets inflicted by stasis||Aumenta o dano causado a alvos infligidos por estase.|Увеличивает урон, наносимый целям, наносимым стазисом|增加對受到停滯狀態的目標傷害|スタシス状態の対象に与えるダメージを増加させる。|스테이시스 상태의 적에게 주는 데미지가 증가합니다.|Erhöht den Schaden an Zielen, die von Stasis betroffen sind.|Augmente les dégâts infligés aux cibles affectées par la stase.
subDescBardSacrilegiousSymphony11|Sacrilegious symphony now echoes additional times with increased area of effect radius.||A Sinfonia Sacrilégia agora ecoa mais vezes com raio da área de efeito aumentado.|Святотатственная симфония теперь отражается дополнительное количество раз с увеличенным радиусом области действия.|褻瀆交響曲現在會迴響更多次，效果範圍也會增加。|サクリリジャスシンフォニーが追加で複数回反響し、効果範囲を増加させる。|새크릴리저스 심포니가 추가로 여러 번 울려 퍼지며 광역 범위가 증가합니다.|Die Sakrilegische Symphonie hallt jetzt mehrmals wider und hat einen größeren Wirkungsbereich.|Symphonie sacrilège résonne désormais plus souvent avec un rayon d'effet accru.
subDescBardSacrilegiousSymphony12|Unleash a massive shockwave knocking monsters up causing them to deal area of effect damage when landing.||Libera uma onda de choque massiva que arremessa monstros para cima, causando dano em área de efeito ao pousar.|Выпускает мощную ударную волну, подбрасывая монстров, заставляя их наносить урон по области действия при приземлении.|釋放巨大的衝擊波，將怪物擊飛，使其落地時造成範圍傷害。|巨大な衝撃波を放ち、モンスターを吹き飛ばし、着地時に範囲ダメージを与える。|강력한 충격파를 방출하여 몬스터를 공중으로 띄우고, 착지 시 광역 데미지를 입힙니다.|Entfesselt eine gewaltige Schockwelle, die Monster in die Luft schleudert und ihnen beim Aufprall Flächenschaden zufügt.|Déclenche une onde de choc massive qui projette les monstres vers vous et leur inflige des dégâts de zone à l'atterrissage.
subDescBardSacrilegiousSymphony13|Pull nearby monsters towards you when casting and stunning them for a short while.||Puxa monstros próximos em sua direção ao conjurar e atordoa-os por um curto período.|Притягивает к себе ближайших монстров при применении и оглушает их на короткое время.|施法時將附近的怪物拉向你，並使其短暫暈眩。|詠唱時に近くのモンスターを引き寄せ、短時間スタンさせる。|시전 시 주변 몬스터를 끌어당기고 짧은 시간 동안 기절시킵니다.|Zieht Monster in der Nähe beim Wirken zu euch heran und betäubt sie kurzzeitig.|Attire les monstres proches vers vous lors de l'incantation et les étourdit brièvement.
subDescBardSacrilegiousSymphony14|Unleash multiple piercing notes orbitting around you dealing increased damage.||Libera múltiplas notas penetrantes orbitando ao seu redor, causando dano aumentado. |Выпустите несколько пронзительных нот, вращающихся вокруг вас и наносящих повышенный урон. |釋放多個刺耳的音符圍繞著你旋轉，造成更大的傷害。 |自身の周囲に複数の貫通ノートを放ち、増加ダメージを与える。|주변에 여러 개의 관통 음표를 소환하여 궤도를 따라 돌며 데미지를 입힙니다.|Entfesseln Sie mehrere durchdringende Töne, die um Sie herum kreisen und erhöhten Schaden verursachen. |Déclenche plusieurs notes perçantes en orbite autour de vous, infligeant des dégâts accrus. 
subBardProgeniesOfTheGreatCataclysm01|Black Metals Reach||Metais Pretos Alcançam|Распространение блэк-метала |觸及黑色金屬|ブラックメタルズリーチ|블랙 메탈 리치|Schwarze Metalle erreichen|Métaux noirs
subBardProgeniesOfTheGreatCataclysm02|Stage OSHA Violation||Estágio de Violação da OSHA|Нарушение OSHA на этапе|違反 (OSHA) 規範|ステージOSHAバイオレーション|OSHA 위반 단계|Stufen-OSHA-Verstoß|Niveau de violation OSHA
subBardProgeniesOfTheGreatCataclysm03|Longer Cord||Cabo Mais Longo|Более длинный шнур|加長電線|ロングカー|긴 코드|Längeres Kabel|Cordon plus long
subBardProgeniesOfTheGreatCataclysm04|The Sound of Darkness||O Som da Escuridão|Звук тьмы|黑暗之聲|ザサウンドオブダークネス|어둠의 소리|Der Klang der Dunkelheit|Le son des ténèbres
subBardProgeniesOfTheGreatCataclysm05|Amping Up The Metal||Amplificando o Metal|Усиление металла|增強金屬感|アンピングアップザメタル|금속 증폭|Das Metall wird verstärkt|Amplification du métal
subBardProgeniesOfTheGreatCataclysm06|Penetrating Soundwaves||Ondas Sonoras Penetrantes|Проникающие звуковые волны|穿透聲波|ペネトレイティングサウンドウェーブズ|관통하는 음파|Durchdringende Schallwellen|Ondes sonores pénétrantes
subBardProgeniesOfTheGreatCataclysm07|Broken Electric Cord||Cabo Elétrico Rompido|Сломанный электрический шнур|斷裂電線|ブロークンエレクトリックコード|끊어진 전기 코드|Gebrochenes Stromkabel|Cordon électrique cassé
subBardProgeniesOfTheGreatCataclysm08|Electric Soundwaves||Ondas Sonoras Elétricas|Электрические звуковые волны|電流聲波|エレクトリックサウンドウェーブズ|전기 음파|Elektrische Schallwellen|Ondes sonores électriques
subBardProgeniesOfTheGreatCataclysm09|Overheated Amplifier||Amplificador Superaquecido|Перегретый усилитель|擴音器過熱|オーバーヒーテッドアンプリファイア|과열된 증폭기|Überhitzter Verstärker|Amplificateur surchauffé
subBardProgeniesOfTheGreatCataclysm10|Electrocuting Soundblast||Explosão Sonora Eletrocutante|Электрический ударный звук|電刑聲爆|エレクトロキューティングサウンドブラスト|감전 사운드 블라스트|Stromschlagartiger Schall|Explosion sonore électrocutante
subBardProgeniesOfTheGreatCataclysm11|Increasing Sound Levels||Níveis de Som Aumentados|Увеличение уровня звука|音量漸增|インクリースィングサウンドレベルズ|소리 레벨 증가|Erhöhter Schallpegel|Augmentation des niveaux sonores
subBardProgeniesOfTheGreatCataclysm12|Crushing Sound Levels||Níveis de Som Esmagadores|Сокрушительный уровень звука|震耳欲聾|クラッシングサウンドレベルズ|파괴적인 소리 레벨|Erdrückender Schallpegel|Niveaux sonores écrasants
subBardProgeniesOfTheGreatCataclysm13|Orbital Soundwaves||Ondas Sonoras Orbitais|Орбитальные звуковые волны|聲波軌跡|オービタルサウンドウェーブズ|궤도 음파|Orbitale Schallwellen|Ondes sonores orbitales
subBardProgeniesOfTheGreatCataclysm14|Tripping Electric Cord||Cabo Elétrico Tropeçando |Отключение электрического шнура |電線跳閘 |トリッピングエレクトリックコード|트리핑 전기 코드|Stolperndes Stromkabel |Déclenchement d'un cordon électrique 
subDescBardProgeniesOfTheGreatCataclysm01|Increases maximum targets.||Aumenta o número máximo de alvos.|Увеличивает максимальное количество целей.|增加最大攻擊目標數量。|最大ターゲット数を増加させる。|최대 대상 수가 증가합니다.|Erhöht die maximale Anzahl an Zielen.|Augmente le nombre maximal de cibles.
subDescBardProgeniesOfTheGreatCataclysm02|Chance on hit to drop an exploding amplifier from the sky dealing area of effect damage upon landing.||Chance de lançar um amplificador explosivo do céu, causando dano em área ao pousar.|Шанс при попадании сбросить с неба взрывающийся усилитель, наносящий урон по области действия при приземлении.|擊中時有機率從空中掉落一個爆炸擴音器，落地時造成範圍傷害。|命中時に爆発するアンプリファイアを空から落とし、着地時に範囲ダメージを与えるチャンス。|명중 시, 하늘에서 폭발하는 앰프를 떨어뜨려 착지 시 광역 피해를 입힐 확률이 있습니다.|Bei einem Treffer besteht die Chance, dass ein explodierender Verstärker vom Himmel fällt und bei der Landung Flächenschaden verursacht.|Chances de faire tomber du ciel un amplificateur explosif à l'impact, infligeant des dégâts de zone à l'atterrissage.
subDescBardProgeniesOfTheGreatCataclysm03|Increases the range of the amplifier.||Aumenta o alcance do amplificador.|Увеличивает дальность действия усилителя.|增加擴音器的距離。|アンプリファイアの射程を増加させる。|앰프의 범위가 증가합니다.|Erhöht die Reichweite des Verstärkers.|Augmente la portée de l'amplificateur.
subDescBardProgeniesOfTheGreatCataclysm04|Increases the damage dealt by the amplifier.||Aumenta o dano causado pelo amplificador.|Увеличивает урон, наносимый усилителем.|增加擴音器造成的傷害。|アンプリファイアのダメージを増加させる。|앰프가 주는 피해가 증가합니다.|Erhöht den vom Verstärker verursachten Schaden.|Augmente les dégâts infligés par l'amplificateur.
subDescBardProgeniesOfTheGreatCataclysm05|Decreases the cooldown of progenies of the great cataclysm.||Diminui o tempo de recarga das progênies do grande cataclismo.|Уменьшает время восстановления потомков великого катаклизма.|減少大災變後裔的冷卻時間。|グレートカタクリズムの子孫のクールダウンを減少させる。|대재앙의 자손 쿨다운이 감소합니다.|Verringert die Abklingzeit der Nachkommen der großen Katastrophe.|Diminue le temps de recharge des progénitures du grand cataclysme.
subDescBardProgeniesOfTheGreatCataclysm06|Gain a chance to critically hit with increased critical strike damage.||Ganha chance de acerto crítico com dano de acerto crítico aumentado.|Получите шанс нанести критический удар с увеличенным критическим уроном.|有機率造成暴擊，並增加暴擊傷害。|クリティカルヒットのチャンスを得て、クリティカルダメージを増加させる。|치명타 확률이 증가하고 치명타 피해가 증가합니다.|Erhält eine Chance auf einen kritischen Treffer mit erhöhtem kritischen Schaden.|Chances de coup critique augmentées.
subDescBardProgeniesOfTheGreatCataclysm07|Chance to inflict lightning break on hit.||Chance de infligir quebra de raio ao acerto.|Шанс нанести разрыв молнии при попадании.|擊中時有機率造成閃電破壞。|命中時にライトニングブレイクを付与するチャンス。|명중 시, 번개 파열을 일으킬 확률이 있습니다.|Chance, bei einem Treffer einen Blitzbruch zu verursachen.|Chances d'infliger un éclair à l'impact.
subDescBardProgeniesOfTheGreatCataclysm08|Chance on hit to unleash a chain lightning dealing additional damage.||Chance de liberar uma corrente de raios ao acerto, causando dano adicional.|Шанс при попадании высвободить цепную молнию, наносящую дополнительный урон.|擊中時有一定機率釋放連鎖閃電，造成額外傷害。|命中時にチェインライトニングを放ち追加ダメージを与えるチャンス。|명중 시, 연쇄 번개를 방출하여 추가 피해를 입힐 확률이 있습니다.|Chance, bei einem Treffer einen Kettenblitz zu entfesseln, der zusätzlichen Schaden verursacht.|Chances de déclencher une chaîne d'éclairs infligeant des dégâts supplémentaires.
subDescBardProgeniesOfTheGreatCataclysm09|Chance on amplifier cast to send trails of flames towards random directions.||Chance de lançar rastros de chamas em direções aleatórias ao conjurar o amplificador.|Шанс при применении усилителя отправить огненные следы в случайных направлениях.|施放擴音器時有機率向隨機方向發射火焰痕跡。|アンプリファイア詠唱時に炎の軌跡をランダム方向に送るチャンス。|앰프 시전 시, 불꽃 자국을 무작위 방향으로 방출할 확률이 있습니다.|Chance, beim Wirken des Verstärkers Flammenspuren in zufällige Richtungen zu senden.|Chances de lancer un amplificateur, projetant des traînées de flammes dans des directions aléatoires.
subDescBardProgeniesOfTheGreatCataclysm10|Chance to inflict stasis on hit.||Chance de infligir estase ao acerto.|Шанс наложить стазис при попадании.|擊中時有機率造成停滯。|命中時にスタシスを付与するチャンス。|명중 시, 정지 상태를 부여할 확률이 있습니다.|Chance, bei einem Treffer Stasis zu verursachen.|Chances de stase à l'impact.
subDescBardProgeniesOfTheGreatCataclysm11|The main amplifier now creates additional smaller amplifiers pulsating and dealing area of effect lightning damage.||O amplificador principal agora cria amplificadores menores adicionais que pulsam e causam dano de raio em área.|Основной усилитель теперь создает дополнительные меньшие усилители, пульсирующие и наносящие урон молнией по области действия.|主要擴音器現在會產生額外的小型擴音器脈衝並造成範圍閃電傷害。|メインアンプリファイアが追加の小型アンプリファイアを生成し、脈動しながら範囲雷ダメージを与える。|주 앰프가 추가로 작은 앰프를 생성하여 광역 번개 피해를 줍니다.|Der Hauptverstärker erzeugt jetzt zusätzliche kleinere Verstärker, die pulsieren und Flächenblitzschaden verursachen.|L'amplificateur principal crée désormais des amplificateurs plus petits, pulsés et infligeant des dégâts de zone.
subDescBardProgeniesOfTheGreatCataclysm12|The amplifier now sends shockwaves instead of notes with a lowered projectile count.||O amplificador agora envia ondas de choque em vez de notas com uma contagem de projéteis reduzida.|Теперь усилитель посылает ударные волны вместо нот с уменьшенным количеством снарядов.|擴音器現在發出衝擊波，而不是音符，並且音符數量減少了。|アンプリファイアはノートの代わりに衝撃波を放ち、投射数が減少する。|앰프가 음표 대신 충격파를 방출하며, 투사체 수가 감소합니다.|Der Verstärker sendet jetzt Schockwellen anstelle von Noten mit einer verringerten Projektilanzahl.|L'amplificateur envoie désormais des ondes de choc au lieu de notes, avec un nombre de projectiles réduit.
subDescBardProgeniesOfTheGreatCataclysm13|The amplifier now orbits you with increased cast speed.||O amplificador agora orbita você com velocidade de conjuração aumentada.|Теперь усилитель вращается вокруг вас с увеличенной скоростью применения.|擴音器機現在會以更快的施法速度圍繞著你旋轉。|アンプリファイアは自身の周囲を回り、詠唱速度が増加する。|앰프가 플레이어 주위를 공전하며 시전 속도가 증가합니다.|Der Verstärker umkreist dich jetzt mit erhöhter Zaubergeschwindigkeit.|L'amplificateur gravite désormais autour de vous avec une vitesse d'incantation accrue.
subDescBardProgeniesOfTheGreatCataclysm14|The amplifier cord now deals increased damage to monsters with increased frequency.||O cabo do amplificador agora causa dano aumentado a monstros com frequência aumentada. |Шнур усилителя теперь наносит увеличенный урон монстрам с увеличенной частотой. |擴音器的線現在對怪物造成的傷害隨著頻率的增加而增加。 |アンプリファイアのコードはモンスターに対するダメージと頻度を増加させる。|앰프 전선이 몬스터에게 주는 피해와 빈도가 증가합니다.|Das Verstärkerkabel verursacht jetzt mit erhöhter Frequenz erhöhten Schaden an Monstern. |Le cordon de l'amplificateur inflige désormais des dégâts accrus aux monstres avec une fréquence accrue. 
subBardHeadBanger01|Banging Hard||Batidas Fortes|Сильный удар|猛烈撞擊|バンギングハード|강렬한 헤드뱅|Hartes Schlagen|Coup violent
subBardHeadBanger02|Hair Length||Comprimento do Cabelo|Длина волос|頭髮長度|ヘアレングス|머리카락 길이|Haarlänge|Longueur de cheveux
subBardHeadBanger03|Whipping Faster||Chicote Mais Rápido|Быстрее взбивание|快速鞭打|ウィッピングファスター|더 빠르게 휘두르기|Schnelleres Schlagen|Fouetter plus vite
subBardHeadBanger04|Hair Clipping||Corte de Cabelo|Стрижка волос|理髮|ヘアクリッピング|머리카락 자르기|Haarschneiden|Coupe de cheveux
subBardHeadBanger05|Taking Advantage||Aproveitando|Воспользоваться преимуществом|充分利用|テイキングアドバンテージ|기회 포착|Vorteile ausnutzen|Profiter
subBardHeadBanger06|Crushing Hair Sweep||Esmagando o Cabelo|Сокрушительный взмах волос|梳理頭髮|クラッシングヘアスウィープ|강타하는 머리카락 휩쓸기|Zermalmender Haarfeger|Balayage écrasant
subBardHeadBanger07|Ripping Hair||Rasgando o Cabelo|Рваные волосы|扯掉頭髮|リッピングヘア|머리카락 찢기|Zerreißendes Haar|Arracher les cheveux
subBardHeadBanger08|Vile Slash||Corte Vil|Подлый удар|邪惡斬擊|ヴァイルスラッシュ|사악한 베기|Abscheulicher Hieb|Entaille vile
subBardHeadBanger09|Smacking Whip||Chicote Estalado|Удар кнутом|拍打鞭子|スマッキングウィップ|때리는 채찍|Schmatzende Peitsche|Fouet claquant
subBardHeadBanger10|Rupturing Headbang||Batida de Cabeça Rompedora|Разрывающий тряску головой|爆裂搖頭|ラプチャリングヘッドバン|파열하는 헤드뱅|Zerreißender Headbang|Headbang éclatant
subBardHeadBanger11|Hair Whipper||Chicote de Cabelo|Взбиватель волос|髮鞭|ヘアウィッパー|머리카락 휘퍼|Haarpeitscher|Fouet à cheveux
subBardHeadBanger12|Hair Tornado||Tornado de Cabelo|Торнадо волос|龍捲風頭髮|ヘアトルネード|머리카락 토네이도|Haartornado|Tornade de cheveux
subBardHeadBanger13|Slapping Around||Tapando por Todo Lado|Пощечины|四處拍打|スラッピングアラウンド|때리기|Herumschlagen|Gifler
subBardHeadBanger14|Hemorrhaging Hairbang||Batida de Cabelo Hemorragiante |Кровоточащая тряска волосами |出血髮飾 |ヘモラッジングヘアバン|헤드뱅잉 출혈|Blutender Hairbang |Frange hémorragique 
subDescBardHeadBanger01|Increases damage dealt by headbanger.||Aumenta o dano causado pelo Bate-cabeça.|Увеличивает урон, наносимый хедбенгером.|增加重金屬搖滾樂迷造成的傷害。|ヘッドバンガーのダメージを増加させる。|헤드뱅잉로 입히는 피해 증가.|Erhöht den Schaden von Headbanger.|Augmente les dégâts infligés par le coup de tête.
subDescBardHeadBanger02|Increases the area of effect radius of headbanger.||Aumenta o raio da área de efeito do Bate-cabeça.|Увеличивает радиус области действия хедбенгера.|增加甩頭的效果範圍。|ヘッドバンガーの効果範囲半径を増加させる。|헤드뱅잉의 효과 반경 증가.|Vergrößert den Wirkungsbereich von Headbanger.|Augmente la zone d'effet du coup de tête.
subDescBardHeadBanger03|Increases attack speed when using headbanger.||Aumenta a velocidade de ataque ao usar o Bate-cabeça.|Увеличивает скорость атаки при использовании хедбенгера.|增加使用甩頭時的攻擊速度。|ヘッドバンガー使用時の攻撃速度を増加させる。|헤드뱅잉 사용 시 공격 속도 증가.|Erhöht die Angriffsgeschwindigkeit bei Verwendung von Headbanger.|Augmente la vitesse d'attaque lors de l'utilisation du coup de tête.
subDescBardHeadBanger04|Chance on hit to deal increased damage and stun the target.||Chance de causar dano aumentado e atordoar o alvo ao acerto.|Вероятность при ударе нанести увеличенный урон и оглушить цель.|擊中時有一定機率造成更大傷害並擊暈目標。|命中時に増加ダメージとスタンを与えるチャンス。|피격 시 대상에게 증가한 피해를 입히고 기절시킬 확률 증가.|Chance, bei Treffer erhöhten Schaden zu verursachen und das Ziel zu betäuben.|Chances d'infliger des dégâts accrus et d'étourdir la cible à l'impact.
subDescBardHeadBanger05|Increases damage dealt to stunned targets.||Aumenta o dano causado a alvos atordoados.|Увеличивает урон, наносимый оглушенным целям.|增加對暈眩目標的傷害。|スタン状態の対象に与えるダメージを増加させる。|기절한 대상에게 입히는 피해 증가.|Erhöht den Schaden an betäubten Zielen.|Augmente les dégâts infligés aux cibles étourdies.
subDescBardHeadBanger06|Chance to inflict armor break on hit.||Chance de causar quebra de armadura ao acerto.|Вероятность пробития брони при ударе.|擊中時有機率造成護甲破壞。|命中時にアーマーブレイクを付与するチャンス。|명중 시 방어구 파괴 확률 증가.|Chance, bei Treffer Rüstungsbruch zu verursachen.|Chances de briser l'armure à l'impact.
subDescBardHeadBanger07|Chance to inflict bleed on hit.||Chance de causar sangramento ao acerto.|Вероятность вызвать кровотечение при ударе.|擊中時有機率造成流血。|命中時に出血を付与するチャンス。|명중 시 출혈 확률 증가.|Chance, bei Treffer Blutung zu verursachen.|Chances de saigner à l'impact.
subDescBardHeadBanger08|Chance to deal increased critical strike damage on hit.||Chance de causar dano crítico aumentado ao acerto.|Вероятность нанести увеличенный критический урон при ударе.|擊中時有機率增加暴擊傷害。|命中時のクリティカルヒットの確率を増加させる。|명중 시 치명타 확률 증가.|Chance, bei Treffer erhöhten kritischen Trefferschaden zu verursachen.|Chances d'infliger des dégâts critiques accrus à l'impact.
subDescBardHeadBanger09|Chance on hit to deal double damage.||Chance de causar dano dobrado ao acerto.|Вероятность при ударе нанести двойной урон.|擊中時有機率造成雙倍傷害。|命中時にダメージを2倍にするチャンス。|명중 시 두 배의 피해 확률 증가.|Chance, bei Treffer doppelten Schaden zu verursachen.|Chances de doubler les dégâts à l'impact.
subDescBardHeadBanger10|Chance on hit to deal increased damage to bleeding targets and increase the frequency of bleeding.||Chance de causar dano aumentado a alvos sangrando e aumentar a frequência de sangramento ao acerto.|Вероятность при ударе нанести увеличенный урон истекающим кровью целям и увеличить частоту кровотечения.|擊中時有一定機率對流血目標造成更大傷害並增加流血頻率。|命中時に出血状態の対象に増加ダメージを与え、出血頻度を上げるチャンス。|명중 시 출혈 대상에게 증가한 피해를 입히고 출혈 빈도 증가.|Chance, bei Treffer erhöhten Schaden an blutenden Zielen zu verursachen und die Blutungshäufigkeit zu erhöhen.|Chances d'infliger des dégâts accrus aux cibles qui saignent et d'augmenter la fréquence des saignements à l'impact.
subDescBardHeadBanger11|Headbang with every attack dealing a portion of the damage.||Batida de cabeça com cada ataque, causando uma parte do dano.|Удар головой, при этом каждая атака наносит часть урона.|每次攻擊都會造成一定程度的傷害。|攻撃ごとにヘッドバンし、ダメージの一部を与える。|모든 공격 시 헤드뱅잉을 수행하여 일부 피해를 준다.|Headbang mit jedem Angriff, der einen Teil des Schadens verursacht.|Coup de tête à chaque attaque, infligeant une partie des dégâts.
subDescBardHeadBanger12|Unleash a tornado of hair dealing increased damage.||Libera um tornado de cabelo, causando dano aumentado.|Выпускает торнадо волос, нанося увеличенный урон.|釋放一陣頭髮龍捲風，造成更大傷害。|髪の竜巻を放ち、増加ダメージを与える。|머리카락 토네이도를 방출하여 더 큰 피해를 입힙니다.|Entfesselt einen Haartornado, der erhöhten Schaden verursacht.|Déclenche une tornade de cheveux infligeant des dégâts accrus.
subDescBardHeadBanger13|Knock monsters back when headbanging causing them to take increased damage when hitting terrain.||Repele monstros ao bater a cabeça, fazendo com que eles recebam dano aumentado ao atingir o terreno.|Отбрасывает монстров назад при ударе головой, заставляя их получать увеличенный урон при ударе о поверхность.|用頭撞擊怪物時將其擊退，導致它們在撞擊地形時受到更大的傷害。|ヘッドバン時にモンスターをノックバックさせ、地形に当たると増加ダメージを与える。|헤드뱅잉 시 몬스터를 뒤로 밀어내 지형에 부딪혔을 때 더 큰 피해를 입힙니다.|Stößt Monster beim Headbangen zurück, wodurch sie beim Auftreffen auf Gelände erhöhten Schaden erleiden.|Repousse les monstres en les frappant, ce qui augmente les dégâts lorsqu'ils touchent le terrain.
subDescBardHeadBanger14|Headbang now stacks bleeding with increased damage.||Batida de cabeça agora acumula sangramento com dano aumentado. |Удар головой теперь складывается с кровотечением и увеличенным уроном. |甩頭現在可以疊加流血並增加傷害。 |ヘッドバンが出血をスタックさせ、ダメージを増加させる。|헤드뱅잉은 이제 출혈과 더 큰 피해를 중첩합니다.|Headbang stapelt jetzt Blutung mit erhöhtem Schaden. |Coup de tête cumule désormais les saignements avec les dégâts accrus. 
subBardCrowdDiver01|Uppercuts.. So Many Uppercuts||Uppercuts... Tantos Uppercuts|Апперкоты... Так много апперкотов|上勾拳…好多上勾拳|アッパーカット… こんなにたくさんのアッパーカット|어퍼컷.. 너무 많은 어퍼컷|Aufwärtshaken ... So viele Aufwärtshaken|Uppercuts... Tant d'uppercuts
subBardCrowdDiver02|Headbutt||Cabeçada|Удар головой|頭槌|ヘッドバット|헤드버트|Kopfstoß|Coup de tête
subBardCrowdDiver03|Colliding Masses||Massas em Colisão|Столкновение масс|碰撞|衝突する塊|충돌하는 군중|Kollidierende Massen|Collision de masses
subBardCrowdDiver04|Diving Stamina||Resistência de Mergulho|Выносливость ныряльщика|持久跳水|ダイビングスタミナ|다이빙 스태미나|Ausdauer beim Tauchen|Endurance plongeante
subBardCrowdDiver05|Get Out The Way||Saia do Caminho|Уйди с дороги|讓開|どけよ|길을 비켜라|Aus dem Weg|Écartez-vous
subBardCrowdDiver06|Crowd Violation||Violação da Multidão|Нарушение правил толпы|侵害人群|群集違反|군중 위반|Massenverstoß|Violation de foule
subBardCrowdDiver07|Dirty Diver||Dirty Diver|Грязный ныряльщик|下流跳水|汚いダイバー|더티 다이버|Schmutziger Taucher|Plongeon sale
subBardCrowdDiver08|Hammer Dive||Mergulho com Martelo|Нырок молотом|錘擊跳水|ハマーダイブ|해머 다이브|Hammersprung|Plongeon marteau
subBardCrowdDiver09|Quick Dive||Mergulho Rápido|Быстрый нырок|快速跳水|クイックダイブ|빠른 다이브|Schneller Sprung|Plongeon rapide
subBardCrowdDiver10|Lengthy Dive||Mergulho Longo|Длинный нырок|長距離跳水|長いダイビング|긴 다이브|Langer Sprung|Plongeon long
subBardCrowdDiver11|Pit Fighters||Lutadores de Boxe|Бойцы в яме|鬥士|ピットファイター|피트 파이터|Pit Fighters|Combattants de la fosse
subBardCrowdDiver12|Flying Fists||Punhos Voadores|Летающие кулаки|飛拳|飛翔の拳|플라잉 피스트|Fliegende Fäuste|Poings volants
subBardCrowdDiver13|iFist||iFist|iFist|我即拳頭 |アイフィスト|아이피스트|iFist|iFist
subBardCrowdDiver14|Blinkfist Strike||Golpe de Piscadela |Удар Blinkfist |閃拳打擊 |ブリンクフィストストライク|블링크피스트 스트라이크|Blinkfaustschlag |Coup de poing clignotant 
subDescBardCrowdDiver01|Chance to knock monsters airborne on hit dealing area of effect damage when landing.||Chance de lançar monstros no ar ao acertá-los, causando dano em área de efeito ao pousar.|Шанс подбросить монстров в воздух при ударе, нанося урон по области действия при приземлении.|有機率擊飛怪物，並在落地時造成範圍傷害。|命中時、モンスターを空中に吹き飛ばし、着地時に範囲ダメージを与えるチャンス。|명중 시 몬스터를 공중으로 띄우고 착지 시 광역 피해를 입힐 확률이 있습니다.|Chance, Monster bei einem Treffer in die Luft zu schleudern und Flächenschaden bei der Landung zu verursachen.|Chance de projeter les monstres en l'air à l'impact, infligeant des dégâts de zone à l'atterrissage.
subDescBardCrowdDiver02|Increases damage dealt by crowd diver.||Aumenta o dano causado pelo mergulhador de multidão.|Увеличивает урон, наносимый толпой-дайвером.|增加舞臺跳水造成的傷害。|群集ダイバーの与えるダメージを増加させる。|크라우드 다이버가 주는 피해가 증가합니다.|Erhöht den Schaden des Crowd Divers.|Augmente les dégâts infligés par le plongeur de foule.
subDescBardCrowdDiver03|Chance to inflict armor break on hit.||Chance de infligir quebra de armadura ao acertar.|Шанс нанести пробитие брони при ударе.|有機率造成護甲破壞。|命中時、アーマーブレイクを付与するチャンス。|명중 시, 방어구 파괴를 일으킬 확률이 있습니다.|Chance, bei einem Treffer Rüstungsbruch zu verursachen.|Chance de briser l'armure à l'impact.
subDescBardCrowdDiver04|Decreases cooldown of crowd diver||Diminui o tempo de recarga do mergulhador de multidão.|Уменьшает время восстановления толпой-дайвера|減少舞臺跳水的冷卻時間。|群集ダイバーのクールダウンを減少させる。|크라우드 다이버의 쿨다운이 감소합니다.|Verringert die Abklingzeit des Crowd Divers.|Diminue le temps de recharge du plongeur de foule.
subDescBardCrowdDiver05|Chance on cast to knock monsters back causing them to take increased damage from terrain.||Chance de repelir monstros ao conjurar, fazendo com que recebam dano aumentado do terreno.|Шанс при применении отбросить монстров назад, заставив их получать увеличенный урон от рельефа.|施法時有一定機率擊退怪物撞擊地形，使其受到的傷害增加。|キャスト時、モンスターを後方に吹き飛ばし、地形ダメージが増加するチャンス。|시전 시 몬스터를 밀쳐내며, 지형에 부딪힐 때 추가 피해를 입힙니다.|Chance beim Wirken, Monster zurückzustoßen, wodurch sie erhöhten Geländeschaden erleiden.|Chance de repousser les monstres à l'impact, leur infligeant des dégâts accrus du terrain.
subDescBardCrowdDiver06|Stun targets on hit.||Atordoa alvos ao acertar.|Оглушить цели при ударе.|擊中目標使其暈眩。|命中時、対象をスタンさせる。|명중 시 대상을 기절시킵니다.|Betäubt Ziele bei einem Treffer.|Étourdit les cibles à l'impact.
subDescBardCrowdDiver07|Chance to deal increased critical strike damage on hit.||Chance de causar dano de acerto crítico aumentado ao acertar.|Шанс нанести увеличенный критический урон при ударе.|有機率造成更多暴擊傷害。|命中時、クリティカルダメージが増加するチャンス。|명중 시, 치명타 피해가 증가할 확률이 있습니다.|Chance, bei einem Treffer erhöhten kritischen Trefferschaden zu verursachen.|Chance d'infliger des dégâts de coup critique accrus à l'impact.
subDescBardCrowdDiver08|Increases damage dealt to stunned targets.||Aumenta o dano causado a alvos atordoados.|Увеличивает урон, наносимый оглушенным целям.|增加對暈眩目標造成的傷害。|パイロの炎のサイズを大きくします。 |기절한 대상에게 주는 피해가 증가합니다.|Erhöht den Schaden an betäubten Zielen.|Augmente les dégâts infligés aux cibles étourdies.
subDescBardCrowdDiver09|Increases the dash speed of crowd diver.||Aumenta a velocidade de avanço do mergulhador de multidão.|Увеличивает скорость рывка толпой-дайвера.|增加舞臺跳水的衝刺速度。|群集ダイバーのダッシュ速度を増加させる。|크라우드 다이버의 돌진 속도가 증가합니다.|Erhöht die Sprintgeschwindigkeit des Crowd Divers.|Augmente la vitesse de ruée du plongeur de foule.
subDescBardCrowdDiver10|Increases the maximum length of crowd diver.||Aumenta o comprimento máximo do mergulhador de multidão.|Увеличивает максимальную длину толпой-дайвера.|增加舞臺跳水的最大移動距離。|群集ダイバーの最大距離を増加させる。|크라우드 다이버의 최대 거리 제한이 증가합니다.|Erhöht die maximale Dauer des Crowd Divers.|Augmente la longueur maximale du plongeur de foule.
subDescBardCrowdDiver11|Spawn pit fighters to fight by your side for a short duration after impact.||Faz surgir lutadores de arena para lutar ao seu lado por um curto período após o impacto.|Создает бойцов ямы, которые будут сражаться на вашей стороне в течение короткого времени после удара.|撞擊後，召喚鬥士在短時間內與你並肩作戰。|衝撃後、短時間ピットファイターを召喚して共に戦う。|충돌 후 일정 시간 동안 함께 싸우는 피트 파이터를 소환합니다.|Beschwört Grubenkämpfer, die nach dem Aufprall kurzzeitig an eurer Seite kämpfen.|Invoque des combattants de la fosse qui combattent à vos côtés pendant une courte durée après l'impact.
subDescBardCrowdDiver12|Unleash pummeling fists towards nearby monsters dealing damage with increased critical strike damage.||Desfere socos violentos em monstros próximos, causando dano com dano de acerto crítico aumentado.|Выпускайте удары кулаками по ближайшим монстрам, нанося урон с увеличенным критическим уроном.|向附近的怪物釋放重拳，造成傷害，並增加暴擊傷害。|近くのモンスターに向かって連続攻撃する拳を解き放ち、クリティカルダメージを増加させる。|주변 몬스터에게 연속 주먹을 날려 피해를 주고 치명타 피해가 증가합니다.|Entfesselt schlagende Fäuste auf nahe Monster und verursacht erhöhten kritischen Trefferschaden.|Déchaîne des poings violents sur les monstres proches, infligeant des dégâts avec des dégâts de coup critique accrus.
subDescBardCrowdDiver13|Turn into a fist unleashing an area of effect pulse dealing increased damage on a large radius when hitting terrain.||Transforma-se em um punho, liberando um pulso de área de efeito, causando dano aumentado em um raio grande ao atingir o terreno.|Превращайтесь в кулак, выпускающий импульс области действия, наносящий увеличенный урон по большой площади при ударе по рельефу.|變成拳頭，釋放出一個區域性脈衝，擊中地形時對大範圍內造成更大傷害。|拳に変身し、地形に当たると範囲パルスを発生させ大きな範囲ダメージを与える。|거대한 주먹으로 변신하여 지형에 부딪힐 때 광역 피해를 줍니다.|Verwandelt euch in eine Faust und entfesselt einen Flächenwirkungsimpuls, der beim Auftreffen auf Gelände in einem großen Radius erhöhten Schaden verursacht.|Se transforme en poing et déclenche une impulsion de zone infligeant des dégâts accrus sur un large rayon lorsqu'il touche le terrain.
subDescBardCrowdDiver14|Teleport a short distance falling down from the sky with a massive fist dealing area of effect damage inflicting burning and stunning on hit.||Teleporta-se a uma curta distância caindo do céu com um punho enorme, causando dano em área de efeito, queimando e atordoando ao acertar. |Телепортируйтесь на небольшое расстояние, падая с неба с огромным кулаком, нанося урон по области действия, вызывая горение и оглушение при ударе. |傳送一小段距離，從空中落下，用巨大的拳頭造成範圍傷害，擊中時造成燃燒和暈眩。 |短距離テレポートし、空から巨大な拳で落下し範囲ダメージを与え、命中時に燃焼とスタンを付与する。|짧은 거리를 순간이동하여 하늘에서 떨어지는 거대한 주먹으로 광역 피해를 주고, 명중 시 화상과 기절을 유발합니다.|Teleportiert euch über eine kurze Distanz und fällt mit einer massiven Faust vom Himmel, die Flächenschaden verursacht und bei einem Treffer Brennen und Betäuben verursacht. |Téléportation sur une courte distance, tombant du ciel avec un poing massif, infligeant des dégâts de zone, infligeant des brûlures et un étourdissement à l'impact. 
subBardPyroTechnician01|Heat To The Flames||Calor nas Chamas|Жара в Пламя |火焰升溫|炎への熱情|불꽃에 열을 더하다|Hitze für die Flammen|Chaleur des flammes
subBardPyroTechnician02|Amping Up The Heat||Aumentando o Calor|Усиление тепла|加大熱度|熱を上げる|열을 증폭하다|Die Hitze steigern|Amplification de la chaleur
subBardPyroTechnician03|Lit On Flames||Acendendo as Chamas|Зажженные огни|點燃火焰|炎に灯る|불길에 불을 붙이다|In Flammen|Flammes allumées
subBardPyroTechnician04|Fueling The Engine||Abastecendo o Motor|Заправка двигателя|為引擎加油|エンジンに燃料を供給|엔진에 연료를 공급하다|Den Motor anheizen|Alimentation du moteur
subBardPyroTechnician05|Afterflame||Pós-Chama|Остаточное пламя|餘焰|余熱|잔불|Nachflammen|Rémanence de flamme|
subBardPyroTechnician06|Melting Bones||Ossos Derretendo|Расплавление костей|熔化骨骼|骨を溶かす|뼈를 녹이다|Schmelzende Knochen|Os en fusion|
subBardPyroTechnician07|Wounding Fire||Fogo Feridor|Ранящий огонь|傷人之火|負傷の火|상처를 입히는 불|Verwundendes Feuer|Feu blessant
subBardPyroTechnician08|Covering The Stage||Cobrindo o Palco|Покрытие сцены|覆蓋舞台|ステージを覆う|무대를 덮다|Die Bühne bedeckend|Couvrant la scène
subBardPyroTechnician09|Pulsating Pyrokinesis||Pirocinese Pulsante|Пульсирующий пирокинез|脈動控火|脈動する火炎操作|맥동하는 열화|Pulsierende Pyrokinese|Pyrokinésie pulsée
subBardPyroTechnician10|Concentrated Scorching||Queimadura Concentrada|Концентрированное обжигание|集中灼燒|集中した灼熱|집중된 그을음|Konzentriertes Versengen|Brûlure concentrée
subBardPyroTechnician11|Rapid Burns||Queimaduras Rápidas|Быстрые ожоги|快速燃燒|迅速な燃焼|급격한 화상|Schnelle Verbrennungen|Brûlures rapides
subBardPyroTechnician12|Traveling Pyre||Pira Móvel|Бродячий костер|移動火堆|移動する火炎|이동하는 장작더미|Wandernder Scheiterhaufen|Bûcher itinérant
subBardPyroTechnician13|Circle of Burning||Círculo de Queima|Круг горения|燃燒之環|燃焼の輪|불타는 원|Brennender Kreis|Cercle de brûlure
subBardPyroTechnician14|Burning Surface||Superfície em Chamas |Горящая поверхность |表面燃燒 |燃える表面|불타는 표면|Brennende Oberfläche |Surface brûlante 
subDescBardPyroTechnician01|Increases physical damage and fire damage dealt by pyro technician||||增加火焰技師造成的物理傷害和火焰傷害|||||
subDescBardPyroTechnician02|Gain maximum heat stacks increasing your attack speed per stack.||||獲得最大熱量堆疊，每堆疊一次可提高攻擊速度|||||
subDescBardPyroTechnician03|Chance on hit to inflict burning for a portion of your physical and fire damage.||||擊中時有一定機率造成燃燒，造成部分物理傷害和火焰傷害。|||||
subDescBardPyroTechnician04|Increases attack speed when using pyro technician.||||使用火焰技師時增加攻擊速度|||||
subDescBardPyroTechnician05|Chance on kill to unleash a flaming pulse dealing damage on a large radius around the target.||||擊殺時有機會釋放火焰脈衝，對目標周圍大範圍區域造成傷害|||||
subDescBardPyroTechnician06|Increases damage dealt to burning targets.||||增加對燃燒目標造成的傷害|||||
subDescBardPyroTechnician07|Increases damage dealt to bosses.||||增加對boss造成的傷害|||||
subDescBardPyroTechnician08|Increases the area of effect radius of pyro technician.||||增加火焰技師的效果半徑|||||
subDescBardPyroTechnician09|Execute low life monsters below a treshold.||||處決低於生命閾值的怪物|||||
subDescBardPyroTechnician10|Chance for both physical and fire damage to critically hit dealing increased critical strike damage.||||物理和火焰傷害均有機率造成暴擊，增加暴擊傷害|||||
subDescBardPyroTechnician11|Increases the frequency and damage of inflicted burning.||||增加造成燃燒的頻率和傷害|||||
subDescBardPyroTechnician12|Unleash multiple burning tornados on hit dealing additional damage.||||釋放多個燃燒龍捲風，造成額外傷害|||||
subDescBardPyroTechnician13|Chance on attack to hit multiple targets dealing increased damage.||||攻擊時有機會擊中多個目標並造成更大傷害|||||
subDescBardPyroTechnician14|Scorch the ground below your targets dealing a portion of your damage for a short duration. Effect stacks infinitely.||||灼燒目標下方的地面，造成部分傷害，持續一小段時間。效果無限疊加|||||
subBardMoshpitMassacre01|Pit Crowd||Multidão no Pit|Толпа на яме |人群衝撞|ピットクラウド|피트 군중|Pit-Publikum|Foule de la fosse
subBardMoshpitMassacre02|Moshpit Mania||Mania de Moshpit|Мошпит-мания |狂熱衝撞 |モッシュピットマニア|모쉬핏 매니아|Moshpit-Manie|Fantasy Moshpit
subBardMoshpitMassacre03|Amping Up The Crowd||Ampliando a Multidão|Разжигание толпы|人群沸腾|群集を盛り上げる|군중을 북돋우다|Die Menge anheizen|Augmentation de la foule
subBardMoshpitMassacre04|Pit Fatality||Fatalidade no Pit|Смерть в яме|死亡衝撞|ピット致命打|피트 치명타|Pit-Fatality|Fatalité de la fosse
subBardMoshpitMassacre05|MAKE IT BIGGER!!||Aumente!!|СДЕЛАЙТЕ ЭТО БОЛЬШЕ!!|更大規模！|もっと大きく！！|더 크게 만들어라!!|MACH ES GRÖSSER!!|Agrandissez-la !
subBardMoshpitMassacre06|Broken Noses||Narizes Quebrados|Сломанные носы|打斷鼻樑|鼻骨折|부러진 코|Gebrochene Nasen|Nez cassés
subBardMoshpitMassacre07|Pit Full Of Injuries||Pit Cheio de Ferimentos|Яма, полная травм|傷痕衝撞|ケガだらけのピット|부상으로 가득 찬 피트|Pit voller Verletzungen|Puits de blessures
subBardMoshpitMassacre08|Going Crazy||Enlouquecendo|Сход с ума|陷入瘋狂|狂乱|미쳐가다|Durchdrehen|Déchaînement
subBardMoshpitMassacre09|Slamming Around||Batendo Por Aí|Удары вокруг|猛擊|叩きつけ|휘청거리며 돌아다니다|Herumknallen|Slamming
subBardMoshpitMassacre10|Brutal Intimacy||Intimidade Brutal|Жестокая близость|殘酷關係|残酷な親密さ|잔혹한 친밀감|Brutale Intimität|Intimité brutale
subBardMoshpitMassacre11|Follow The Lead||Siga a Liderança|Следуйте за лидером|跟隨領導|リードに従え|선두를 따르다|Folge der Führung|Suivez l'exemple
subBardMoshpitMassacre12|Pitfighting Colossus||Colosso das Lutas no Pit|Колосс драки в яме|角鬥巨像|ピットファイティングコロッサス|피트파이팅 거인|Pitfighting-Koloss|Colosse du combat de fosse
subBardMoshpitMassacre13|Beach Balls||Bolas de Praia|Пляжные мячи|沙灘球|ビーチボール|비치볼|Wasserbälle|Ballons de plage
subBardMoshpitMassacre14|Total Anarchy||Anarquia Total |Полная анархия |完全無政府狀態|完全なる無秩序|완전한 무정부 상태|Totale Anarchie |Anarchie totale 
subDescBardMoshpitMassacre01|Increases the amount of fighters in the pit||Aumenta a quantidade de lutadores no fosso|Увеличивает количество бойцов в яме|增加衝撞後的鬥士數量|ピットのファイター数を増加させる。|피트에 있는 파이터 수를 늘립니다|Erhöht die Anzahl der Kämpfer in der Grube.|Augmente le nombre de combattants dans la fosse.
subDescBardMoshpitMassacre02|Increases the damage dealt by pit fighters||Aumenta o dano causado pelos lutadores do fosso|Увеличивает урон, наносимый бойцами ямы|增加鬥士造成的傷害|ピットファイターの与えるダメージを増加させる。|피트 파이터가 입히는 피해량을 늘립니다|Erhöht den Schaden der Grubenkämpfer.|Augmente les dégâts infligés par les combattants de la fosse.
subDescBardMoshpitMassacre03|Increases the attack speed of pit fighters.||Aumenta a velocidade de ataque dos lutadores do fosso.|Увеличивает скорость атаки бойцов ямы.|增加鬥士的攻擊速度。|ピットファイターの攻撃速度を増加させる。|피트 파이터의 공격 속도를 늘립니다.|Erhöht die Angriffsgeschwindigkeit der Grubenkämpfer.|Augmente la vitesse d'attaque des combattants de la fosse.
subDescBardMoshpitMassacre04|Pit fighters execute low life targets||Os lutadores do fosso executam alvos com pouca vida|Бойцы ямы казнят цели с низким уровнем жизни|鬥士會處決低生命值的目標|ピットファイターは低体力の対象を倒す。|피트 파이터가 생명력이 낮은 대상을 처형합니다|Grubenkämpfer exekutieren Ziele mit niedrigem Lebenspunkt.|Les combattants de la fosse exécutent les cibles à faible vie.
subDescBardMoshpitMassacre05|Increases the area of effect radius of the pit.||Aumenta o raio da área de efeito do fosso.|Увеличивает радиус области действия ямы.|增加衝撞的效果範圍。|ピットの範囲を増加させる。|피트 효과 반경을 늘립니다.|Vergrößert den Wirkungsbereich der Grube.|Augmente le rayon d'effet de la fosse.
subDescBardMoshpitMassacre06|Pit fighters have a chance to inflict bleed on hit.||Os lutadores do fosso têm chance de causar sangramento ao serem atingidos.|Бойцы ямы имеют шанс вызвать кровотечение при попадании.|衝撞的鬥士擊中時有機率造成流血。|ピットファイターは命中時に出血を付与するチャンスがある。|피트 파이터는 타격 시 출혈을 일으킬 확률이 있습니다.|Grubenkämpfer haben die Chance, bei Treffer Blutung zu verursachen.|Les combattants de la fosse ont une chance d'infliger un saignement à l'impact.
subDescBardMoshpitMassacre07|Increases damage dealt to bleeding targets.||Aumenta o dano causado a alvos com sangramento.|Увеличивает урон, наносимый целям с кровотечением.|增加對流血目標的傷害。|出血状態の対象へのダメージを増加させる。|출혈 대상에게 입히는 피해량을 늘립니다.|Erhöht den Schaden an blutenden Zielen.|Augmente les dégâts infligés aux cibles qui saignent.
subDescBardMoshpitMassacre08|Increases the movement speed of the pit fighters||Aumenta a velocidade de movimento dos lutadores do fosso|Увеличивает скорость передвижения бойцов ямы|增加鬥士的移動速度|ピットファイターの移動速度を増加させる。|피트 파이터의 이동 속도를 늘립니다|Erhöht die Bewegungsgeschwindigkeit der Grubenkämpfer.|Augmente la vitesse de déplacement des combattants de la fosse.
subDescBardMoshpitMassacre09|Increases the critical strike chance and damage of the pit fighters.||Aumenta a chance de acerto crítico e o dano dos lutadores do fosso.|Увеличивает шанс критического удара и урон бойцов ямы.|增加鬥士的暴擊機率和傷害。|ピットファイターのクリティカル率とダメージを増加させる。|피트 파이터의 치명타 확률과 피해를 늘립니다.|Erhöht die kritische Trefferchance und den Schaden der Grubenkämpfer.|Augmente les chances de coup critique et les dégâts des combattants de la fosse.
subDescBardMoshpitMassacre10|Decreases the area of effect radius of the pit.||Diminui o raio da área de efeito do fosso.|Уменьшает радиус области действия ямы.|減少衝撞的效果範圍。|ピットの範囲を減少させる。|피트 효과 반경을 줄입니다.|Verringert den Wirkungsbereich der Grube.|Réduit le rayon d'effet de la fosse.
subDescBardMoshpitMassacre11|The pit provides increased attack speed, movement speed and damage to the pit fighters.||O fosso fornece maior velocidade de ataque, velocidade de movimento e dano aos lutadores do fosso.|Яма обеспечивает повышенную скорость атаки, скорость передвижения и урон бойцам ямы.|衝撞的範圍會為鬥士提供更高的攻擊速度、移動速度和傷害。|ピットはピットファイターに攻撃速度、移動速度、ダメージの増加を与える。|피트는 피트 파이터에게 공격 속도, 이동 속도, 그리고 데미지를 증가시켜 줍니다.|Die Grube erhöht Angriffsgeschwindigkeit, Bewegungsgeschwindigkeit und Schaden der Grubenkämpfer.|La fosse augmente la vitesse d'attaque, la vitesse de déplacement et les dégâts des combattants de la fosse.
subDescBardMoshpitMassacre12|Only spawn one pit fighter with increased stats scaling off of the total amount of pit fighters.||Surge apenas um lutador do fosso com atributos aumentados, considerando o número total de lutadores do fosso.|Создайте только одного бойца ямы с увеличенными характеристиками, масштабируемыми от общего количества бойцов ямы.|只生成一名鬥士，其屬性會隨著鬥士總數的增加而增加。|ピットの制限なしで1体だけ、ピットファイターを召喚し、ピットファイターの総数に応じてステータスが増加する。|총 피트 파이터 수에 비례해 능력치가 증가하는 단 하나의 피트 파이터만 소환합니다.|Erzeugt nur einen Grubenkämpfer mit erhöhten Werten, die von der Gesamtzahl der Grubenkämpfer abhängen.|N'engendre qu'un seul combattant de la fosse avec des statistiques améliorées proportionnellement au nombre total de combattants de la fosse.
subDescBardMoshpitMassacre13|Add multiple flying beach balls into the pit bouncing off of its edges dealing additional damage.||Adiciona várias bolas de praia voadoras no fosso, ricocheteando em suas bordas, causando dano adicional.|Добавьте несколько летающих пляжных мячей в яму, отскакивающих от ее краев, наносящих дополнительный урон.|將多個飛翔的沙灘球放入衝撞範圍內，從衝撞的邊緣彈起，造成額外傷害。|ピットに複数の飛び跳ねるビーチボールを追加し、エッジに当たるたびに追加ダメージを与える。|피트 안에 여러 개의 비치볼을 추가로 소환해 가장자리에 튕기며 추가 데미지를 줍니다.|Fügt mehrere fliegende Wasserbälle in die Grube ein, die von den Rändern abprallen und zusätzlichen Schaden verursachen.|Ajoutez plusieurs ballons de plage volants dans la fosse, rebondissant sur ses bords et infligeant des dégâts supplémentaires.
subDescBardMoshpitMassacre14|Spawn pit fighters without the pits limitations following you around with a portion of their stats.||Surge lutadores do fosso sem as limitações do fosso, seguindo você com uma parte de seus atributos. |Создайте бойцов ямы без ограничений ямы, которые следуют за вами с частью своих характеристик. |生成不受衝撞範圍限制的鬥士，它們會帶著部分屬性跟著你走。 |ピットの制限なしにピットファイターを召喚し、一部のステータスであなたの周りを追いかける。|핏의 제한 없이 피트 파이터를 소환하며, 일부 능력치를 가진 채 플레이어를 따라다닙니다.|Erzeugt Grubenkämpfer ohne die Einschränkungen der Grube, die euch mit einem Teil ihrer Werte folgen. |Génère des combattants de la fosse sans les limitations de la fosse, vous suivant avec une partie de leurs statistiques. 
subProphetCarrionWorm01|Empowered Nervous System||Sistema Nervoso Fortalecido|Усиленная нервная система|強化神經系統|強化神経系|강화된 신경계|Verstärktes Nervensystem|Système nerveux renforcé|Sistema nervioso potenciado|Wzmocniony Układ Nerwowy
subProphetCarrionWorm02|Lingering Mass||Massa Persistente|Затяжная масса|持久品質|残留質量|지속되는 덩어리|Verweilende Masse|Masse persistante|Masa persistente|Trwająca Masa
subProphetCarrionWorm03|Wormtoxins||Toxinas de Verme|Черви-токсины|蠕蟲毒素|ワーム毒素|벌레 독소|Wurmtoxine|Toxines de ver|Toxinas de gusano|Toksyny Robaka
subProphetCarrionWorm04|Inflammatory Touch||Toque Inflamatório|Воспалительное касание|炎症之觸|炎症の触れ|염증성 접촉|Entzündende Berührung|Toucher inflammatoire|Toque inflamatorio|Zapalający Dotyk
subProphetCarrionWorm05|Worm Steroids||Esteroides de Verme|Стероиды червя|蠕蟲類固醇|ワームステロイド|벌레 스테로이드|Wurm-Steroide|Stéroïdes de ver|Esteroides de gusano|Sterydy Robaka
subProphetCarrionWorm06|Burrowing Monstrosity||Monstruosidade Escavadora|Роющее чудовище|掘地怪物|掘り進む怪物|굴착 괴물|Grabende Monstrosität|Monstruosité fouisseuse|Monstruosidad excavadora|Zakopana Potworność
subProphetCarrionWorm07|Parasitic Aftershock||Resposta Parasitária|Паразитический афтершок|寄生餘震|寄生的な余震|기생 여파|Parasitärer Nachschock|Secousse parasitaire|Réplica parasitaria|Pasożytniczy Wstrząs Wtórny
subProphetCarrionWorm08|Linked Nervous Systems||Sistemas Nervosos Interligados|Связанные нервные системы|連結神經系統|連結神経系|연결된 신경계|Verbundene Nervensysteme|Systèmes nerveux liés|Sistemas nerviosos vinculados|Połączone Układy Nerwowe
subProphetCarrionWorm09|Pulsating Touch||Toque Pulsante|Пульсирующее касание|脈動之觸|脈打つ触れ|맥동하는 접촉|Pulsierende Berührung|Toucher pulsant|Toque pulsante|Pulsujący Dotyk
subProphetCarrionWorm10|Lingering Worm||Verme Persistente|Затяжной червь|持久蠕蟲|残留ワーム|지속되는 벌레|Verweilender Wurm|Ver persistant|Gusano persistente|Trwający Robak
subProphetCarrionWorm11|Parasitic Aura||Aura Parasitária|Паразитическая аура|寄生光環|寄生オーラ|기생 오라|Parasitäre Aura|Aura parasitaire|Aura parasitaria|Pasożytnicza Aura
subProphetCarrionWorm12|Earthworm||Minhoca|Дождевой червь|地蟲|ミミズ|지렁이|Regenwurm|Ver de terre|Gusano de tierra|Dżdżownica
subProphetCarrionWorm13|Conjured Branches||Galhos Conjurados|Призванные ветви|召喚樹枝|召喚された枝|소환된 가지|Beschworene Äste|Branches invoquées|Ramas conjuradas|Przywołane Gałęzie
subProphetCarrionWorm14|Devouring Worm||Verme Devorador|Пожирающий червь|吞噬蠕蟲|貪るワーム|탐식하는 벌레|Verschlingender Wurm|Ver dévorant|Gusano devorador|Pożerający Robak
subDescProphetCarrionWorm01|Increases the carrion worm´s attack frequency.||Aumenta a frequência de ataque do verme carniceiro.|Увеличивает частоту атак падального червя.|增加腐肉蠕蟲的攻擊頻率。|腐肉ワームの攻撃頻度を増加させる。|시체 벌레의 공격 빈도를 증가시킵니다.|Erhöht die Angriffsfrequenz des Aaswurms.|Augmente la fréquence d'attaque du ver de charogne.|Aumenta la frecuencia de ataque del gusano de carroña.|Zwiększa częstotliwość ataku carrion worm.
subDescProphetCarrionWorm02|Increases damage dealt by carrion worm.||Aumenta o dano causado pelo verme carniceiro.|Увеличивает урон, наносимый падальным червём.|增加腐肉蠕蟲造成的傷害。|腐肉ワームが与えるダメージを増加させる。|시체 벌레가 주는 피해를 증가시킵니다.|Erhöht den Schaden des Aaswurms.|Augmente les dégâts infligés par le ver de charogne.|Aumenta el daño infligido por el gusano de carroña.|Zwiększa obrażenia zadawane przez carrion worm.
subDescProphetCarrionWorm03|Increases poisoned damage inflicted by carrion worm.||Aumenta o dano de envenenamento infligido pelo verme carniceiro.|Увеличивает урон от отравления, наносимый падальным червём.|增加腐肉蠕蟲造成的毒素傷害。|腐肉ワームが与える毒ダメージを増加させる。|시체 벌레가 주는 중독 피해를 증가시킵니다.|Erhöht den Gift-Schaden, den der Aaswurm verursacht.|Augmente les dégâts de poison infligés par le ver de charogne.|Aumenta el daño de veneno infligido por el gusano de carroña.|Zwiększa obrażenia poisoned zadawane przez carrion worm.
subDescProphetCarrionWorm04|Deal increased damage to poisoned targets.||Causa dano aumentado a alvos envenenados.|Наносит увеличенный урон отравленным целям.|對中毒目標造成更多傷害。|毒状態の対象に与えるダメージを増加させる。|중독된 대상에게 증가된 피해를 줍니다.|Verursacht erhöhten Schaden gegen vergiftete Ziele.|Inflige des dégâts augmentés aux cibles empoisonnées.|Inflige daño aumentado a objetivos envenenados.|Zadaje zwiększone obrażenia zatrutym celom.
subDescProphetCarrionWorm05|Increases the size of the carrion worm.||Aumenta o tamanho do verme carniceiro.|Увеличивает размер падального червя.|增加腐肉蠕蟲的大小。|腐肉ワームのサイズを増加させる。|시체 벌레의 크기를 증가시킵니다.|Erhöht die Größe des Aaswurms.|Augmente la taille du ver de charogne.|Aumenta el tamaño del gusano de carroña.|Zwiększa rozmiar carrion worm.
subDescProphetCarrionWorm06|Chance on hit to knock monsters up stunning and dealing additional damage.||Chance ao acertar de arremessar monstros para o ar, atordoando-os e causando dano adicional.|При попадании есть шанс подбросить монстров в воздух, оглушить и нанести дополнительный урон.|命中時有機率將怪物擊飛並使其眩暈，並造成額外傷害。|命中時にモンスターを空中に打ち上げ、スタンと追加ダメージを与える確率。|명중 시 몬스터를 공중으로 띄우며 기절시키고 추가 피해를 주는 확률.|Chance beim Treffer, Monster in die Luft zu schleudern, sie zu betäuben und zusätzlichen Schaden zu verursachen.|Probabilité au coup de projeter les monstres en l'air en les étourdissant et en infligeant des dégâts supplémentaires.|Probabilidad al impactar de lanzar monstruos al aire aturdiéndolos e infligiendo daño adicional.|Szansa przy trafieniu na wyrzucenie potworów w górę ogłuszając i zadając dodatkowe obrażenia.
subDescProphetCarrionWorm07|Monsters hit by the carrion worm have a chance to explode when killed dealing increased damage on a large radius.||Monstros atingidos pelo verme carniceiro têm chance de explodir ao morrer, causando dano aumentado em uma grande área.|Монстры, поражённые падальным червём, при смерти имеют шанс взорваться, нанося увеличенный урон в большом радиусе.|被腐肉蠕蟲擊中的怪物在死亡時有機率爆炸，對大範圍內的敵人造成更高的傷害。|腐肉ワームに当たったモンスターは死亡時に爆発し、大範囲で増加ダメージを与える確率。|시체 벌레에 맞은 몬스터는 사망 시 폭발하여 큰 범위에 증가된 피해를 줍니다.|Monster, die vom Aaswurm getroffen wurden, haben Chance, beim Tod zu explodieren und erhöhten Schaden auf einem großen Radius zu verursachen.|Les monstres touchés par le ver de charogne ont une chance d'exploser lorsqu'ils sont tués en infligeant des dégâts augmentés sur un grand rayon.|Los monstruos golpeados por el gusano de carroña tienen probabilidad de explotar al morir infligiendo daño aumentado en un gran radio.|Potwory trafione carrion worm mają szansę eksplodować gdy zginą zadając zwiększone obrażenia na dużym promieniu.
subDescProphetCarrionWorm08|Chance to unleash a toxic chain inflicting poisoned on hit.||Chance de liberar uma corrente tóxica que inflige envenenamento ao acertar.|Есть шанс выпустить токсичную цепь, накладывающую отравление при попадании.|有機率釋放一條毒性連鎖攻擊，使目標中毒。|命中時に毒の鎖を放ち、毒を付与する確率。|명중 시 독성 사슬을 방출하여 중독을 부여할 확률.|Chance, eine giftige Kette freizusetzen, die beim Treffer Vergiftung verursacht.|Probabilité de libérer une chaîne toxique infligeant un empoisonnement au coup.|Probabilidad de liberar una cadena tóxica infligiendo veneno al impactar.|Szansa na uwolnienie toksycznego łańcucha nakładającego poisoned przy trafieniu.
subDescProphetCarrionWorm09|Chance for carrion worm´s attacks to echo an additional time.||Chance de os ataques do verme carniceiro ecoarem uma vez adicional.|Атаки падального червя имеют шанс повториться дополнительный раз.|腐肉蠕蟲的攻擊有機率額外重複一次。|腐肉ワームの攻撃が追加で反響する確率。|시체 벌레의 공격이 추가로 반향할 확률.|Chance, dass Angriffe des Aaswurms ein weiteres Mal widerhallen.|Probabilité que les attaques du ver de charogne résonnent une fois supplémentaire.|Probabilidad de que los ataques del gusano de carroña resuenen una vez adicional.|Szansa na to, że ataki carrion worm odbiją się dodatkowy raz.
subDescProphetCarrionWorm10|Increases the movement speed and attack radius of the carrion worm.||Aumenta a velocidade de movimento e o raio de ataque do verme carniceiro.|Увеличивает скорость передвижения и радиус атаки падального червя.|提高腐肉蠕蟲的移動速度和攻擊範圍。|腐肉ワームの移動速度と攻撃範囲を増加させる。|시체 벌레의 이동 속도와 공격 반경을 증가시킵니다.|Erhöht die Bewegungsgeschwindigkeit und den Angriffsradius des Aaswurms.|Augmente la vitesse de mouvement et le rayon d'attaque du ver de charogne.|Aumenta la velocidad de movimiento y el radio de ataque del gusano de carroña.|Zwiększa prędkość ruchu i promień ataku carrion worm.
subDescProphetCarrionWorm11|Deal a portion of the damage to all nearby monsters slowing them.||Causa uma parte do dano a todos os monstros próximos, reduzindo sua velocidade de movimento.|Наносит часть урона всем ближайшим монстрам и замедляет их.|對附近所有怪物造成部分傷害並減緩它們的移動速度。|近くのすべてのモンスターに一部のダメージを与え、減速させる。|근처 모든 몬스터에게 일부 피해를 주고 둔화시킵니다.|Verursacht einen Teil des Schadens bei allen nahen Monstern und verlangsamt sie.|Inflige une partie des dégâts à tous les monstres proches en les ralentissant.|Inflige una porción del daño a todos los monstruos cercanos ralentizándolos.|Zadaje część obrażeń wszystkim pobliskim potworom spowalniając je.
subDescProphetCarrionWorm12|Increases the size and damage of the carrion worm.||Aumenta o tamanho e o dano do verme carniceiro.|Увеличивает размер и урон падального червя.|增加腐肉蠕蟲的大小和傷害。|腐肉ワームのサイズとダメージを増加させる。|시체 벌레의 크기와 피해를 증가시킵니다.|Erhöht die Größe und den Schaden des Aaswurms.|Augmente la taille et les dégâts du ver de charogne.|Aumenta el tamaño y el daño del gusano de carroña.|Zwiększa rozmiar i obrażenia carrion worm.
subDescProphetCarrionWorm13|Thorned Branches orbit around the carrion worm dealing damage to monsters stunning them on hit.||Galhos Espinhosos orbitam ao redor do verme carniceiro, causando dano aos monstros e atordoando-os ao atingi-los.|Шипастые ветви вращаются вокруг падального червя, нанося урон монстрам и оглушая их при попадании.|荊棘根枝圍繞著腐肉蠕蟲旋轉，對怪物造成傷害並在擊中時使其眩暈。|棘のある枝が腐肉ワームの周りを回転し、モンスターにダメージを与え、命中時にスタンさせる。|가시 돋친 가지가 시체 벌레 주위를 회전하며 몬스터에게 피해를 주고 명중 시 기절시킵니다.|Dornige Äste umkreisen den Aaswurm und verursachen Schaden bei Monstern, die sie beim Treffer betäuben.|Des branches épineuses orbitent autour du ver de charogne en infligeant des dégâts aux monstres et en les étourdissant au coup.|Ramas espinosas orbitan alrededor del gusano de carroña infligiendo daño a monstruos aturdiéndolos al impactar.|Cierniste Gałęzie orbitują wokół carrion worm zadając obrażenia potworom ogłuszając je przy trafieniu.
subDescProphetCarrionWorm14|Carrion worm devours nearby corpses unleashing a large explosion dealing damage and providing you with increased life and life replenish for a short duration stacking up to 10.||O verme carniceiro devora cadáveres próximos, liberando uma grande explosão que causa dano e concede a você aumento de vida e regeneração de vida por um curto período, acumulando até 10 vezes. |Падальный червь пожирает ближайшие трупы, вызывая большой взрыв, наносящий урон и дающий вам увеличение жизни и восстановления жизни на короткое время (до 10 стаков).|腐肉蠕蟲吞噬附近的屍體，引發劇烈爆炸造成傷害，並在短時間內的為你提升生命值和生命恢復速度加成，最多可疊加10層。|腐肉ワームは近くの死体を貪り、大きな爆発を起こしてダメージを与え、短時間あなたに増加したライフとライフ回復を提供する（最大10スタック）。|시체 벌레는 근처 시체를 탐식하여 큰 폭발을 일으켜 피해를 주고, 짧은 시간 동안 당신에게 증가된 생명력과 생명력 회복을 제공합니다 (최대 10중첩).|Der Aaswurm verschlingt nahe Leichen und entfesselt eine große Explosion, die Schaden verursacht und dir für kurze Zeit erhöhte Leben und Lebensregeneration gewährt (bis zu 10 Stapel).|Le ver de charogne dévore les cadavres proches en libérant une grande explosion infligeant des dégâts et te fournissant une vie et une régénération de vie augmentées pendant un court moment s'accumulant jusqu'à 10.|El gusano de carroña devora cadáveres cercanos liberando una gran explosión infligiendo daño y proporcionándote vida y regeneración de vida aumentadas durante un corto tiempo acumulándose hasta 10.|Carrion worm pożera pobliskie trupy uwalniając dużą eksplozję zadającą obrażenia i dającą ci zwiększone życie i replenish życia na krótki czas stackując do 10.
subProphetThornedRoots01|Strangulating Branches||Galhos Estranguladores|Удушающие ветви|絞殺樹枝|絞め殺す枝|목 조르는 가지|Erstickende Äste|Branches étranglantes|Ramas estranguladoras|Duszące Gałęzie
subProphetThornedRoots02|Painful Thorns||Espinhos Dolorosos|Болезненные шипы|痛苦荊棘|痛い棘|고통스러운 가시|Schmerzhafte Dornen|Épines douloureuses|Espinas dolorosas|Bolesne Kolce
subProphetThornedRoots03|Toxic Amplification||Amplificação Tóxica|Токсичное усиление|毒性放大|毒素増幅|독소 증폭|Toxische Verstärkung|Amplification toxique|Amplificación tóxica|Wzmacnianie Toksyczne
subProphetThornedRoots04|Thorned Wrath||Ira Espinhosa|Шипастый гнев|荊棘之怒|棘の怒り|가시의 분노|Dorniger Zorn|Colère épineuse|Ira espinosa|Kolczasty Gniew
subProphetThornedRoots05|Poison Ivy||Hera Venenosa|Ядовитый плющ|毒藤蔓|毒のツタ|독성 아이비|Giftiger Efeu|Lierre venimeux|Hiedra venenosa|Trujący Bluszcz
subProphetThornedRoots06|Magnitude of Roots||Magnitude das Raízes|Величина корней|巨根|根の大きさ|뿌리의 규모|Magnitude der Wurzeln|Magnitude des racines|Magnitud de raíces|Wielkość Korzeni
subProphetThornedRoots07|Venomous Strangulation||Estrangulamento Venenoso|Ядовитое удушение|窒息毒液|毒の絞め殺し|독성 목 조르기|Giftige Erstickung|Strangulation venimeuse|Estrangulación venenosa|Jadowite Duszenie
subProphetThornedRoots08|Extended Roots||Raízes Estendidas|Удлинённые корни|延長根系|延長された根|연장된 뿌리|Erweiterte Wurzeln|Racines étendues|Raíces extendidas|Wydłużone Korzenie
subProphetThornedRoots09|Asphyxiating Grasp||Aperto Asfixiante|Удушающий захват|窒息之握|窒息する握り|질식하는 손아귀|Erstickender Griff|Agarre asphyxiant|Agarre asfixiante|Duszące Uchwyty
subProphetThornedRoots10|Rooted Essence||Essência Enraizada|Корневая сущность|根源精華|根のエッセンス|뿌리의 본질|Verwurzelte Essenz|Essence enracinée|Esencia enraizada|Istota Korzeni
subProphetThornedRoots11|Nature´s Path||Caminho da Natureza|Путь природы|自然之路|自然の道|자연의 길|Pfad der Natur|Chemin de la nature|Camino de la naturaleza|Ścieżka Natury
subProphetThornedRoots12|Gigathorn||Gigaespinho|Гигантский шип|巨型荊棘|巨大棘|거대 가시|Gigadorn|Gigathorn|Gigathorn|Gigakolec
subProphetThornedRoots13|Poison Roots||Raízes Venenosas|Ядовитые корни|毒根|毒の根|독성 뿌리|Giftwurzeln|Racines de poison|Raíces de veneno|Trujące Korzenie
subProphetThornedRoots14|Hungering Hive Mind||Mente Coletiva Faminta|Голодный улей разума|飢餓蜂巢思維|飢えたハイブマインド|굶주린 하이브 마인드|Hungriges Schwarmbewusstsein|Esprit de ruche affamé|Mente colmena hambrienta|Głodny Umysł Roju
subDescProphetThornedRoots01|Increases poisoned frequency by thorned roots.||Aumenta a frequência de envenenamento por raízes espinhosas.|Увеличивает частоту отравления от шипастых корней.|增加荊棘根鬚造成的中毒頻率。|棘の根による毒の頻度を増加させる。|가시 뿌리에 의한 중독 빈도를 증가시킵니다.|Erhöht die Giftfrequenz der dornigen Wurzeln.|Augmente la fréquence d'empoisonnement des racines épineuses.|Aumenta la frecuencia de envenenamiento de las raíces espinosas.|Zwiększa częstotliwość poisoned przez thorned roots.
subDescProphetThornedRoots02|Increases damage dealt by thorned roots.||Aumenta o dano causado por raízes espinhosas.|Увеличивает урон, наносимый шипастыми корнями.|增加荊棘根鬚造成的傷害。|棘の根が与えるダメージを増加させる。|가시 뿌리가 주는 피해를 증가시킵니다.|Erhöht den Schaden der dornigen Wurzeln.|Augmente les dégâts infligés par les racines épineuses.|Aumenta el daño infligido por las raíces espinosas.|Zwiększa obrażenia zadawane przez thorned roots.
subDescProphetThornedRoots03|Increases damage dealt to monsters inflicted by poisoned.||Aumenta o dano causado a monstros envenenados.|Увеличивает урон по отравленным монстрам.|增加對中毒怪物造成的傷害。|毒状態のモンスターに与えるダメージを増加させる。|중독된 몬스터에게 주는 피해를 증가시킵니다.|Erhöht den Schaden gegen Monster, die mit Gift belegt sind.|Augmente les dégâts infligés aux monstres affectés par l'empoisonnement.|Aumenta el daño infligido a monstruos afectados por veneno.|Zwiększa obrażenia zadawane potworom dotkniętym poisoned.
subDescProphetThornedRoots04|Increases faster cast rate when using thorned roots.||Aumenta a velocidade de conjuração ao usar raízes espinhosas.|Увеличивает скорость применения при использовании шипастых корней.|使用荊棘根鬚時，提高施法速度。|棘の根使用時のキャスト速度を増加させる。|가시 뿌리 사용 시 시전 속도를 증가시킵니다.|Erhöht die Zaubergeschwindigkeit beim Verwenden dorniger Wurzeln.|Augmente la vitesse de lancer lors de l'utilisation des racines épineuses.|Aumenta la velocidad de lanzamiento al usar raíces espinosas.|Zwiększa szybszą szybkość rzucania podczas używania thorned roots.
subDescProphetThornedRoots05|Chance on monster kill to summon a poison ivy which shoots pores at nearby monsters inflicting poisoned on hit.||Chance ao matar um monstro de invocar uma hera venenosa que dispara poros em monstros próximos, infligindo envenenamento ao atingi-los.|При убийстве монстра есть шанс призвать ядовитый плющ, который стреляет спорами в ближайших монстров, накладывая отравление.|殺死怪物有幾率召喚毒藤，毒藤會向附近的怪物噴射毒液，造成中毒效果。|モンスターを倒した時に毒のツタを召喚し、近くのモンスターに胞子を撃って毒を付与する確率。|몬스터 처치 시 독성 아이비를 소환하여 근처 몬스터에게 포자를 발사해 중독을 부여할 확률.|Chance beim Töten eines Monsters, einen giftigen Efeu zu beschwören, der Poren auf nahe Monster schießt und beim Treffer Vergiftung verursacht.|Probabilité à la mort d'un monstre d'invoquer un lierre venimeux qui tire des pores sur les monstres proches en infligeant un empoisonnement au coup.|Probabilidad al matar un monstruo de invocar una hiedra venenosa que dispara poros a monstruos cercanos infligiendo veneno al impactar.|Szansa przy zabiciu potwora na przywołanie poison ivy która strzela porami w pobliskie potwory nakładając poisoned przy trafieniu.
subDescProphetThornedRoots06|Increases the size and area of effect radius of thorned roots||Aumenta o tamanho e o raio da área de efeito de raízes espinhosas.|Увеличивает размер и радиус действия шипастых корней.|增加荊棘根鬚的大小和範圍半徑。|棘の根のサイズと効果範囲を増加させる。|가시 뿌리의 크기와 효과 범위를 증가시킵니다.|Erhöht die Größe und den Flächenwirkungsradius der dornigen Wurzeln.|Augmente la taille et le rayon de zone d'effet des racines épineuses.|Aumenta el tamaño y el radio de área de efecto de las raíces espinosas.|Zwiększa rozmiar i promień obszaru działania thorned roots.
subDescProphetThornedRoots07|Chance to inflict poison break on hit.||Chance de infligir quebra de veneno ao atingir um alvo.|Есть шанс наложить разрыв яда.|擊中時有機率造成毒素破壞。|毒破裂を付与する確率。|독 파열을 부여할 확률.|Chance, beim Treffer Giftbruch zu verursachen.|Probabilité d'infliger un bris de poison au coup.|Probabilidad de infligir ruptura de veneno al impactar.|Szansa na nałożenie poison break przy trafieniu.
subDescProphetThornedRoots08|Increases the duration of thorned roots.||Aumenta a duração de raízes espinhosas.|Увеличивает длительность шипастых корней.|延長荊棘根鬚的持續時間。|棘の根の持続時間を増加させる。|가시 뿌리의 지속 시간을 증가시킵니다.|Erhöht die Dauer der dornigen Wurzeln.|Augmente la durée des racines épineuses.|Aumenta la duración de las raíces espinosas.|Zwiększa czas trwania thorned roots.
subDescProphetThornedRoots09|Chance on hit to deal double damage.||Chance ao atingir um alvo de causar dano dobrado.|При попадании есть шанс нанести двойной урон.|擊中時有機率造成雙倍傷害。|命中時に2倍ダメージを与える確率。|명중 시 2배 피해를 줄 확률.|Chance beim Treffer, doppelten Schaden zu verursachen.|Probabilité au coup d'infliger des dégâts doubles.|Probabilidad al impactar de infligir daño doble.|Szansa przy trafieniu na zadanie podwójnych obrażeń.
subDescProphetThornedRoots10|Decreases mana cost and movement diminish when using thorned roots.||Reduz o custo de mana e a redução de movimento ao usar raízes espinhosas.|Снижает расход маны и уменьшение движения при использовании шипастых корней.|降低使用荊棘根鬚時移動速度降低的效果與法力消耗。|棘の根使用時のマナコストと移動減少を軽減する。|가시 뿌리 사용 시 마나 소모와 이동 감소를 감소시킵니다.|Verringert Manakosten und Bewegungsminderung beim Verwenden dorniger Wurzeln.|Réduit le coût en mana et la diminution de mouvement lors de l'utilisation des racines épineuses.|Reduce el costo de maná y la disminución de movimiento al usar raíces espinosas.|Zmniejsza koszt many i zmniejszenie ruchu podczas używania thorned roots.
subDescProphetThornedRoots11|Unleash an additional trail of roots.||Libera um rastro adicional de raízes.|Выпускает дополнительную дорожку корней.|釋放出額外一條荊棘根鬚。|追加の根の軌跡を放つ。|추가 뿌리 궤적을 방출합니다.|Entfessle einen zusätzlichen Wurzelpfad.|Libère une traînée supplémentaire de racines.|Libera un rastro adicional de raíces.|Uwolnij dodatkowy ślad korzeni.
subDescProphetThornedRoots12|Unleash a massive thorn that sends roots in all directions on hit. Thorned Roots now has a cooldown.||Libera um espinho enorme que envia raízes em todas as direções ao atingir o alvo. Raízes Espinhosas agora possui um tempo de recarga.|Выпускает огромный шип, который отправляет корни во все стороны при попадании. Шипастые корни теперь имеют время восстановления.|釋放一道巨大的荊棘根鬚，擊中目標後會向四面八方伸出根鬚。荊棘根鬚現在有冷卻時間。|巨大な棘を放ち、命中時にすべての方向に根を送信する。棘の根は現在クールダウンを持つ。|거대한 가시를 방출하여 명중 시 모든 방향으로 뿌리를 보냅니다. 가시 뿌리는 이제 쿨타임이 있습니다.|Entfessle einen massiven Dorn, der beim Treffer Wurzeln in alle Richtungen sendet. Dornige Wurzeln haben nun eine Abklingzeit.|Libère une épine massive qui envoie des racines dans toutes les directions au coup. Les racines épineuses ont désormais un temps de recharge.|Libera una espina masiva que envía raíces en todas direcciones al impactar. Las raíces espinosas ahora tienen un tiempo de reutilización.|Uwolnij masywny kolec wysyłający korzenie we wszystkich kierunkach przy trafieniu. Thorned Roots ma teraz cooldown.
subDescProphetThornedRoots13|Increases the stacks of poisoned thorned roots can apply on monsters.||Aumenta o número de acúmulos de raízes espinhosas envenenadas que podem ser aplicados aos monstros.|Увеличивает количество стаков отравления, которые могут наложить шипастые корни на монстров.|增加荊棘根鬚對怪物施加的層數。|棘の根がモンスターに適用できる毒のスタック数を増加させる。|가시 뿌리가 몬스터에게 적용할 수 있는 중독 중첩 수를 증가시킵니다.|Erhöht die Giftstapel, die dornige Wurzeln auf Monster anwenden können.|Augmente les cumuls d'empoisonnement que les racines épineuses peuvent appliquer sur les monstres.|Aumenta los acumulados de veneno que las raíces espinosas pueden aplicar a monstruos.|Zwiększa stacki poisoned które thorned roots może nałożyć na potwory.
subDescProphetThornedRoots14|Roots travel towards the next closest target after each hit unleashing an area of effect pulse.||As raízes se movem em direção ao alvo mais próximo após cada acerto, liberando um pulso de efeito em área. |После каждого попадания корни движутся к следующей ближайшей цели, выпуская импульс в области действия.|每次命中目標後，荊棘根鬚都會向下一個最近的目標延伸，並釋放出範圍傷害的脈衝。|各命中後、根は次の最も近い対象に向かって移動し、範囲パルスを放つ。|각 명중 후 뿌리는 다음 가장 가까운 대상으로 이동하며 범위 펄스를 방출합니다.|Wurzeln bewegen sich nach jedem Treffer zum nächsten nächsten Ziel und entfesseln eine Flächenwirkungs-Pulsation.|Les racines voyagent vers la prochaine cible la plus proche après chaque coup en libérant une pulsation de zone d'effet.|Las raíces viajan hacia el siguiente objetivo más cercano después de cada impacto liberando una pulsación de área de efecto.|Korzenie podróżują w kierunku następnego najbliższego celu po każdym trafieniu uwalniając puls obszarowy.
subProphetRaven01|Power of the Flock||Poder do Bando|Сила стаи|鴉群之力|群れの力|무리의 힘|Macht des Schwarms|Pouvoir du troupeau|Poder del rebaño|Moc Stada
subProphetRaven02|Cadaver Pecking||Bicada de Cadáver|Клевание трупов|屍體啄食|死体をつつく|시체 쪼기|Kadaver-Picken|Picorage de cadavre|Picoteo de cadáver|Dziobanie Padliny
subProphetRaven03|Frenzied Bird||Pássaro Frenético|Неистовая птица|狂鳥|狂暴な鳥|광폭한 새|Wahnsinniger Vogel|Oiseau frénétique|Pájaro frenético|Wściekły Ptak
subProphetRaven04|Raven Eye||Olho de Corvo|Глаз ворона|渡鴉之眼|カラスの目|까마귀의 눈|Rabenauge|Œil de corbeau|Ojo de cuervo|Oko Kruka
subProphetRaven05|Master of Ravens||Mestre dos Corvos|Мастер воронов|渡鴉之主|カラスの達人|까마귀의 대가|Meister der Raben|Maître des corbeaux|Maestro de cuervos|Mistrz Kruków
subProphetRaven06|Ravens Flight||Voo dos Corvos|Полёт воронов|渡鴉飛行|カラスの飛行|까마귀 비행|Rabenflug|Vol des corbeaux|Vuelo de cuervos|Lot Kruków
subProphetRaven07|Battle Screech||Grito de Batalha|Боевое карканье|戰鬥尖嘯|戦闘の叫び|전투 외침|Kampfschrei|Cri de bataille|Grito de batalla|Bitwowy Skrzek
subProphetRaven08|Wounding Advantage||Vantagem de Ferimento|Ранящее преимущество|創傷優勢|傷つける優位性|상처 입히는 우위|Verletzender Vorteil|Avantage blessant|Ventaja hiriente|Korzyść z Ran
subProphetRaven09|Wounds Ripped Open||Feridas Abertas|Разорванные раны|撕裂傷口|引き裂かれた傷|찢긴 상처|Aufgerissene Wunden|Blessures arrachées|Heridas desgarradas|Rozrywane Rany
subProphetRaven10|Summon The Flock||Invocar o Bando|Призыв стаи|召喚鴉群|群れの召喚|무리 소환|Beschwöre den Schwarm|Invoque le troupeau|Invoca el rebaño|Przywołaj Stado
subProphetRaven11|Honey Stinger||Ferro de Mel|Жало мёда|蜂刺|蜂の針|꿀벌 침|Honigstachel|Aiguillon de miel|Aguijón de miel|Żądło Miodu
subProphetRaven12|Flock of Feathers||Bando de Penas|Стая перьев|鴉群之羽|羽の群れ|깃털 무리|Federbande|Nuée de plumes|Bandada de plumas|Stado Piór
subProphetRaven13|Rupturing Pull||Puxão Rupturante|Разрывающий рывок|斷裂拉力|破裂する引き寄せ|파열하는 끌어당김|Zerreißender Zug|Tiraillement déchirant|Tirón rupturante|Rozrywające Przyciąganie
subProphetRaven14|Tempest of Ravens||Tempestade de Corvos|Буря воронов|渡鴉風暴|カラスの嵐|까마귀 폭풍|Raben-Tempest|Tempête de corbeaux|Tempestad de cuervos|Tempest Kruków
subDescProphetRaven01|Increases the maximum amount of ravens you can summon.||Aumenta a quantidade máxima de corvos que você pode invocar.|Увеличивает максимальное количество воронов, которых вы можете призвать.|增加你可以召喚的渡鴉的最大數量。|召喚できるカラスの最大数を増加させる。|소환할 수 있는 까마귀의 최대 수를 증가시킵니다.|Erhöht die maximale Anzahl an Raben, die du beschwören kannst.|Augmente la quantité maximale de corbeaux que tu peux invoquer.|Aumenta la cantidad máxima de cuervos que puedes invocar.|Zwiększa maksymalną liczbę kruków które możesz przywołać.
subDescProphetRaven02|Increases the damage dealt by ravens.||Aumenta o dano causado pelos corvos.|Увеличивает урон, наносимый воронами.|增加渡鴉造成的傷害。|カラスが与えるダメージを増加させる。|까마귀가 주는 피해를 증가시킵니다.|Erhöht den Schaden der Raben.|Augmente les dégâts infligés par les corbeaux.|Aumenta el daño infligido por los cuervos.|Zwiększa obrażenia zadawane przez kruki.
subDescProphetRaven03|Increases the attack speed of ravens.||Aumenta a velocidade de ataque dos corvos.|Увеличивает скорость атаки воронов.|增加渡鴉的攻擊速度。|カラスの攻撃速度を増加させる。|까마귀의 공격 속도를 증가시킵니다.|Erhöht die Angriffsgeschwindigkeit der Raben.|Augmente la vitesse d'attaque des corbeaux.|Aumenta la velocidad de ataque de los cuervos.|Zwiększa prędkość ataku kruków.
subDescProphetRaven04|Increases the detection range of ravens.|||Увеличивает дальность обнаружения воронов.|提高烏鴉的偵測範圍。||까마귀의 탐지 범위를 확대합니다.|||Aumenta el rango de detección de los cuervos.|
subDescProphetRaven05|Increases the maximum amount of ravens you can summon but decreases the damage dealt.||Aumenta a quantidade máxima de corvos que você pode invocar, mas diminui o dano causado.|Увеличивает максимальное количество воронов, которых вы можете призвать, но уменьшает наносимый урон.|增加可召喚渡鴉的最大數量，但降低造成的傷害。|召喚できるカラスの最大数を増加させるが、与えるダメージを減少させる。|소환할 수 있는 까마귀의 최대 수를 증가시키지만 주는 피해는 감소시킵니다.|Erhöht die maximale Anzahl an Raben, die du beschwören kannst, verringert aber den verursachten Schaden.|Augmente la quantité maximale de corbeaux que tu peux invoquer mais réduit les dégâts infligés.|Aumenta la cantidad máxima de cuervos que puedes invocar pero reduce el daño infligido.|Zwiększa maksymalną liczbę kruków które możesz przywołać, ale zmniejsza zadawane obrażenia.
subDescProphetRaven06|Increases the movement speed and damage dealt by ravens.||Aumenta a velocidade de movimento e o dano causado pelos corvos.|Увеличивает скорость передвижения и урон, наносимый воронами.|提高渡鴉的移動速度和傷害。|カラスの移動速度と与えるダメージを増加させる。|까마귀의 이동 속도와 주는 피해를 증가시킵니다.|Erhöht die Bewegungsgeschwindigkeit und den Schaden der Raben.|Augmente la vitesse de mouvement et les dégâts infligés par les corbeaux.|Aumenta la velocidad de movimiento y el daño infligido por los cuervos.|Zwiększa prędkość ruchu i obrażenia zadawane przez kruki.
subDescProphetRaven07|Chance on attack to unleash a battle screech dealing area of effect damage in a cone in front of the raven.||Chance ao atacar de soltar um grito de batalha que causa dano em área em um cone à frente do corvo.|При атаке есть шанс выпустить боевое карканье, наносящее урон в области в форме конуса перед вороном.|攻擊時有機率釋放戰鬥尖嘯，對渡鴉前方錐形範圍內的目標造成範圍傷害。|攻撃時に戦闘の叫びを放ち、カラスの前方コーン状に範囲ダメージを与える確率。|공격 시 전투 외침을 방출하여 까마귀 앞쪽 원뿔 모양으로 범위 피해를 줄 확률.|Chance beim Angriff, einen Kampfschrei freizusetzen, der Flächenschaden in einem Kegel vor dem Raben verursacht.|Probabilité à l'attaque de libérer un cri de bataille infligeant des dégâts de zone d'effet en cône devant le corbeau.|Probabilidad al atacar de liberar un grito de batalla infligiendo daño de área de efecto en un cono frente al cuervo.|Szansa przy ataku na uwolnienie battle screech zadającego obrażenia obszarowe w stożku przed krukiem.
subDescProphetRaven08|Increases damage dealt to monsters inflicted by bleed.||Aumenta o dano causado a monstros afetados por sangramento.|Увеличивает урон по монстрам, находящимся под действием кровотечения.|增加對處於流血狀態的怪物造成的傷害。|出血状態のモンスターに与えるダメージを増加させる。|출혈 상태 몬스터에게 주는 피해를 증가시킵니다.|Erhöht den Schaden gegen Monster, die mit Blutung belegt sind.|Augmente les dégâts infligés aux monstres affectés par le saignement.|Aumenta el daño infligido a monstruos afectados por sangrado.|Zwiększa obrażenia zadawane potworom dotkniętym krwawieniem.
subDescProphetRaven09|Chance on hit to cause bleeding, converting all other damage over time ailments to bleeding.||Chance de causar sangramento ao acertar, convertendo todos os outros efeitos negativos de dano contínuo em sangramento.|При попадании есть шанс вызвать кровотечение, превращая все остальные эффекты периодического урона в кровотечение.|擊中時有機率造成流血，並將所有其他持續傷害效果轉化為流血效果。|命中時に出血を起こし、他のすべての持続ダメージ状態を出血に変換する確率。|명중 시 출혈을 유발하며, 다른 모든 지속 피해 상태를 출혈로 변환할 확률.|Chance beim Treffer, Blutung zu verursachen und alle anderen Schaden-über-Zeit-Effekte in Blutung umzuwandeln.|Probabilité au coup de causer un saignement en convertissant tous les autres maux de dégâts sur la durée en saignement.|Probabilidad al impactar de causar sangrado, convirtiendo todos los demás daños con el tiempo en sangrado.|Szansa przy trafieniu na spowodowanie krwawienia, zamieniając wszystkie inne dolegliwości obrażeń w czasie na krwawienie.
subDescProphetRaven10|Summons all ravens at once with increased movement speed and damage for a short duration. Summon Raven now has a cooldown.||Invoca todos os corvos de uma só vez com velocidade de movimento e dano aumentados por um curto período. Invocar Corvo agora tem um tempo de recarga.|Призывает всех воронов одновременно с увеличенной скоростью передвижения и уроном на короткое время. Призыв ворона теперь имеет время восстановления.|一次性召喚所有渡鴉，短時間內提升移動速度和傷害。召喚渡鴉現在有冷卻時間。|一度にすべてのカラスを召喚し、短時間移動速度とダメージを増加させる。カラスの召喚は現在クールダウンを持つ。|한 번에 모든 까마귀를 소환하며 짧은 시간 동안 이동 속도와 피해를 증가시킵니다. 까마귀 소환은 이제 쿨타임이 있습니다.|Beschwört alle Raben auf einmal mit erhöhter Bewegungsgeschwindigkeit und erhöhtem Schaden für kurze Zeit. Raben beschwören hat nun eine Abklingzeit.|Invoque tous les corbeaux en même temps avec une vitesse de mouvement et des dégâts augmentés pendant un court moment. L'invocation de corbeau a désormais un temps de recharge.|Invoca todos los cuervos a la vez con velocidad de movimiento y daño aumentados durante un corto tiempo. Invocar cuervo ahora tiene un tiempo de reutilización.|Przywołuje wszystkie kruki naraz ze zwiększoną prędkością ruchu i obrażeniami na krótki czas. Summon Raven ma teraz cooldown.
subDescProphetRaven11|Ravens turn into wasps firing multiple projectiles per attack.||Os corvos se transformam em vespas, disparando múltiplos projéteis por ataque.|Вороны превращаются в ос, выпускающих несколько снарядов за атаку.|渡鴉化身為黃蜂，每次攻擊發射多枚投射物。|カラスはスズメバチに変わり、攻撃ごとに複数の投射物を放つ。|까마귀는 말벌로 변해 공격마다 여러 발사체를 발사합니다.|Raben verwandeln sich in Wespen, die pro Angriff mehrere Projektile abfeuern.|Les corbeaux se transforment en guêpes tirant de multiples projectiles par attaque.|Los cuervos se convierten en avispas disparando múltiples proyectiles por ataque.|Kruki zamieniają się w osy wystrzeliwujące wiele pocisków na atak.
subDescProphetRaven12|Summon an increased amount of ravens.||Invoca uma quantidade maior de corvos.|Призывает увеличенное количество воронов.|召喚更多數量的渡鴉。|増加した数のカラスを召喚する。|증가된 수의 까마귀를 소환합니다.|Beschwöre eine erhöhte Anzahl an Raben.|Invoque une quantité augmentée de corbeaux.|Invoca una cantidad aumentada de cuervos.|Przywołaj zwiększoną liczbę kruków.
subDescProphetRaven13|Chance on attack to pull nearby monsters towards the raven inflicting bleeding.||Chance de puxar monstros próximos em direção ao corvo, causando sangramento.|При атаке есть шанс притянуть ближайших монстров к ворону, накладывая кровотечение.|攻擊時有機率將附近的怪物拉向渡鴉，使其流血。|攻撃時に近くのモンスターをカラスに向かって引き寄せ、出血を付与する確率。|공격 시 근처 몬스터를 까마귀 쪽으로 끌어당겨 출혈을 부여할 확률.|Chance beim Angriff, nahe Monster zum Raben zu ziehen und Blutung zu verursachen.|Probabilité à l'attaque d'attirer les monstres proches vers le corbeau en infligeant un saignement.|Probabilidad al atacar de atraer monstruos cercanos hacia el cuervo infligiendo sangrado.|Szansa przy ataku na przyciągnięcie pobliskich potworów do kruka nakładając krwawienie.
subDescProphetRaven14|Ravens now orbit you dealing increased damage on hit. Summon Raven now has a cooldown.||Os corvos agora orbitam você, causando dano aumentado ao acertar. Invocar Corvo agora tem um tempo de recarga. |Вороны теперь вращаются вокруг вас, нанося увеличенный урон при попадании. Призыв ворона теперь имеет время восстановления.|渡鴉現在會繞著你飛行，每次命中都會造成更高的傷害。召喚渡鴉現在有冷卻時間。|カラスは現在あなたを中心に回転し、命中時に増加ダメージを与える。カラスの召喚は現在クールダウンを持つ。|까마귀는 이제 당신을 중심으로 회전하며 명중 시 증가된 피해를 줍니다. 까마귀 소환은 이제 쿨타임이 있습니다.|Raben umkreisen dich nun und verursachen erhöhten Schaden beim Treffer. Raben beschwören hat nun eine Abklingzeit.|Les corbeaux orbitent désormais autour de toi en infligeant des dégâts augmentés au coup. L'invocation de corbeau a désormais un temps de recharge.|Los cuervos ahora orbitan a tu alrededor infligiendo daño aumentado al impactar. Invocar cuervo ahora tiene un tiempo de reutilización.|Kruki teraz orbitują wokół ciebie zadając zwiększone obrażenia przy trafieniu. Summon Raven ma teraz cooldown.
subProphetSummonEnt01|Power of the Forest||Poder da Floresta|Сила леса|森林之力|森の力|숲의 힘|Macht des Waldes|Pouvoir de la forêt|Poder del bosque|Moc Lasu
subProphetSummonEnt02|Shielding Bark||Casca Protetora|Защитная кора|樹皮護盾|盾の樹皮|방패 껍질|Schützende Rinde|Écorce protectrice|Corteza protectora|Osłaniająca Kora
subProphetSummonEnt03|Elder´s Branches||Galhos Anciãos|Ветви старейшины|長老樹枝|長老の枝|장로의 가지|Älteste Äste|Branches de l'ancien|Ramas del anciano|Gałęzie Starszego
subProphetSummonEnt04|Aging Branch||Galho Envelhecido|Стареющая ветвь|老化樹枝|老化する枝|노화하는 가지|Alternde Äste|Branche vieillissante|Rama envejecedora|Starzejąca Gałąź
subProphetSummonEnt05|Blood Hungering Bark||Casca Sedenta de Sangue|Кровожадная кора|嗜血樹皮|血に飢えた樹皮|피에 굶주린 껍질|Bluthungrige Rinde|Écorce affamée de sang|Corteza hambrienta de sangre|Kora Pragnąca Krwi
subProphetSummonEnt06|Quicker Roots||Raízes Mais Rápidas|Быстрые корни|快速生根|より速い根|더 빠른 뿌리|Schnellere Wurzeln|Racines plus rapides|Raíces más rápidas|Szybsze Korzenie
subProphetSummonEnt07|Poisoning Bark Smash||Esmagamento de Casca Venenosa|Отравляющий удар корой|毒樹皮重擊|施毒する樹皮スマッシュ|독화하는 껍질 강타|Vergiftender Rindenschlag|Coup d'écorce empoisonnant|Golpe de corteza envenenante|Trujące Uderzenie Kory
subProphetSummonEnt08|Canopy Growth||Crescimento da Copa|Рост полога|生長樹冠|天蓋の成長|수관 성장|Baldachin-Wachstum|Croissance de la canopée|Crecimiento de dosel|Wzrost Baldachimu
subProphetSummonEnt09|Penetrating Branches||Galhos Penetrantes|Проникающие ветви|貫穿樹枝|貫通する枝|관통하는 가지|Durchdringende Äste|Branches pénétrantes|Ramas penetrantes|Przebijające Gałęzie
subProphetSummonEnt10|Throwing Branches||Galhos Arremessadores|Бросаемые ветви|投擲樹枝|投げる枝|던지는 가지|Werfende Äste|Lancer de branches|Lanzamiento de ramas|Rzucające Gałęziami
subProphetSummonEnt11|Saplings||Mudas|Саженцы|樹苗|苗木|묘목|Setzlinge|Jeunes pousses|Retoños|Sadzonki
subProphetSummonEnt12|Charging Forest||Floresta Impetuosa|Наступающий лес|森林衝鋒|突進する森|돌진하는 숲|Stürmender Wald|Forêt chargeante|Bosque cargante|Szarżujący Las
subProphetSummonEnt13|Link of Nature||Elo da Natureza|Связь природы|連接自然|自然のつながり|자연의 연결|Naturverbindung|Lien de la nature|Enlace de la naturaleza|Powiązanie Natury
subProphetSummonEnt14|Flaming Branch||Galho Flamejante|Пламенная ветвь|火焰樹枝|炎の枝|불꽃 가지|Flammender Ast|Branche flamboyante|Rama flamígera|Płonąca Gałąź
subDescProphetSummonEnt01|Increases the maximum amount of ents you can summon.||Aumenta a quantidade máxima de ents que você pode invocar.|Увеличивает максимальное количество энтов, которых вы можете призвать.|增加你可以召喚的樹人的最大數量。|召喚できるエントの最大数を増加させる。|소환할 수 있는 엔트의 최대 수를 증가시킵니다.|Erhöht die maximale Anzahl an Ents, die du beschwören kannst.|Augmente la quantité maximale d'ents que tu peux invoquer.|Aumenta la cantidad máxima de ents que puedes invocar.|Zwiększa maksymalną liczbę ents które możesz przywołać.
subDescProphetSummonEnt02|Increases the ent´s damage reduction from all sources.||Aumenta a redução de dano do ent de todas as fontes.|Увеличивает снижение всего урона для энта.|增加樹人的全傷害減免。|エントの全ダメージ軽減を増加させる。|엔트의 모든 피해 감소를 증가시킵니다.|Erhöht die Schadensreduktion des Ents aus allen Quellen.|Augmente la réduction de dégâts des ents de toutes les sources.|Aumenta la reducción de daño del ent de todas las fuentes.|Zwiększa redukcję obrażeń ents ze wszystkich źródeł.
subDescProphetSummonEnt03|Increases the damage dealt by the ent.||Aumenta o dano causado pelo ent.|Увеличивает урон, наносимый энтом.|增加樹人造成的傷害。|エントが与えるダメージを増加させる。|엔트가 주는 피해를 증가시킵니다.|Erhöht den Schaden des Ents.|Augmente les dégâts infligés par l'ent.|Aumenta el daño infligido por el ent.|Zwiększa obrażenia zadawane przez ent.
subDescProphetSummonEnt04|Increases the maximum life of the ent.||Aumenta a vida máxima do ent.|Увеличивает максимальный запас здоровья энта.|增加樹人的最大生命。|エントの最大ライフを増加させる。|엔트의 최대 생명력을 증가시킵니다.|Erhöht die maximale Leben des Ents.|Augmente la vie maximale de l'ent.|Aumenta la vida máxima del ent.|Zwiększa maksymalne życie ent.
subDescProphetSummonEnt05|Increases damage dealt by the ent but also decreases its maximum life.||Aumenta o dano causado pelo ent, mas também diminui sua vida máxima.|Увеличивает урон, наносимый энтом, но также уменьшает его максимальное здоровье.|增加樹人造成的傷害，但也會降低其最大生命值。。|エントが与えるダメージを増加させるが、最大ライフも減少させる。|엔트가 주는 피해를 증가시키지만 최대 생명력도 감소시킵니다.|Erhöht den Schaden des Ents, verringert aber auch seine maximale Leben.|Augmente les dégâts infligés par l'ent mais réduit aussi sa vie maximale.|Aumenta el daño infligido por el ent pero también reduce su vida máxima.|Zwiększa obrażenia zadawane przez ent, ale również zmniejsza jego maksymalne życie.
subDescProphetSummonEnt06|Increases the movement speed of the ent.||Aumenta a velocidade de movimento do ent.|Увеличивает скорость передвижения энта.|增加樹人的移動速度。|エントの移動速度を増加させる。|엔트의 이동 속도를 증가시킵니다.|Erhöht die Bewegungsgeschwindigkeit des Ents.|Augmente la vitesse de mouvement de l'ent.|Aumenta la velocidad de movimiento del ent.|Zwiększa prędkość ruchu ent.
subDescProphetSummonEnt07|Chance on hit to inflict poisoned and dealing increased damage.||Chance ao acertar de infligir envenenamento e causar dano aumentado.|При попадании есть шанс наложить отравление и нанести увеличенный урон.|命中時有機率造成中毒並增加傷害。|命中時に毒を付与し、増加ダメージを与える確率。|명중 시 중독을 부여하고 증가된 피해를 줄 확률.|Chance beim Treffer, Gift zu verursachen und erhöhten Schaden zu verursachen.|Probabilité au coup d'infliger un empoisonnement et des dégâts augmentés.|Probabilidad al impactar de infligir veneno e infligir daño aumentado.|Szansa przy trafieniu na nałożenie poisoned i zadawanie zwiększonych obrażeń.
subDescProphetSummonEnt08|Increases the size and life of the ent.||Aumenta o tamanho e a vida do ent.|Увеличивает размер и здоровье энта.|增加樹人的大小和生命。|エントのサイズとライフを増加させる。|엔트의 크기와 생명력을 증가시킵니다.|Erhöht die Größe und Leben des Ents.|Augmente la taille et la vie de l'ent.|Aumenta el tamaño y la vida del ent.|Zwiększa rozmiar i życie ent.
subDescProphetSummonEnt09|Ents execute targets below a threshold.||Ents executam alvos abaixo de um limite.|Энты казнят цели ниже порога.|樹人撲殺低於生命閾值的目標。|エントは閾値以下の対象を処刑する。|엔트는 임계값 이하 대상을 처형합니다.|Ents führen Ziele unter einem Schwellenwert aus.|Les ents exécutent les cibles en dessous d'un seuil.|Los ents ejecutan objetivos por debajo de un umbral.|Ents egzekwują cele poniżej progu.
subDescProphetSummonEnt10|Chance on attack for ents to cast Thorned Branch (Prophet Skill).||Chance ao atacar de ents conjurarem Galho Espinhoso (Habilidade do Profeta).|При атаке существует вероятность того, что энты применят заклинание «Колючая ветвь» (навык пророка). |樹人攻擊時有機率施放荊棘樹枝（先知技能）。 |攻撃時に、エントが「棘の枝」（預言者のスキル）を発動する可能性がある。 |엔트가 공격할 때 일정 확률로 가시가지(예언자 기술)를 시전합니다. |Chance für Ents beim Angriff, Dornenzweig (Prophetenfähigkeit) zu wirken.|Chance lors d'une attaque pour les ents de lancer Branche épineuse (Compétence de prophète). |Probabilidad de que los ents lancen Rama Espinosa (Habilidad de Profeta) al atacar. |Szansa na rzucenie przez enty Ciernistej Gałęzi (Umiejętność Proroka) podczas ataku. 
subDescProphetSummonEnt11|Summon increased amount of smaller ent saplings that gain increased attack speed and movement speed. Summon Ent now has a cooldown.||Aumenta a quantidade de mudas de Ent menores que invocam Ents, que ganham velocidade de ataque e de movimento aumentadas. Invocar Ent agora tem um tempo de recarga.|Призывает увеличенное количество мелких саженцев энтов, которые получают увеличенную скорость атаки и передвижения. Призыв энта теперь имеет время восстановления.|召喚更多小型的樹人幼苗，這些幼苗攻擊速度和移動速度都會提升。 「召喚樹人」技能現在有冷卻時間。|攻撃速度と移動速度が増加したより小さなエントの苗木を増加して召喚する。エントの召喚は現在クールダウンを持つ。|공격 속도와 이동 속도가 증가한 더 작은 엔트 묘목을 증가시켜 소환합니다. 엔트 소환은 이제 쿨타임이 있습니다.|Beschwöre eine erhöhte Anzahl kleinerer Ent-Setzlinge, die erhöhte Angriffsgeschwindigkeit und Bewegungsgeschwindigkeit erhalten. Ent beschwören hat nun eine Abklingzeit.|Invoque une quantité augmentée de jeunes pousses d'ent plus petites qui gagnent une vitesse d'attaque et une vitesse de mouvement augmentées. L'invocation d'ent a désormais un temps de recharge.|Invoca una cantidad aumentada de retoños de ent más pequeños que ganan velocidad de ataque y velocidad de movimiento aumentadas. Invocar ent ahora tiene un tiempo de reutilización.|Przywołaj zwiększoną liczbę mniejszych sadzonek ent zyskujących zwiększoną prędkość ataku i ruchu. Summon Ent ma teraz cooldown.
subDescProphetSummonEnt12|Ents charge towards nearest monsters if far away from target unleashing a strong area of effect pulse on hit dealing additional damage.||Os Ents avançam em direção aos monstros mais próximos se estiverem longe do alvo, liberando um forte pulso de área de efeito ao atingir o alvo, causando dano adicional.|Энты бросаются к ближайшим монстрам, если находятся далеко от цели, и наносят мощный импульс в области действия с дополнительным уроном при попадании.|樹人若距離目標較遠，則會衝向最近的怪物，並在命中時釋放強力的範圍脈衝攻擊，造成額外傷害。|エントは対象から遠い場合、最も近いモンスターに向かって突進し、命中時に強力な範囲パルスを放って追加ダメージを与える。|엔트는 대상에서 멀리 떨어져 있으면 가장 가까운 몬스터를 향해 돌진하며, 명중 시 강력한 범위 펄스를 방출하여 추가 피해를 줍니다.|Ents stürmen auf das nächste Monster zu, wenn sie weit vom Ziel entfernt sind, und entfesseln beim Treffer eine starke Flächenwirkungs-Pulsation, die zusätzlichen Schaden verursacht.|Les ents chargent vers les monstres les plus proches s'ils sont loin de la cible en libérant une forte pulsation de zone d'effet au coup infligeant des dégâts supplémentaires.|Los ents cargan hacia los monstruos más cercanos si están lejos del objetivo liberando una fuerte pulsación de área de efecto al impactar infligiendo daño adicional.|Ents szarżują w kierunku najbliższych potworów jeśli są daleko od celu uwalniając silny puls obszarowy przy trafieniu zadający dodatkowe obrażenia.
subDescProphetSummonEnt13|Ents are tethered to each other by a chain which inflicts poisoned and deals damage to monsters on hit.||Os Ents estão ligados uns aos outros por uma corrente que inflige envenenamento e causa dano aos monstros ao atingi-los.|Энты связаны друг с другом цепью, которая накладывает отравление и наносит урон монстрам при попадании.|樹人之間用鎖鏈相連，鎖鏈會在擊中怪物時使其中毒並造成傷害。|エント同士は鎖でつながれ、命中時にモンスターに毒を付与しダメージを与える。|엔트들은 서로 사슬로 연결되어 있으며, 명중 시 몬스터에게 중독을 부여하고 피해를 줍니다.|Ents sind durch eine Kette miteinander verbunden, die Gift verursacht und Schaden bei Monstern beim Treffer verursacht.|Les ents sont liés entre eux par une chaîne qui inflige un empoisonnement et des dégâts aux monstres au coup.|Los ents están unidos entre sí por una cadena que inflige veneno y daño a monstruos al impactar.|Ents są powiązane ze sobą łańcuchem który nakłada poisoned i zadaje obrażenia potworom przy trafieniu.
subDescProphetSummonEnt14|Ents have a chance on attack to unleash a fiery pulse knocking monsters back dealing damage and inflicting burning on hit.||Os Ents têm uma chance, ao atacar, de liberar um pulso flamejante que arremessa os monstros para trás, causando dano e infligindo queimadura ao atingi-los. |Энты имеют шанс при атаке выпустить огненный импульс, отбрасывающий монстров назад, наносящий урон и накладывающий горение.|樹人攻擊時有機率釋放火焰脈衝，擊退怪物，造成傷害並使目標陷入燃燒狀態。|エントは攻撃時に炎のパルスを放つ確率があり、モンスターを後方に吹き飛ばしてダメージを与え、燃焼を付与する。|엔트는 공격 시 불꽃 펄스를 방출할 확률이 있으며, 몬스터를 뒤로 날려 피해를 주고 화상을 부여합니다.|Ents haben Chance beim Angriff, eine feurige Pulsation freizusetzen, die Monster zurückstößt, Schaden verursacht und Verbrennung zufügt.|Les ents ont une chance à l'attaque de libérer une pulsation ardente repoussant les monstres en infligeant des dégâts et une brûlure au coup.|Los ents tienen probabilidad al atacar de liberar una pulsación flamígera lanzando monstruos hacia atrás infligiendo daño y quemadura al impactar.|Ents mają szansę przy ataku na uwolnienie ognistej fali odpychającej potwory zadającej obrażenia i nakładającej palenie przy trafieniu.
subProphetThornedBranch01|Sharper Thorns||Espinhos Afiados|Более острые шипы|更鋒利的荊棘|より鋭い棘|더 날카로운 가시|Schärfere Dornen|Épines plus tranchantes|Espinas más afiladas|Ostrzejsze Kolce
subProphetThornedBranch02|Conjurer of Branches||Conjurador de Galhos|Призыватель ветвей|樹枝召喚師|枝の召喚者|가지 소환자|Beschwörer von Ästen|Conjurateur de branches|Conjurador de ramas|Przywoływacz Gałęzi
subProphetThornedBranch03|Critically Sharp Thorns||Espinhos Afiados Críticos|Критически острые шипы|致命鋒利荊棘|致命的に鋭い棘|치명적으로 날카로운 가시|Kritisch scharfe Dornen|Épines extrêmement tranchantes|Espinas críticamente afiladas|Krytycznie Ostre Kolce
subProphetThornedBranch04|Thorned Splinters||Lascas Espinhosas|Шипастые осколки|荊棘裂片|棘の破片|가시 파편|Dornige Splitter|Éclats épineux|Astillas espinosas|Cierniste Odłamki
subProphetThornedBranch05|Bouncing Branch||Galho Saltitante|Прыгающая ветвь|彈跳樹枝|跳ねる枝|튀는 가지|Reboundender Ast|Branche rebondissante|Rama rebotante|Odbijająca Gałąź
subProphetThornedBranch06|Concussive Branchblow||Golpe Concussivo de Galho|Оглушающий удар ветвью|猛擊樹枝|衝撃的な枝打ち|충격적인 가지 타격|Erschütternder Astschlag|Coup de branche commotionnant|Golpe de rama conmocionante|Ogłuszające Uderzenie Gałęzi
subProphetThornedBranch07|Venom Infusion||Infusão de Veneno|Вливание яда|注入毒液|毒注入|독 주입|Giftinfusion|Infusion de venin|Infusión de veneno|Infuzja Jadu
subProphetThornedBranch08|Amplified Venoms||Venenos Amplificados|Усиленные яды|放大毒性|増幅された毒|증폭된 독|Verstärkte Gifte|Venins amplifiés|Venenos amplificados|Wzmacniane Jady
subProphetThornedBranch09|Infecting the Wounds||Infectando as Feridas|Заражение ран|傷口感染|傷の感染|상처 감염|Infizieren der Wunden|Infection des plaies|Infectando las heridas|Zakażanie Ran
subProphetThornedBranch10|Wooden Equilibrium||Equilíbrio de Madeira|Деревянное равновесие|平衡木|木の均衡|나무의 균형|Hölzernes Gleichgewicht|Équilibre boisé|Equilibrio de madera|Drewniana Równowaga
subProphetThornedBranch11|Branched Multitude||Multidão Ramificada|Множество ветвей|眾多分支|枝の多数|가지 다수|Verzweigte Vielzahl|Multitude de branches|Multitud ramificada|Wielość Gałęzi
subProphetThornedBranch12|Forking Branches||Galhos Bifurcados|Разветвляющиеся ветви|分叉樹枝|分岐する枝|분기하는 가지|Verzweigende Äste|Branches fourchues|Ramas bifurcadas|Rozwidlające Gałęzie
subProphetThornedBranch13|Growth of Death||Crescimento da Morte|Рост смерти|增生死亡|死の成長|죽음의 성장|Wachstum des Todes|Croissance de la mort|Crecimiento de la muerte|Wzrost Śmierci
subProphetThornedBranch14|Falling Branches||Galhos Caídos|Падающие ветви|墜落樹枝|落ちる枝|떨어지는 가지|Fallende Äste|Branches tombantes|Ramas cayendo|Spadające Gałęzie
subDescProphetThornedBranch01|Increases the damage dealt by thorned branch||Aumenta o dano causado por galho espinhoso.|Увеличивает урон, наносимый шипастой ветвью.|增加荊棘樹枝造成的傷害。|棘の枝が与えるダメージを増加させる。|가시 가지가 주는 피해를 증가시킵니다.|Erhöht den Schaden der dornigen Ast.|Augmente les dégâts infligés par la branche épineuse.|Aumenta el daño infligido por la rama espinosa.|Zwiększa obrażenia zadawane przez thorned branch.
subDescProphetThornedBranch02|Increases faster cast rate when using thorned branch.||Aumenta a velocidade de conjuração ao usar galho espinhoso.|Увеличивает скорость применения при использовании шипастой ветви.|使用荊棘樹枝時， 增加施法速度。|棘の枝使用時のキャスト速度を増加させる。|가시 가지 사용 시 시전 속도를 증가시킵니다.|Erhöht die Zaubergeschwindigkeit beim Verwenden der dornigen Ast.|Augmente la vitesse de lancer lors de l'utilisation de la branche épineuse.|Aumenta la velocidad de lanzamiento al usar rama espinosa.|Zwiększa szybszą szybkość rzucania podczas używania thorned branch.
subDescProphetThornedBranch03|Chance to critically hit with thorned branch dealing increased critical spell damage.||Chance de acerto crítico com galho espinhoso, causando dano mágico crítico aumentado.|Есть шанс нанести критический удар шипастой ветвью с увеличенным критическим уроном заклинания.|荊棘樹枝有機率造成暴擊，並提高法術暴擊傷害。|棘の枝でクリティカルヒットする確率があり、増加したクリティカル呪文ダメージを与える。|가시 가지로 치명타를 줄 확률이 있으며, 증가된 치명타 주문 피해를 줍니다.|Chance auf kritischen Treffer mit der dornigen Ast, der erhöhten kritischen Zauberschaden verursacht.|Probabilité de coup critique avec la branche épineuse infligeant des dégâts critiques de sort augmentés.|Probabilidad de golpe crítico con la rama espinosa infligiendo daño crítico de hechizo aumentado.|Szansa na trafienie krytyczne z thorned branch zadające zwiększone obrażenia krytyczne zaklęcia.
subDescProphetThornedBranch04|Chance for the branch to break when expiring unleashing splinters in all directions inflicting poisoned and dealing additional damage.||Chance do galho quebrar ao expirar, liberando lascas em todas as direções, infligindo envenenamento e causando dano adicional.|При окончании действия ветви есть шанс разломиться, выпуская осколки во все стороны, накладывая отравление и нанося дополнительный урон.|樹枝在枯萎時有機率斷裂，碎片會四處飛濺，造成中毒並附帶額外傷害。|枝の持続時間が終了する時に破裂する確率があり、すべての方向に破片を放ち、毒を付与して追加ダメージを与える。|가지 지속 시간이 끝날 때 파열될 확률이 있으며, 모든 방향으로 파편을 방출하여 중독을 부여하고 추가 피해를 줍니다.|Chance, dass der Ast beim Ablaufen bricht und Splitter in alle Richtungen freisetzt, die Gift verursachen und zusätzlichen Schaden verursachen.|Probabilité que la branche se brise à l'expiration en libérant des éclats dans toutes les directions infligeant un empoisonnement et des dégâts supplémentaires.|Probabilidad de que la rama se rompa al expirar liberando astillas en todas direcciones infligiendo veneno y daño adicional.|Szansa na złamanie gałęzi przy wygaśnięciu uwalniającą odłamki we wszystkich kierunkach nakładające poisoned i zadające dodatkowe obrażenia.
subDescProphetThornedBranch05|Chance on hit to change trajectory and gaining increased damage.||Chance ao acertar de alterar a trajetória e ganhar dano aumentado.|При попадании есть шанс изменить траекторию и увеличить урон.|擊中目標時有機率改變軌跡並獲得額外傷害。|命中時に軌道を変えてダメージを増加させる確率。|명중 시 궤도를 바꾸어 피해를 증가시킬 확률.|Chance beim Treffer, die Flugbahn zu ändern und erhöhten Schaden zu erhalten.|Probabilité au coup de changer de trajectoire et de gagner des dégâts augmentés.|Probabilidad al impactar de cambiar de trayectoria y ganar daño aumentado.|Szansa przy trafieniu na zmianę trajektorii i zyskanie zwiększonych obrażeń.
subDescProphetThornedBranch06|Chance on hit to deal double damage and stun the target for a short duration.||Chance ao acertar de causar dano dobrado e atordoar o alvo por um curto período.|При попадании есть шанс нанести двойной урон и оглушить цель на короткое время.|擊中時有機率造成雙倍傷害並使目標短暫眩暈。|命中時に2倍ダメージを与え、対象を短時間スタンさせる確率。|명중 시 2배 피해를 주고 대상을 짧은 시간 동안 기절시킬 확률.|Chance beim Treffer, doppelten Schaden zu verursachen und das Ziel für kurze Zeit zu betäuben.|Probabilité au coup d'infliger des dégâts doubles et d'étourdir la cible pendant un court moment.|Probabilidad al impactar de infligir daño doble y aturdir el objetivo durante un corto tiempo.|Szansa przy trafieniu na zadanie podwójnych obrażeń i ogłuszenie celu na krótki czas.
subDescProphetThornedBranch07|Chance to inflict poison break on hit.||Chance de infligir quebra de veneno ao acertar.|Есть шанс наложить разрыв яда.|有機率造成毒素破壞。|毒破裂を付与する確率。|독 파열을 부여할 확률.|Chance, beim Treffer Giftbruch zu verursachen.|Probabilité d'infliger un bris de poison au coup.|Probabilidad de infligir ruptura de veneno al impactar.|Szansa na nałożenie poison break przy trafieniu.
subDescProphetThornedBranch08|Increases the poisoned damage inflicted by thorned branch.||Aumenta o dano de envenenamento infligido por galho espinhoso.|Увеличивает урон от отравления, наносимый шипастой ветвью.|增加荊棘樹枝造成的毒素傷害。|棘の枝が与える毒ダメージを増加させる。|가시 가지가 주는 중독 피해를 증가시킵니다.|Erhöht den Gift-Schaden, den die dornige Ast verursacht.|Augmente les dégâts de poison infligés par la branche épineuse.|Aumenta el daño de veneno infligido por la rama espinosa.|Zwiększa obrażenia poisoned zadawane przez thorned branch.
subDescProphetThornedBranch09|Deal increased damage to targets inflicted by poisoned.||Causa dano aumentado a alvos afetados por envenenamento.|Наносит увеличенный урон целям под действием отравления.|對中毒的目標造成更多傷害。|毒状態の対象に増加ダメージを与える。|중독 상태 대상에게 증가된 피해를 줍니다.|Verursacht erhöhten Schaden gegen Ziele, die mit Gift belegt sind.|Inflige des dégâts augmentés aux cibles affectées par l'empoisonnement.|Inflige daño aumentado a objetivos afectados por veneno.|Zadaje zwiększone obrażenia celom dotkniętym poisoned.
subDescProphetThornedBranch10|Reduces mana cost and movement diminish when using thorned branch||Reduz o custo de mana e a velocidade de movimento ao usar o Galho Espinhoso.|Снижает расход маны и уменьшение движения при использовании шипастой ветви.|降低使用荊棘樹枝時減少移動速度的效果與法力消耗。|棘の枝使用時のマナコストと移動減少を軽減する。|가시 가지 사용 시 마나 소모와 이동 감소를 감소시킵니다.|Verringert Manakosten und Bewegungsminderung beim Verwenden der dornigen Ast.|Réduit le coût en mana et la diminution de mouvement lors de l'utilisation de la branche épineuse.|Reduce el costo de maná y la disminución de movimiento al usar rama espinosa.|Zmniejsza koszt many i zmniejszenie ruchu podczas używania thorned branch.
subDescProphetThornedBranch11|Throw multiple branches in an arc.||Lança vários galhos em arco.|Бросает несколько ветвей дугой.|在扇形中投擲多個荊棘樹枝。|弧状に複数の枝を投げる。|호 모양으로 여러 가지를 던집니다.|Wirf mehrere Äste in einem Bogen.|Lance de multiples branches en arc.|Lanza múltiples ramas en un arco.|Rzuć wiele gałęzi w łuku.
subDescProphetThornedBranch12|Thorned branch forks each time it hits a monster.||O Galho Espinhoso se bifurca a cada vez que atinge um monstro.|Шипастая ветвь разветвляется каждый раз при попадании в монстра.|擊中怪物時荊棘樹枝會分裂。|棘の枝はモンスターに命中するたびに分岐する。|가시 가지는 몬스터에 명중할 때마다 분기합니다.|Die dornige Ast verzweigt sich jedes Mal, wenn sie ein Monster trifft.|La branche épineuse se ramifie chaque fois qu'elle touche un monstre.|La rama espinosa se bifurca cada vez que golpea un monstruo.|Thorned branch rozwidla się za każdym razem gdy trafi potwora.
subDescProphetThornedBranch13|Each time you hit a monster with thorned branch, there is a chance a tree is grown which then falls on the nearest monster.||A cada vez que você atinge um monstro com o Galho Espinhoso, há uma chance de uma árvore crescer e cair sobre o monstro mais próximo.|Каждый раз, когда вы попадаете по монстру шипастой ветвью, есть шанс вырастить дерево, которое затем падает на ближайшего монстра.|每次用荊棘樹枝擊中怪物時，都有機率長出一棵樹，然後這棵樹會倒在最近的怪物身上。|棘の枝でモンスターを攻撃するたびに、木が生える確率があり、その後最も近いモンスターに倒れる。|가시 가지로 몬스터를 공격할 때마다 나무가 자랄 확률이 있으며, 그 후 가장 가까운 몬스터에게 쓰러집니다.|Jedes Mal, wenn du ein Monster mit der dornigen Ast triffst, besteht Chance, dass ein Baum wächst, der dann auf das nächste Monster fällt.|Chaque fois que tu touches un monstre avec la branche épineuse, il y a une chance qu'un arbre pousse et tombe ensuite sur le monstre le plus proche.|Cada vez que golpeas un monstruo con la rama espinosa, hay probabilidad de que crezca un árbol que luego cae sobre el monstruo más cercano.|Za każdym razem gdy trafisz potwora thorned branch, jest szansa na wyrośnięcie drzewa które potem spada na najbliższego potwora.
subDescProphetThornedBranch14|While traveling summon falling branches on its path dealing area of effect damage upon landing.||Ao se deslocar, invoca galhos que caem em seu caminho, causando dano em área ao atingirem o solo. |Во время полёта призывает падающие ветви по пути, наносящие урон в области при падении.|移動時在路徑上會召喚落枝，落地時造成範圍傷害。|移動中に道に落ちる枝を召喚し、着地時に範囲ダメージを与える。|이동 중 경로에 떨어지는 가지를 소환하여 착지 시 범위 피해를 줍니다.|Während des Flugs beschwöre fallende Äste auf dem Weg, die beim Aufprall Flächenschaden verursachen.|Pendant le voyage invoque des branches tombantes sur son chemin infligeant des dégâts de zone d'effet à l'atterrissage.|Mientras viaja invoca ramas cayendo en su camino infligiendo daño de área de efecto al aterrizar.|Podczas podróży przywołaj spadające gałęzie na swojej drodze zadające obrażenia obszarowe przy lądowaniu.
subProphetSpiritOfForest01|Vitality of Wilderness||Vitalidade da Natureza Selvagem|Жизненная сила дикой природы|荒野體力|荒野の活力|야생의 생명력|Vitalität der Wildnis|Vitalité de la nature sauvage|Vitalidad de la naturaleza salvaje|Witalność Dziczy
subProphetSpiritOfForest02|Longer Lasting Harmony||Harmonia Duradoura|Более длительная гармония|持久和諧|より長く続く調和|더 오래 지속되는 조화|Länger anhaltende Harmonie|Harmonie plus durable|Armonía de mayor duración|Dłużej Trwająca Harmonia
subProphetSpiritOfForest03|Defense of Wilderness||Defesa da Natureza Selvagem|Защита дикой природы|荒野防禦|荒野の防御|야생의 방어|Verteidigung der Wildnis|Défense de la nature sauvage|Defensa de la naturaleza salvaje|Obrona Dziczy
subProphetSpiritOfForest04|Recuperating Mantra||Mantra Recuperador|Восстанавливающая мантра|恢復咒語|回復のマントラ|회복 만트라|Erholender Mantra|Mantra de récupération|Mantra recuperador|Odnawiająca Mantra
subProphetSpiritOfForest05|Prayer of Nature||Oração da Natureza|Молитва природы|自然祈禱|自然の祈り|자연의 기도|Gebet der Natur|Prière de la nature|Oración de la naturaleza|Modlitwa Natury
subProphetSpiritOfForest06|Manawell of Wilderness||Poço de Mana da Natureza Selvagem|Источник маны дикой природы|荒野魔力|荒野のマナ井戸|야생의 마나 샘|Manabrunnen der Wildnis|Puits de mana de la nature sauvage|Pozo de maná de la naturaleza salvaje|Studnia Many Dziczy
subProphetSpiritOfForest07|Essence of Danger||Essência do Perigo|Сущность опасности|危險精華|危険のエッセンス|위험의 본질|Essenz der Gefahr|Essence du danger|Esencia del peligro|Esencja Niebezpieczeństwa
subProphetSpiritOfForest08|Blessing of Wilderness||Bênção da Natureza Selvagem|Благословение дикой природы|荒野祝福|荒野の祝福|야생의 축복|Segen der Wildnis|Bénédiction de la nature sauvage|Bendición de la naturaleza salvaje|Błogosławieństwo Dziczy
subProphetSpiritOfForest09|Purified Terrain||Terreno Purificado|Очищенная местность|淨化地形|浄化された地形|정화된 지형|Gereinigtes Gelände|Terrain purifié|Terreno purificado|Oczyszczony Teren
subProphetSpiritOfForest10|Oak´s Heart||Coração de Carvalho|Сердце дуба|橡樹之心|オークの心|참나무의 심장|Eichenherz|Cœur du chêne|Corazón de roble|Serce Dębu
subProphetSpiritOfForest11|Cursed Spirit||Espírito Amaldiçoado|Проклятый дух|詛咒靈魂|呪われた魂|저주받은 영혼|Verfluchter Geist|Esprit maudit|Espíritu maldito|Przeklęty Duch
subProphetSpiritOfForest12|Forest´s Blessing||Bênção da Floresta|Благословение леса|森林祝福|森の祝福|숲의 축복|Segen des Waldes|Bénédiction de la forêt|Bendición del bosque|Błogosławieństwo Lasu
subProphetSpiritOfForest13|Mystic Voodoo||Vodu Místico|Мистическое вуду|神秘巫毒|神秘的なブードゥー|신비로운 부두|Mystisches Voodoo|Vaudou mystique|Vudú místico|Mistyczny Voodoo
subProphetSpiritOfForest14|Malevolent Spirit||Espírito Malévolo|Злобный дух|惡靈|悪霊|사악한 영혼|Bösartiger Geist|Esprit malveillant|Espíritu malévolo|Złośliwy Duch
subDescProphetSpiritOfForest01|Adds maximum life to you and your party members (Flat)||Aumenta a vida máxima para você e seus companheiros de grupo (Valor fixo)|Добавляет максимум здоровья вам и членам вашей группы (фиксированное значение).|為你和隊伍成員增加最大生命值（固定值）。|あなたとパーティーメンバーに最大ライフを追加（固定値）。|당신과 파티원에게 최대 생명력을 추가합니다 (고정값).|Fügt dir und deinen Gruppenmitgliedern maximale Leben hinzu (flach)|Ajoute de la vie maximale à toi et à tes membres de groupe (plat)|Añade vida máxima a ti y a tus miembros de grupo (plano)|Dodaje maksymalne życie tobie i członkom twojej drużyny (Płasko)
subDescProphetSpiritOfForest02|Increases the duration of spirit of the forest||Aumenta a duração do Espírito da Floresta|Увеличивает длительность духа леса.|增加召喚森靈的持續時間。|森の精霊の持続時間を増加させる。|숲의 정령 지속 시간을 증가시킵니다.|Erhöht die Dauer des Geistes des Waldes|Augmente la durée de l'esprit de la forêt|Aumenta la duración del espíritu del bosque|Zwiększa czas trwania spirit of the forest.
subDescProphetSpiritOfForest03|Increases the defense of you and your party members||Aumenta a defesa de você e seus companheiros de grupo|Увеличивает защиту вам и членам вашей группы.|提升你和你隊友的防禦力。|あなたとパーティーメンバーの防御を増加させる。|당신과 파티원의 방어를 증가시킵니다.|Erhöht die Verteidigung von dir und deinen Gruppenmitgliedern|Augmente la défense de toi et de tes membres de groupe|Aumenta la defensa de ti y de tus miembros de grupo|Zwiększa obronę tobie i członkom twojej drużyny.
subDescProphetSpiritOfForest04|Increases the life and mana replenish for you and your party members.||Aumenta a regeneração de vida e mana para você e seus companheiros de grupo.|Увеличивает восстановление здоровья и маны вам и членам вашей группы.|提高你和你隊友的生命值和法力值恢復速度。|あなたとパーティーメンバーのライフとマナ回復を増加させる。|당신과 파티원의 생명력과 마나 회복을 증가시킵니다.|Erhöht die Lebens- und Manaregeneration für dich und deine Gruppenmitglieder.|Augmente la régénération de vie et de mana pour toi et tes membres de groupe.|Aumenta la regeneración de vida y maná para ti y tus miembros de grupo.|Zwiększa replenish życia i many dla ciebie i członków twojej drużyny.
subDescProphetSpiritOfForest05|Increases all skills for you and your party members.||Aumenta todas as habilidades para você e seus companheiros de grupo.|Увеличивает все навыки вам и членам вашей группы.|提升你和你隊友的所有技能。|あなたとパーティーメンバーのすべてのスキルを増加させる。|당신과 파티원의 모든 스킬을 증가시킵니다.|Erhöht alle Fähigkeiten für dich und deine Gruppenmitglieder.|Augmente toutes les compétences pour toi et tes membres de groupe.|Aumenta todas las habilidades para ti y tus miembros de grupo.|Zwiększa wszystkie umiejętności dla ciebie i członków twojej drużyny.
subDescProphetSpiritOfForest06|Adds maximum mana to you and your party members (Flat)||Aumenta a mana máxima para você e seus companheiros de grupo (Valor fixo)|Добавляет максимум маны вам и членам вашей группы (фиксированное значение).|為你和隊伍成員增加最大法力值（固定值）。|あなたとパーティーメンバーに最大マナを追加（固定値）。|당신과 파티원에게 최대 마나를 추가합니다 (고정값).|Fügt dir und deinen Gruppenmitgliedern maximales Mana hinzu (flach)|Ajoute du mana maximal à toi et à tes membres de groupe (plat)|Añade maná máximo a ti y a tus miembros de grupo (plano)|Dodaje maksymalną manę tobie i członkom twojej drużyny (Płasko)
subDescProphetSpiritOfForest07|Increases attack speed and faster cast rate for you and your party members.||Aumenta a velocidade de ataque e a taxa de conjuração para você e seus companheiros de grupo.|Увеличивает скорость атаки и скорость применения вам и членам вашей группы.|提升你和隊友的攻擊速度和施法速度。|あなたとパーティーメンバーの攻撃速度とキャスト速度を増加させる。|당신과 파티원의 공격 속도와 시전 속도를 증가시킵니다.|Erhöht Angriffsgeschwindigkeit und Zaubergeschwindigkeit für dich und deine Gruppenmitglieder.|Augmente la vitesse d'attaque et la vitesse de lancer pour toi et tes membres de groupe.|Aumenta la velocidad de ataque y velocidad de lanzamiento para ti y tus miembros de grupo.|Zwiększa prędkość ataku i szybszą szybkość rzucania dla ciebie i członków twojej drużyny.
subDescProphetSpiritOfForest08|Increases magic skill damage and attack damage for you and your party.||Aumenta o dano de habilidades mágicas e o dano de ataque para você e seu grupo.|Увеличивает магический урон от навыков и урон от атак вам и членам вашей группы.|增加你和隊伍成員的魔法技能傷害和攻擊傷害。|あなたとパーティーメンバーの魔法スキルダメージと攻撃ダメージを増加させる。|당신과 파티원의 마법 스킬 피해와 공격 피해를 증가시킵니다.|Erhöht magischen Schadenswert und Angriffsschaden für dich und deine Gruppe.|Augmente les dégâts de compétence magique et les dégâts d'attaque pour toi et ton groupe.|Aumenta el daño de habilidad mágica y daño de ataque para ti y tu grupo.|Zwiększa obrażenia umiejętności magicznych i obrażenia ataku dla ciebie i twojej drużyny.
subDescProphetSpiritOfForest09|Increases the movement speed for you and your party members.||Aumenta a velocidade de movimento para você e seus companheiros de grupo.|Увеличивает скорость передвижения вам и членам вашей группы.|增加你和隊伍成員的移動速度。|あなたとパーティーメンバーの移動速度を増加させる。|당신과 파티원의 이동 속도를 증가시킵니다.|Erhöht die Bewegungsgeschwindigkeit für dich und deine Gruppenmitglieder.|Augmente la vitesse de mouvement pour toi et tes membres de groupe.|Aumenta la velocidad de movimiento para ti y tus miembros de grupo.|Zwiększa prędkość ruchu dla ciebie i członków twojej drużyny.
subDescProphetSpiritOfForest10|Increases damage return for you and your party members.||Aumenta o retorno de dano para você e seus companheiros de grupo.|Увеличивает отражение урона вам и членам вашей группы.|增加你和隊伍成員的傷害反彈。|あなたとパーティーメンバーのダメージ反射を増加させる。|당신과 파티원의 피해 반사를 증가시킵니다.|Erhöht den Schadensrückstoß für dich und deine Gruppenmitglieder.|Augmente le retour de dégâts pour toi et tes membres de groupe.|Aumenta el retorno de daño para ti y tus miembros de grupo.|Zwiększa damage return dla ciebie i członków twojej drużyny.
subDescProphetSpiritOfForest11|Increases ailment damage for you and your party members.||Aumenta o dano de doenças para você e seus companheiros de grupo. |Увеличивает урон от негативных эффектов вам и членам вашей группы.|增加你和隊伍成員的異常狀態傷害。|あなたとパーティーメンバーの状態異常ダメージを増加させる。|당신과 파티원의 상태 이상 피해를 증가시킵니다.|Erhöht den Schaden von Leiden für dich und deine Gruppenmitglieder.|Augmente les dégâts de maux pour toi et tes membres de groupe.|Aumenta el daño de aflicciones para ti y tus miembros de grupo.|Zwiększa obrażenia dolegliwości dla ciebie i członków twojej drużyny.
subDescProphetSpiritOfForest12|Increases the amount of life spirit of the forest provides to you and your party.||Aumenta a quantidade de energia vital que a floresta proporciona a você e ao seu grupo. |Увеличивает количество здоровья, которое дух леса даёт вам и вашей группе.|增加召喚森靈為你和隊伍提供的生命量。|森の精霊があなたとパーティーに提供するライフ量を増加させる。|숲의 정령이 당신과 파티원에게 제공하는 생명력 양을 증가시킵니다.|Erhöht die Menge an Leben, die der Geist des Waldes dir und deiner Gruppe gewährt.|Augmente la quantité de vie que l'esprit de la forêt fournit à toi et à ton groupe.|Aumenta la cantidad de vida que el espíritu del bosque proporciona a ti y a tu grupo.|Zwiększa ilość życia które spirit of the forest zapewnia tobie i twojej drużynie.
subDescProphetSpiritOfForest13|Spirit of the Forest fires thorns at nearby monsters when you or your party member takes damage.||O Espírito da Floresta dispara espinhos contra monstros próximos quando você ou um membro do seu grupo sofre dano. |Дух леса выпускает шипы в ближайших монстров, когда вы или член вашей группы получаете урон.|當你或隊伍成員受到傷害時，森林之靈向附近怪物發射荊棘。|あなたまたはパーティーメンバーがダメージを受けると、森の精霊は近くのモンスターに棘を放つ。|당신이나 파티원이 피해를 받을 때 숲의 정령은 근처 몬스터에게 가시를 발사합니다.|Der Geist des Waldes schießt Dornen auf nahe Monster, wenn du oder ein Gruppenmitglied Schaden erleidest.|L'esprit de la forêt tire des épines sur les monstres proches lorsque toi ou un membre de ton groupe subit des dégâts.|El espíritu del bosque dispara espinas a monstruos cercanos cuando tú o un miembro de tu grupo recibes daño.|Spirit of the Forest wystrzeliwuje kolce w pobliskie potwory gdy ty lub członek twojej drużyny otrzymuje obrażenia.
subDescProphetSpiritOfForest14|Increases attack damage and attack rating for you and your party.||Aumenta o dano de ataque e a classificação de ataque para você e seu grupo. |Увеличивает урон от атак и рейтинг атаки вам и членам вашей группы.|增加你和隊伍成員的攻擊傷害和攻擊命中率。|あなたとパーティーメンバーの攻撃ダメージと攻撃レートを増加させる。|당신과 파티원의 공격 피해와 공격 등급을 증가시킵니다.|Erhöht Angriffsschaden und Angriffsgenauigkeit für dich und deine Gruppe.|Augmente les dégâts d'attaque et la précision d'attaque pour toi et ton groupe.|Aumenta el daño de ataque y la precisión de ataque para ti y tu grupo.|Zwiększa obrażenia ataku i trafienie ataku dla ciebie i twojej drużyny.
subProphetEntColossus01|Carrying Weight||Carga de Ataque|Несущий вес|負重|運搬重量|운반 무게|Traglast|Poids porté|Peso transportado|Niosący Ciężar
subProphetEntColossus02|Colossal Bark Smash||Esmagamento Colossal de Casca|Колоссальный удар корой|巨型樹皮重擊|巨大な樹皮スマッシュ|거대한 나무껍질 강타|Kolossaler Rindenschlag|Écrasement d'écorce colossal|Golpe de corteza colosal|Kolosalne Uderzenie Kory
subProphetEntColossus03|Ancient Bark||Casca Ancestral|Древняя кора|遠古樹皮|古代の樹皮|고대의 나무껍질|Uralte Rinde|Écorce ancienne|Corteza ancestral|Starodawna Kora
subProphetEntColossus04|Executing Branches||Galhos Executores|Ветви-казнители|處決樹枝|処刑する枝|처형하는 가지|Ausführende Äste|Branches exécutrices|Ramas ejecutoras|Egzekucyjne Gałęzie
subProphetEntColossus05|Scorched Bark||Casca Queimada|Обожжённая кора|焦黑樹皮|焦げた樹皮|그을린 나무껍질|Verbrannte Rinde|Écorce calcinée|Corteza quemada|Spalona Kora
subProphetEntColossus06|Loaded Branch||Galho Carregado|Загруженная ветвь|裝載樹枝|ロードされた枝|장전된 가지|Beladener Ast|Branche chargée|Rama cargada|Naładowana Gałąź
subProphetEntColossus07|Ancient Vitality||Vitalidade Ancestral|Древняя жизненная сила|遠古體力|古代の活力|고대의 생명력|Uralte Vitalität|Vitalité ancienne|Vitalidad ancestral|Starodawna Witalność
subProphetEntColossus08|Unleash The Roots||Libertar as Raízes|Высвободить корни|釋放根系|根を解き放つ|뿌리를 해방하다|Entfessle die Wurzeln|Libère les racines|Libera las raíces|Uwolnij Korzenie
subProphetEntColossus09|Aged Tree Bark||Casca de Árvore Envelhecida|Состарившаяся кора|老化樹皮|老化した樹皮|늙은 나무껍질|Gealterte Baumrinde|Écorce d'arbre âgé|Corteza de árbol envejecida|Postarzała Kora Drzewa
subProphetEntColossus10|Center of the Forest||Centro da Floresta|Центр леса|森林中心|森の中心|숲의 중심|Zentrum des Waldes|Centre de la forêt|Centro del bosque|Centrum Lasu
subProphetEntColossus11|Scorched Branchsmash||Esmagamento de Galhos Queimados|Обожжённый удар корой|焦灼樹枝重擊|焦げた枝スマッシュ|그을린 가지 강타|Verbrannter Rindenschlag|Écrasement de branche calcinée|Golpe de rama quemada|Spalony Uderzenie Gałęzi
subProphetEntColossus12|Colossal Canopy||Copa Colossal|Колоссальный полог|巨型樹冠|巨大な天蓋|거대한 수관|Kolossales Blätterdach|Canopée colossale|Dosel colosal|Kolosalny Baldachim
subProphetEntColossus13|Blood Hungry Roots||Raízes Sedentas de Sangue|Кровожадные корни|嗜血根系|血に飢えた根|피에 굶주린 뿌리|Bluthungrige Wurzeln|Racines affamées de sang|Raíces hambrientas de sangre|Krwiożercze Korzenie
subProphetEntColossus14|Trunk Crusher||Esmagador de Tronco|Дробитель стволов|樹幹粉碎者|幹の粉砕者|줄기 분쇄자|Stammzertrümmerer|Écraseur de tronc|Triturador de tronco|Zgniatacz Pnia
subDescProphetEntColossus01|Increases the damage dealt by ent colossus.||Aumenta o dano causado pelo colosso Ent.|Увеличивает урон, наносимый колоссом-энтом.|增加樹人巨像造成的傷害。|エント巨像が与えるダメージを増加させる。|엔트 거상이 주는 피해를 증가시킵니다.|Erhöht den Schaden des Ent-Kolosses.|Augmente les dégâts infligés par l'ent colosse.|Aumenta el daño infligido por el ent coloso.|Zwiększa obrażenia zadawane przez ent colossus.
subDescProphetEntColossus02|Chance for ent colossus to critically hit dealing increased critical strike damage.||Chance de o colosso Ent acertar um golpe crítico, causando dano crítico aumentado.|Колосс-энт имеет шанс нанести критический удар с увеличенным критическим уроном.|樹人巨像有機率造成暴擊，並提高暴擊傷害。|エント巨像はクリティカルヒットする確率があり、増加したクリティカルダメージを与える。|엔트 거상이 치명타를 줄 확률이 있으며, 증가된 치명타 피해를 줍니다.|Chance, dass der Ent-Koloss kritisch trifft und erhöhten kritischen Trefferschaden verursacht.|Probabilité pour l'ent colosse de porter un coup critique en infligeant des dégâts critiques augmentés.|Probabilidad de que el ent coloso realice golpe crítico infligiendo daño crítico aumentado.|Szansa na to, że ent colossus trafi krytycznie zadając zwiększone obrażenia krytyczne.
subDescProphetEntColossus03|Increases ent colossus damage reduction from all sources.||Aumenta a redução de dano do colosso Ent de todas as fontes.|Увеличивает снижение всего урона для колосса-энта.|增加樹人巨像的全傷害減免。|エント巨像の全ダメージ軽減を増加させる。|엔트 거상의 모든 피해 감소를 증가시킵니다.|Erhöht die Schadensreduktion des Ent-Kolosses aus allen Quellen.|Augmente la réduction de dégâts de l'ent colosse de toutes les sources.|Aumenta la reducción de daño del ent coloso de todas las fuentes.|Zwiększa redukcję obrażeń ent colossus ze wszystkich źródeł.
subDescProphetEntColossus04|Execute targets below a threshold. ||Executa alvos abaixo de um limite.|Казнит цели ниже порога.|撲殺低於生命閾值的目標。|閾値以下の対象を処刑する。|임계값 이하 대상을 처형합니다.|Führt Ziele unter einem Schwellenwert aus.|Exécute les cibles en dessous d'un seuil.|Ejecuta objetivos por debajo de un umbral.|Egzekucja celów poniżej progu.
subDescProphetEntColossus05|Chance on attack for ent colossus to unleash a powerful fiery smash knocking monsters back on a large radius inflicting burning.||Chance ao atacar de o colosso Ent liberar um poderoso golpe flamejante, arremessando monstros para trás em um grande raio e infligindo queimaduras.|При атаке колосс-энт имеет шанс выпустить мощный огненный удар, отбрасывающий монстров назад в большом радиусе и накладывающий горение.|樹精巨像攻擊時有機率釋放強力的火焰重擊，擊退大範圍內的怪物並造成燃燒效果。|攻撃時にエント巨像は強力な炎のスマッシュを放つ確率があり、大範囲でモンスターを後方に吹き飛ばし、燃焼を付与する。|공격 시 엔트 거상이 강력한 화염 강타를 방출할 확률이 있으며, 큰 범위로 몬스터를 뒤로 날려 화상을 부여합니다.|Chance beim Angriff, dass der Ent-Koloss einen mächtigen feurigen Schlag freisetzt, der Monster auf einem großen Radius zurückstößt und Verbrennung verursacht.|Probabilité à l'attaque pour l'ent colosse de libérer un puissant coup flamboyant repoussant les monstres sur un grand rayon en infligeant une brûlure.|Probabilidad al atacar de que el ent coloso libere un poderoso golpe flamígero lanzando monstruos hacia atrás en un gran radio infligiendo quemadura.|Szansa przy ataku na uwolnienie potężnego ognistej miazgi odpychającej potwory na dużym promieniu nakładającej palenie.
subDescProphetEntColossus06|Chance on attack to unleash a shockwave dealing damage and stunning monsters on hit.||Chance ao atacar de liberar uma onda de choque, causando dano e atordoando monstros ao atingir.|При атаке есть шанс выпустить ударную волну, наносящую урон и оглушающую монстров.|攻擊時有機率釋放衝擊波，造成傷害並使擊中的怪物暈眩。|攻撃時に衝撃波を放つ確率があり、ダメージを与え、モンスターをスタンさせる。|공격 시 충격파를 방출할 확률이 있으며, 피해를 주고 몬스터를 기절시킵니다.|Chance beim Angriff, eine Schockwelle freizusetzen, die Schaden verursacht und Monster beim Treffer betäubt.|Probabilité à l'attaque de libérer une onde de choc infligeant des dégâts et étourdissant les monstres au coup.|Probabilidad al atacar de liberar una onda de choque infligiendo daño y aturdiendo monstruos al impactar.|Szansa przy ataku na uwolnienie fali uderzeniowej zadającej obrażenia i ogłuszającej potwory przy trafieniu.
subDescProphetEntColossus07|Increases the maximum life of ent colossus.||Aumenta a vida máxima do colosso Ent.|Увеличивает максимальный запас здоровья колосса-энта.|增加樹人巨像的最大生命。|エント巨像の最大ライフを増加させる。|엔트 거상의 최대 생명력을 증가시킵니다.|Erhöht die maximale Leben des Ent-Kolosses.|Augmente la vie maximale de l'ent colosse.|Aumenta la vida máxima del ent coloso.|Zwiększa maksymalne życie ent colossus.
subDescProphetEntColossus08|Chance on attack for ent colossus to cast Thorned Roots (Prophet Skill).||Chance ao atacar de o colosso Ent conjurar Raízes Espinhosas (Habilidade do Profeta).|При атаке колосс-энт получает шанс применить заклинание «Колючие корни» (навык пророка). |樹人巨像攻擊時有機率施放荊棘根鬚（先知技能）。 |エント・コロッサスが攻撃時に「棘の根」（預言者スキル）を発動する可能性がある。 |엔트 콜로서스가 공격 시 일정 확률로 가시 뿌리(예언자 스킬)를 시전합니다. |Chance für den Ent-Koloss beim Angriff, Dornenwurzeln (Prophetenfähigkeit) zu wirken.|Chance lors d'une attaque pour le colosse ent de lancer Racines épineuses (Compétence de prophète). |Posibilidad de que el coloso ent lance Raíces Espinosas (Habilidad de Profeta) al atacar. |Podczas ataku kolos ent ma szansę rzucić Cierniowe Korzenie (Umiejętność Proroka). 
subDescProphetEntColossus09|Chance for ent colossus to block all incoming damage.||Chance do Colosso Ent bloquear todo o dano recebido.|Колосс-энт имеет шанс заблокировать весь входящий урон.|樹人巨像有機率格擋所有受到的傷害。|エント巨像はすべての incoming ダメージをブロックする確率。|엔트 거상이 모든 들어오는 피해를 막을 확률.|Chance, dass der Ent-Koloss allen eingehenden Schaden blockt.|Probabilité pour l'ent colosse de bloquer tous les dégâts entrants.|Probabilidad de que el ent coloso bloquee todo el daño entrante.|Szansa na to, że ent colossus zablokuje wszystkie nadchodzące obrażenia.
subDescProphetEntColossus10|Rotating branches orbit the ent colossus dealing damage and rooting monsters in place on hit.||Galhos giratórios orbitam o Colosso Ent, causando dano e imobilizando monstros ao atingi-los.|Вращающиеся ветви вращаются вокруг колосса-энта, нанося урон и укореняя монстров на месте при попадании.|旋轉的樹枝圍繞著樹人巨像運轉，造成傷害並在擊中時將怪物定身。|回転する枝がエント巨像の周りを回転し、ダメージを与え、命中時にモンスターをその場に根付かせる。|회전하는 가지가 엔트 거상 주위를 돌며 피해를 주고, 명중 시 몬스터를 그 자리에 뿌리박습니다.|Rotierende Äste umkreisen den Ent-Koloss und verursachen Schaden und enrooten Monster beim Treffer.|Des branches tournoyantes orbitent l'ent colosse en infligeant des dégâts et en enracinant les monstres sur place au coup.|Ramas giratorias orbitan el ent coloso infligiendo daño y enraizando monstruos en el lugar al impactar.|Wirujące gałęzie orbitują ent colossus zadając obrażenia i zakorzeniając potwory w miejscu przy trafieniu.
subDescProphetEntColossus11|Chance when attacking to smash the ground unleashing burning fissures knocking monsters in air and inflicting burning.||Chance, ao atacar, de esmagar o chão, liberando fissuras flamejantes que lançam monstros ao ar e infligem queimaduras.|При атаке есть шанс ударить по земле, выпуская горящие трещины, подбрасывающие монстров в воздух и накладывающие горение.|攻擊時有機率猛擊地面，釋放出燃燒的裂縫，將怪物擊飛到空中並造成燃燒效果。|攻撃時に地面を叩く確率があり、燃焼する亀裂を放ち、モンスターを空中に打ち上げて燃焼を付与する。|공격 시 땅을 내려칠 확률이 있으며, 불타는 균열을 방출하여 몬스터를 공중으로 띄우고 화상을 부여합니다.|Chance beim Angriff, den Boden zu zerschmettern und brennende Spalten freizusetzen, die Monster in die Luft schleudern und Verbrennung verursachen.|Probabilité à l'attaque d'écraser le sol en libérant des fissures ardentes projetant les monstres en l'air et infligeant une brûlure.|Probabilidad al atacar de golpear el suelo liberando fisuras ardientes lanzando monstruos al aire e infligiendo quemadura.|Szansa podczas ataku na uderzenie w ziemię uwalniając płonące szczeliny wyrzucające potwory w powietrze i nakładające palenie.
subDescProphetEntColossus12|Increases ent colossus damage based on its life. Ent colossus gains increased life.||Aumenta o dano do Colosso Ent com base em sua vida. O Colosso Ent ganha mais vida.|Увеличивает урон колосса-энта в зависимости от его здоровья. Колосс-энт получает увеличенное здоровье.|根據樹人巨像的生命值提高其傷害。樹人巨像獲得生命值提升。|エント巨像のライフに基づいてダメージを増加させる。エント巨像は増加したライフを得る。|엔트 거상의 생명력에 따라 피해를 증가시킵니다. 엔트 거상은 증가된 생명력을 얻습니다.|Erhöht den Schaden des Ent-Kolosses basierend auf seinem Leben. Der Ent-Koloss erhält erhöhte Leben.|Augmente les dégâts de l'ent colosse selon sa vie. L'ent colosse gagne une vie augmentée.|Aumenta el daño del ent coloso basado en su vida. El ent coloso gana vida aumentada.|Zwiększa obrażenia ent colossus na podstawie jego życia. Ent colossus zyskuje zwiększone życie.
subDescProphetEntColossus13|Ent colossus constantly sends roots towards nearby monsters dealing damage and rooting them for a short duration.||O Colosso Ent envia raízes constantemente em direção a monstros próximos, causando dano e imobilizando-os por um curto período.|Колосс-энт постоянно посылает корни к ближайшим монстрам, нанося урон и укореняя их на короткое время.|樹人巨像會不斷向附近的怪物發射根鬚，造成傷害並使其短時間內無法動彈。|エント巨像は常に近くのモンスターに向かって根を送信し、ダメージを与え、短時間根付かせる。|엔트 거상은 항상 근처 몬스터에게 뿌리를 보내 피해를 주고 짧은 시간 동안 뿌리박습니다.|Der Ent-Koloss sendet ständig Wurzeln zu nahen Monstern, die Schaden verursachen und sie für kurze Zeit enrooten.|L'ent colosse envoie constamment des racines vers les monstres proches en infligeant des dégâts et en les enracinant pendant un court moment.|El ent coloso envía constantemente raíces hacia monstruos cercanos infligiendo daño y enraizándolos durante un corto tiempo.|Ent colossus ciągle wysyła korzenie w kierunku pobliskich potworów zadając obrażenia i zakorzeniając je na krótki czas.
subDescProphetEntColossus14|Ent Colossus throws a huge tree trunk with each attack dealing increased damage and knocking monsters back on hit.||O Colosso Ent arremessa um enorme tronco de árvore a cada ataque, causando dano aumentado e arremessando monstros para trás ao atingi-los. |Колосс-энт при каждой атаке бросает огромный ствол дерева, наносящий увеличенный урон и отбрасывающий монстров назад.|樹人像每次攻擊都會投擲一根巨大的樹幹，造成更高的傷害，並在擊中目標時擊退怪物。|エント巨像は各攻撃で巨大な木の幹を投げ、増加ダメージを与え、モンスターを後方に吹き飛ばす。|엔트 거상은 매 공격마다 거대한 나무 줄기를 던져 증가된 피해를 주고 몬스터를 뒤로 날립니다.|Der Ent-Koloss wirft bei jedem Angriff einen riesigen Baumstamm, der erhöhten Schaden verursacht und Monster beim Treffer zurückstößt.|L'ent colosse lance un énorme tronc d'arbre avec chaque attaque infligeant des dégâts augmentés et repoussant les monstres au coup.|El ent coloso lanza un enorme tronco de árbol con cada ataque infligiendo daño aumentado y lanzando monstruos hacia atrás al impactar.|Ent Colossus rzuca ogromnym pniem drzewa przy każdym ataku zadając zwiększone obrażenia i odpychając potwory przy trafieniu.
subProphetSpiritOfVendigo01|Wendigo´s Rage||Fúria do Wendigo|Ярость вендиго|狂怒溫迪戈|ウェンディゴの怒り|웬디고의 분노|Wendigo-Wut|Rage du wendigo|Rabia del wendigo|Gniew Wendigo
subProphetSpiritOfVendigo02|Wendigo´s Hunger||Fome do Wendigo|Голод вендиго|飢餓溫迪戈|ウェンディゴの飢え|웬디고의 굶주림|Wendigo-Hunger|Faim du wendigo|Hambre del wendigo|Głód Wendigo
subProphetSpiritOfVendigo03|Wendigo´s Agility||Agilidade do Wendigo|Ловкость вендиго|敏捷溫迪戈|ウェンディゴの敏捷性|웬디고의 민첩성|Wendigo-Agilität|Agilité du wendigo|Agilidad del wendigo|Zwinność Wendigo
subProphetSpiritOfVendigo04|Wendigo´s Skin||Pele do Wendigo|Кожа вендиго|溫迪戈之膚|ウェンディゴの皮膚|웬디고의 피부|Wendigo-Haut|Peau du wendigo|Piel del wendigo|Skóra Wendigo
subProphetSpiritOfVendigo05|Wendigo´s Focus||Foco do Wendigo|Фокус вендиго|專注溫迪戈|ウェンディゴの集中|웬디고의 집중|Wendigo-Fokus|Focus du wendigo|Enfoque del wendigo|Skupienie Wendigo
subProphetSpiritOfVendigo06|Wendigo´s Claws||Garras do Wendigo|Когти вендиго|利爪溫迪戈|ウェンディゴの爪|웬디고의 발톱|Wendigo-Krallen|Griffes du wendigo|Garras del wendigo|Pazury Wendigo
subProphetSpiritOfVendigo07|Wendigo´s Paw||Pata do Wendigo|Лапа вендиго|溫迪戈之爪|ウェンディゴの足|웬디고의 발|Wendigo-Pfote|Patte du wendigo|Pata del wendigo|Łapa Wendigo
subProphetSpiritOfVendigo08|Wendigo´s Recuperation||Recuperação do Wendigo|Восстановление вендиго|溫迪戈恢復|ウェンディゴの回復|웬디고의 회복|Wendigo-Erholung|Récupération du wendigo|Recuperación del wendigo|Odnawianie Wendigo
subProphetSpiritOfVendigo09|Wendigo´s Bloodlust||Sede de Sangue do Wendigo|Кровожадность вендиго|嗜血溫迪戈|ウェンディゴの血への渇望|웬디고의 피에 대한 갈망|Wendigo-Blutgier|Soif de sang du wendigo|Sed de sangre del wendigo|Krwiożerczość Wendigo
subProphetSpiritOfVendigo10|Wendigo´s Endurance||Resistência do Wendigo|Выносливость вендиго|溫迪戈耐力|ウェンディゴの耐久力|웬디고의 인내|Wendigo-Ausdauer|Endurance du wendigo|Resistencia del wendigo|Wytrzymałość Wendigo
subProphetSpiritOfVendigo11|Blood Thirsty Skinwalker||Caminhante Sedento de Sangue|Кровожадный оборотень|嗜血變形者|血に飢えたスキンウォーカー|피에 굶주린 스킨워커|Blutdürstiger Hautwandler|Marchand de peau assoiffé de sang|Caminante de piel sediento de sangre|Krwiożerczy Skinwalker
subProphetSpiritOfVendigo12|Clawarang||Garra-branca|Когти-бумеранг|爪迴力鏢|爪ブーメラン|발톱 부메랑|Klauen-Bumerang|Clawarang|Clawarang|Clawarang
subProphetSpiritOfVendigo13|Flesh Ripping Beast||Besta Dilaceradora de Carne|Зверь, разрывающий плоть|撕裂血肉之獸|肉を引き裂く獣|살을 찢는 야수|Fleischzerreißende Bestie|Bête déchireuse de chair|Bestia desgarradora de carne|Bestia Rozrywająca Ciało
subProphetSpiritOfVendigo14|Blood Carnage||Carnificina Sangrenta|Кровавое побоище|血腥屠殺|血の虐殺|피의 대학살|Blut-Carnage|Carnage sanglant|Carnicería sangrienta|Krwawy Carnage
subDescProphetSpiritOfVendigo01|Increases physical damage while in wendigo form.||Aumenta o dano físico enquanto estiver na forma de Wendigo.|В форме вендиго увеличивает физический урон.|在溫迪戈形態時增加物理傷害。|ウェンディゴ形態時、物理ダメージを増加させる。|웬디고 형태 시 물리 피해를 증가시킵니다.|Erhöht physischen Schaden, während du in Wendigo-Form bist.|Augmente les dégâts physiques pendant que tu es en forme wendigo.|Aumenta el daño físico mientras estás en forma wendigo.|Zwiększa obrażenia fizyczne podczas formy wendigo.
subDescProphetSpiritOfVendigo02|Increases attack speed while in wendigo form.||Aumenta a velocidade de ataque enquanto estiver na forma de Wendigo.|В форме вендиго увеличивает скорость атаки.|在溫迪戈形態時增加攻擊速度。|ウェンディゴ形態時、攻撃速度を増加させる。|웬디고 형태 시 공격 속도를 증가시킵니다.|Erhöht die Angriffsgeschwindigkeit, während du in Wendigo-Form bist.|Augmente la vitesse d'attaque pendant que tu es en forme wendigo.|Aumenta la velocidad de ataque mientras estás en forma wendigo.|Zwiększa prędkość ataku podczas formy wendigo.
subDescProphetSpiritOfVendigo03|Increases movement speed while in wendigo form.||Aumenta a velocidade de movimento enquanto estiver na forma de Wendigo.|В форме вендиго увеличивает скорость передвижения.|在溫迪戈形態時增加移動速度。|ウェンディゴ形態時、移動速度を増加させる。|웬디고 형태 시 이동 속도를 증가시킵니다.|Erhöht die Bewegungsgeschwindigkeit, während du in Wendigo-Form bist.|Augmente la vitesse de mouvement pendant que tu es en forme wendigo.|Aumenta la velocidad de movimiento mientras estás en forma wendigo.|Zwiększa prędkość ruchu podczas formy wendigo.
subDescProphetSpiritOfVendigo04|Increases resistances while in wendigo form.||Aumenta as resistências enquanto estiver na forma de Wendigo.|В форме вендиго увеличивает сопротивления.|在溫迪戈形態時增加抗性。|ウェンディゴ形態時、耐性を増加させる。|웬디고 형태 시 저항을 증가시킵니다.|Erhöht Resistenzen, während du in Wendigo-Form bist.|Augmente les résistances pendant que tu es en forme wendigo.|Aumenta las resistencias mientras estás en forma wendigo.|Zwiększa odporności podczas formy wendigo.
subDescProphetSpiritOfVendigo05|Increases critical strike damage while in wendigo form.||Aumenta o dano de acerto crítico enquanto estiver na forma de Wendigo.|В форме вендиго увеличивает критический урон.|在溫迪戈形態時增加暴擊傷害。|ウェンディゴ形態時、クリティカルダメージを増加させる。|웬디고 형태 시 치명타 피해를 증가시킵니다.|Erhöht kritischen Trefferschaden, während du in Wendigo-Form bist.|Augmente les dégâts critiques pendant que tu es en forme wendigo.|Aumenta el daño crítico mientras estás en forma wendigo.|Zwiększa obrażenia krytyczne podczas formy wendigo.
subDescProphetSpiritOfVendigo06|Increases bleed damage inflicted while in wendigo form.||Aumenta o dano de sangramento infligido enquanto estiver na forma de Wendigo.|В форме вендиго увеличивает наносимый урон от кровотечения.|在溫迪戈形態時增加造成的流血傷害。|ウェンディゴ形態時、与える出血ダメージを増加させる。|웬디고 형태 시 주는 출혈 피해를 증가시킵니다.|Erhöht den verursachten Blutungsschaden, während du in Wendigo-Form bist.|Augmente les dégâts de saignement infligés pendant que tu es en forme wendigo.|Aumenta el daño de sangrado infligido mientras estás en forma wendigo.|Zwiększa obrażenia krwawienia zadawane podczas formy wendigo.
subDescProphetSpiritOfVendigo07|Increases the attack radius while in wendigo form.||Aumenta o raio de ataque enquanto estiver na forma de Wendigo.|В форме вендиго увеличивает радиус атаки.|在溫迪戈形態時增加攻擊範圍。|ウェンディゴ形態時、攻撃範囲を増加させる。|웬디고 형태 시 공격 범위를 증가시킵니다.|Erhöht den Angriffsradius, während du in Wendigo-Form bist.|Augmente le rayon d'attaque pendant que tu es en forme wendigo.|Aumenta el radio de ataque mientras estás en forma wendigo.|Zwiększa promień ataku podczas formy wendigo.
subDescProphetSpiritOfVendigo08|Increases life replenish while in wendigo form.||Aumenta a regeneração de vida enquanto estiver na forma de Wendigo.|В форме вендиго увеличивает восстановление здоровья.|在溫迪戈形態時增加生命恢復。|ウェンディゴ形態時、ライフ回復を増加させる。|웬디고 형태 시 생명력 회복을 증가시킵니다.|Erhöht die Lebensregeneration, während du in Wendigo-Form bist.|Augmente la régénération de vie pendant que tu es en forme wendigo.|Aumenta la regeneración de vida mientras estás en forma wendigo.|Zwiększa replenish życia podczas formy wendigo.
subDescProphetSpiritOfVendigo09|Gain a stack of bloodlust after monster kill increasing your damage dealt while in wendigo form.||Ganhe um acúmulo de sede de sangue após matar um monstro, aumentando o dano causado enquanto estiver na forma de wendigo.|После убийства монстра получает стак кровожадности, увеличивая наносимый урон в форме вендиго.|擊殺怪物後獲得一層嗜血效果，在溫迪戈形態下提升你的傷害。|モンスターを倒した後に血への渇望スタックを得て、ウェンディゴ形態時の与えるダメージを増加させる。|몬스터를 처치한 후 혈욕 스택을 얻어 웬디고 형태 시 주는 피해를 증가시킵니다.|Erhalte nach dem Töten eines Monsters einen Stapel Blutgier, der deinen verursachten Schaden in Wendigo-Form erhöht.|Gagne un cumul de soif de sang après avoir tué un monstre augmentant tes dégâts infligés pendant que tu es en forme wendigo.|Gana un acumulado de sed de sangre después de matar un monstruo aumentando tu daño infligido mientras estás en forma wendigo.|Zyskuje stack bloodlust po zabiciu potwora zwiększający zadawane obrażenia podczas formy wendigo.
subDescProphetSpiritOfVendigo10|Increases your defense while in wendigo form.||Aumenta sua defesa enquanto estiver na forma de wendigo.|В форме вендиго увеличивает вашу защиту.|在溫迪戈形態時增加你的防禦。|ウェンディゴ形態時、あなたの防御を増加させる。|웬디고 형태 시 당신의 방어를 증가시킵니다.|Erhöht deine Verteidigung, während du in Wendigo-Form bist.|Augmente ta défense pendant que tu es en forme wendigo.|Aumenta tu defensa mientras estás en forma wendigo.|Zwiększa twoją obronę podczas formy wendigo.
subDescProphetSpiritOfVendigo11|Increases life steal, life steal frequency and damage while in wendigo form.||Aumenta o roubo de vida, a frequência e o dano do roubo de vida enquanto estiver na forma de wendigo.|В форме вендиго увеличивает кражу жизни, частоту кражи жизни и урон.|在溫迪戈形態時增加生命偷取、生命偷取頻率和傷害。|ウェンディゴ形態時、ライフスティール、ライフスティール頻度、ダメージを増加させる。|웬디고 형태 시 생명력 흡수, 생명력 흡수 빈도, 피해를 증가시킵니다.|Erhöht Lebensraub, Lebensraub-Frequenz und Schaden, während du in Wendigo-Form bist.|Augmente le vol de vie, la fréquence de vol de vie et les dégâts pendant que tu es en forme wendigo.|Aumenta el robo de vida, frecuencia de robo de vida y daño mientras estás en forma wendigo.|Zwiększa life steal, częstotliwość life steal i obrażenia podczas formy wendigo.
subDescProphetSpiritOfVendigo12|Throw a boomerang of claws when attacking while in vendigo form. Catching the boomerang increases your damage for a short duration.||Lance um bumerangue de garras ao atacar enquanto estiver na forma de wendigo. Pegar o bumerangue aumenta seu dano por um curto período.|При атаке в форме вендиго бросает бумеранг из когтей. Поймав бумеранг, вы увеличиваете свой урон на короткое время.|在溫迪戈形態攻擊時投擲爪子迴力鏢。接住迴力鏢短時間內增加你的傷害。|ウェンディゴ形態で攻撃時に爪のブーメランを投げる。ブーメランをキャッチすると短時間あなたのダメージを増加させる。|웬디고 형태로 공격할 때 발톱 부메랑을 던집니다. 부메랑을 잡으면 짧은 시간 동안 당신의 피해가 증가합니다.|Wirf beim Angriff in Wendigo-Form einen Klauen-Bumerang. Das Fangen des Bumerangs erhöht deinen Schaden für kurze Zeit.|Lance un bumerang de griffes lors de l'attaque pendant que tu es en forme wendigo. Attraper le bumerang augmente tes dégâts pendant un court moment.|Lanza un bumerán de garras al atacar mientras estás en forma wendigo. Atrapar el bumerán aumenta tu daño durante un corto tiempo.|Rzuć bumerangiem pazurów podczas ataku w formie wendigo. Złapanie bumerangu zwiększa twoje obrażenia na krótki czas.
subDescProphetSpiritOfVendigo13|Chance to inflict bleeding on hit with increased stacks of bleeding while in wendigo form.||Chance de infligir sangramento ao acertar com acúmulos maiores de sangramento enquanto estiver na forma de wendigo.|При попадании в форме вендиго есть шанс наложить кровотечение с увеличенным количеством стаков.|在溫迪戈形態命中時有機率造成流血並疊加流血層數。|ウェンディゴ形態で命中時に出血を付与し、出血スタックを増加させる確率。|웬디고 형태로 명중 시 출혈을 부여하고 출혈 스택을 증가시킬 확률.|Chance, beim Treffer Blutung mit erhöhten Blutungsstapeln zu verursachen, während du in Wendigo-Form bist.|Probabilité d'infliger un saignement au coup avec des cumuls de saignement augmentés pendant que tu es en forme wendigo.|Probabilidad de infligir sangrado al impactar con acumulados de sangrado aumentados mientras estás en forma wendigo.|Szansa na nałożenie krwawienia przy trafieniu ze zwiększonymi stackami krwawienia podczas formy wendigo.
subDescProphetSpiritOfVendigo14|Every attack adds a stack of blood carnage, at maximum stacks become empowered unleashing ripples of blood on hit.||Cada ataque adiciona um acúmulo de carnificina de sangue; com o máximo de acúmulos, você se torna fortalecido, liberando ondas de sangue ao acertar. |Каждая атака добавляет стак кровавого побоища; при максимальном количестве стаков вы становитесь усиленным и выпускаете волны крови при попадании.|每次攻擊都會疊加一層血腥屠戮，疊加到最高層數後會獲得強化，在擊中目標時釋放出血腥漣漪。|毎回の攻撃で血の虐殺スタックを追加し、最大スタック時に強化され、命中時に血の波を放つ。|매 공격마다 혈의 대학살 스택을 추가하며, 최대 스택 시 강화되어 명중 시 혈의 파동을 방출합니다.|Jeder Angriff fügt einen Stapel Blut-Carnage hinzu. Bei maximalen Stapeln wirst du gestärkt und entfesselst Blutwellen beim Treffer.|Chaque attaque ajoute un cumul de carnage sanglant, au maximum des cumuls deviens renforcé en libérant des ondulations de sang au coup.|Cada ataque añade un acumulado de carnicería sangrienta, al máximo de acumulados te vuelves potenciado liberando ondulaciones de sangre al impactar.|Każdy atak dodaje stack blood carnage, przy maksymalnych stackach stajesz się wzmocniony uwalniając fale krwi przy trafieniu.
subProphetWoundingPaw01|Sharper Claws||Garras Afiadas|Более острые когти|鋒利爪子|より鋭い爪|더 날카로운 발톱|Schärfere Krallen|Griffes plus tranchantes|Garras más afiladas|Ostrzejsze Pazury
subProphetWoundingPaw02|Accurate Slash||Golpe Preciso|Точный удар|精準斬擊|正確な斬撃|정확한 베기|Präziser Schnitt|Coup précis|Corte preciso|Dokładne Cięcie
subProphetWoundingPaw03|Shredding Claws||Garras Dilacerantes|Раздирающие когти|粉碎利爪|引き裂く爪|찢는 발톱|Zerreißende Krallen|Griffes déchiquetantes|Garras trituradoras|Rozszarpujące Pazury
subProphetWoundingPaw04|Disorienting Crush||Esmagamento Desorientador|Дезориентирующий удар|粉碎方向感|方向感覚を失わせるクラッシュ|방향 감각 상실 크러시|Desorientierender Crush|Écrasement désorientant|Aplastamiento desorientador|Dezorientujące Zgniecenie
subProphetWoundingPaw05|Pummeling The Disoriented||Esmagamento de Desorientados|Избиение дезориентированных|痛擊眩暈者|方向感覚を失った対象への殴打|방향 감각 상실 대상에 대한 구타|Zertrümmerung der Desorientierten|Martèlement des désorientés|Martilleo de los desorientados|Uderzanie Dezorientowanego
subProphetWoundingPaw06|Amplified Rabies||Raiva Amplificada|Усиленное бешенство|增幅狂犬病|増幅された狂犬病|증폭된 광견병|Verstärkte Tollwut|Rage amplifiée|Rabia amplificada|Wzmacniana Wścieklizna
subProphetWoundingPaw07|Slick Movement||Movimento Ágil|Плавное движение|光滑移動|滑らかな動き|매끄러운 움직임|Gleitende Bewegung|Mouvement fluide|Movimiento fluido|Zwinny Ruch
subProphetWoundingPaw08|Critical Slashing||Golpe Crítico|Критический удар|致命斬擊|クリティカルスラッシュ|치명타 베기|Kritisches Schneiden|Coupe critique|Corte crítico|Krytyczne Cięcie
subProphetWoundingPaw09|Slashing with Accuracy||Golpe com Precisão|Удар с точностью|精準劈砍|正確な斬撃|정확한 베기|Schneiden mit Präzision|Coupe avec précision|Corte con precisión|Cięcie z Precyzją
subProphetWoundingPaw10|Vital Siphoning||Sifão Vital|Жизненное высасывание|生命汲取|生命吸収|생명력 흡수|Vitales Absaugen|Siphonnage vital|Sifón vital|Życiowe Ssanie
subProphetWoundingPaw11|Accelerated Slash||Golpe Acelerado|Ускоренный удар|加速斬擊|加速した斬撃|가속된 베기|Beschleunigter Schnitt|Coupe accélérée|Corte acelerado|Przyspieszone Cięcie
subProphetWoundingPaw12|Brutalizing Decomposition||Decomposição Brutal|Жестокое разложение|殘酷分解|残虐な分解|잔인한 분해|Brutalisierende Zersetzung|Décomposition brutale|Descomposición brutalizadora|Brutalizująca Dekompozycja
subProphetWoundingPaw13|Slashing Momentum||Impulso Cortante|Импульс рубки|斬擊之勢|斬撃の勢い|베기의 기세|Schneid-Momentum|Momentum de coupe|Impulso de corte|Pęd Cięcia
subProphetWoundingPaw14|Animal Siphoning||Sifão Animal|Животное высасывание|虹吸動物|動物吸収|동물 흡수|Tierisches Absaugen|Siphonnage animal|Sifón animal|Ssanie Zwierzęce
subDescProphetWoundingPaw01|Increases damage when using wounding paw.||Aumenta o dano ao usar a pata ferida.|Увеличивает урон при использовании ранящей лапы.|使用傷痕之爪時增加傷害。|傷つける爪使用時にダメージを増加させる。|상처 입히는 발 사용 시 피해를 증가시킵니다.|Erhöht den Schaden beim Verwenden der verletzenden Pfote.|Augmente les dégâts lors de l'utilisation de la patte blessante.|Aumenta el daño al usar pata hiriente.|Zwiększa obrażenia podczas używania wounding paw.
subDescProphetWoundingPaw02|Increases attack rating when using wounding paw.||Aumenta a classificação de ataque ao usar a pata ferida.|Увеличивает рейтинг атаки при использовании ранящей лапы.|使用傷痕之爪時增加命中率。|傷つける爪使用時に攻撃レートを増加させる。|상처 입히는 발 사용 시 공격 등급을 증가시킵니다.|Erhöht die Angriffsgenauigkeit beim Verwenden der verletzenden Pfote.|Augmente la précision d'attaque lors de l'utilisation de la patte blessante.|Aumenta la precisión de ataque al usar pata hiriente.|Zwiększa trafienie ataku podczas używania wounding paw.
subDescProphetWoundingPaw03|Chance to inflict bleeding on hit.||Chance de infligir sangramento ao acertar.|При попадании есть шанс наложить кровотечение.|命中時有機率造成流血。|命中時に出血を付与する確率。|명중 시 출혈을 부여할 확률.|Chance, beim Treffer Blutung zu verursachen.|Probabilité d'infliger un saignement au coup.|Probabilidad de infligir sangrado al impactar.|Szansa na nałożenie krwawienia przy trafieniu.
subDescProphetWoundingPaw04|Chance to stun monsters on hit dealing increased damage.||Chance de atordoar monstros ao acertar, causando dano aumentado.|При попадании есть шанс оглушить монстров и нанести увеличенный урон.|命中時有機率暈眩怪物並增加傷害。|命中時にモンスターをスタンさせ、増加ダメージを与える確率。|명중 시 몬스터를 기절시키고 증가된 피해를 줄 확률.|Chance, Monster beim Treffer zu betäuben und erhöhten Schaden zu verursachen.|Probabilité d'étourdir les monstres au coup en infligeant des dégâts augmentés.|Probabilidad de aturdir monstruos al impactar infligiendo daño aumentado.|Szansa na ogłuszenie potworów przy trafieniu zadająca zwiększone obrażenia.
subDescProphetWoundingPaw05|Gain increased damage to stunned targets.||Ganha dano aumentado contra alvos atordoados.|Наносит увеличенный урон оглушённым целям.|對暈眩目標造成更多傷害。|スタンした対象に増加ダメージを与える。|기절한 대상에게 증가된 피해를 줍니다.|Erhalte erhöhten Schaden gegen betäubte Ziele.|Gagne des dégâts augmentés contre les cibles étourdies.|Gana daño aumentado contra objetivos aturdidos.|Zyskuje zwiększone obrażenia na ogłuszone cele.
subDescProphetWoundingPaw06|Increased attack speed when using wounding paw.||Aumenta a velocidade de ataque ao usar a pata ferida.|Увеличивает скорость атаки при использовании ранящей лапы.|使用傷痕之爪時增加攻擊速度。|傷つける爪使用時に攻撃速度を増加させる。|상처 입히는 발 사용 시 공격 속도를 증가시킵니다.|Erhöhte Angriffsgeschwindigkeit beim Verwenden der verletzenden Pfote.|Vitesse d'attaque augmentée lors de l'utilisation de la patte blessante.|Velocidad de ataque aumentada al usar pata hiriente.|Zwiększona prędkość ataku podczas używania wounding paw.
subDescProphetWoundingPaw07|Decreased movement diminish and mana cost when using wounding paw.||Reduz a redução de movimento e o custo de mana ao usar a pata ferida.|Снижает уменьшение движения и расход маны при использовании ранящей лапы.|降低使用傷痕之爪時減少移動速度的效果與法力消耗。|傷つける爪使用時に移動減少とマナコストを減少させる。|상처 입히는 발 사용 시 이동 감소와 마나 소모를 감소시킵니다.|Verringerte Bewegungsminderung und Manakosten beim Verwenden der verletzenden Pfote.|Diminution de mouvement et coût en mana réduits lors de l'utilisation de la patte blessante.|Reducción de disminución de movimiento y costo de maná al usar pata hiriente.|Zmniejszone zmniejszenie ruchu i koszt many podczas używania wounding paw.
subDescProphetWoundingPaw08|Increased critical strike chance when using wounding paw.||Aumenta a chance de acerto crítico ao usar a pata ferida.|Увеличивает шанс критического удара при использовании ранящей лапы.|使用傷痕之爪時增加暴擊機率。|傷つける爪使用時にクリティカル率を増加させる。|상처 입히는 발 사용 시 치명타 확률을 증가시킵니다.|Erhöhte kritische Trefferchance beim Verwenden der verletzenden Pfote.|Chance de coup critique augmentée lors de l'utilisation de la patte blessante.|Probabilidad de golpe crítico aumentada al usar pata hiriente.|Zwiększona szansa na trafienie krytyczne podczas używania wounding paw.
subDescProphetWoundingPaw09|Increases critical strike damage when using wounding paw.||Aumenta o dano de acerto crítico ao usar a pata ferida.|Увеличивает критический урон при использовании ранящей лапы.|使用傷痕之爪時增加暴擊傷害。|傷つける爪使用時にクリティカルダメージを増加させる。|상처 입히는 발 사용 시 치명타 피해를 증가시킵니다.|Erhöht den kritischen Trefferschaden beim Verwenden der verletzenden Pfote.|Augmente les dégâts critiques lors de l'utilisation de la patte blessante.|Aumenta el daño crítico al usar pata hiriente.|Zwiększa obrażenia krytyczne podczas używania wounding paw.
subDescProphetWoundingPaw10|Increases life steal and mana steal when using wounding paw.||Aumenta o roubo de vida e o roubo de mana ao usar a pata ferida.|Увеличивает кражу жизни и кражу маны при использовании ранящей лапы.|使用傷痕之爪時增加生命偷取與法力偷取。|傷つける爪使用時にライフスティールとマナスティールを増加させる。|상처 입히는 발 사용 시 생명력 흡수와 마나 흡수를 증가시킵니다.|Erhöht Lebensraub und Manaraub beim Verwenden der verletzenden Pfote.|Augmente le vol de vie et le vol de mana lors de l'utilisation de la patte blessante.|Aumenta el robo de vida y robo de maná al usar pata hiriente.|Zwiększa life steal i mana steal podczas używania wounding paw.
subDescProphetWoundingPaw11|Every fourth attack is empowered dealing increased damage on a larger radius.||A cada quatro ataques, o dano é aumentado em uma área maior. |Каждая четвёртая атака усиливается и наносит увеличенный урон в большем радиусе.|每第四次攻擊被強化，增加更大範圍與造成傷害。|4回目の攻撃ごとに強化され、より大きな範囲で増加ダメージを与える。|4번째 공격마다 강화되어 더 큰 범위에서 증가된 피해를 줍니다.|Jeder vierte Angriff ist gestärkt und verursacht erhöhten Schaden auf einem größeren Radius.|Chaque quatrième attaque est renforcée en infligeant des dégâts augmentés sur un plus grand rayon.|Cada cuarto ataque está potenciado infligiendo daño aumentado en un radio mayor.|Co czwarty atak jest wzmocniony zadając zwiększone obrażenia na większym promieniu.
subDescProphetWoundingPaw12|Chance on monster kill to unleash a ripple of blood dealing damage on a large radius.||Chance de liberar uma onda de sangue ao matar um monstro, causando dano em uma grande área.|При убийстве монстра есть шанс выпустить волну крови, наносящую урон в большом радиусе.|擊殺怪物時有機率會釋放血浪，對大範圍目標造成傷害。|モンスターを倒した時に大範囲でダメージを与える血の波を放つ確率。|몬스터를 처치할 때 큰 범위에서 피해를 주는 혈의 파동을 방출할 확률.|Chance beim Töten eines Monsters, eine Blutwelle freizusetzen, die Schaden auf einem großen Radius verursacht.|Probabilité à la mort d'un monstre de libérer une ondulation de sang infligeant des dégâts sur un grand rayon.|Probabilidad al matar un monstruo de liberar una ondulación de sangre infligiendo daño en un gran radio.|Szansa przy zabiciu potwora na uwolnienie fali krwi zadającej obrażenia na dużym promieniu.
subDescProphetWoundingPaw13|Gain a stack of slashing momentum on hit increasing your attack speed and damage.||Ganhe um acúmulo de ímpeto cortante ao acertar, aumentando sua velocidade de ataque e dano.|При попадании получает стак импульса рубки, увеличивающий вашу скорость атаки и урон.|每次擊中目標都會獲得一層斬擊之勢，提高你的攻擊速度和傷害。|命中時に斬撃の勢いスタックを得て、攻撃速度とダメージを増加させる。|명중 시 베기의 기세 스택을 얻어 공격 속도와 피해를 증가시킵니다.|Erhalte beim Treffer einen Stapel Schneid-Momentum, der deine Angriffsgeschwindigkeit und deinen Schaden erhöht.|Gagne un cumul de momentum de coupe au coup augmentant ta vitesse d'attaque et tes dégâts.|Gana un acumulado de impulso de corte al impactar aumentando tu velocidad de ataque y daño.|Zyskuje stack slashing momentum przy trafieniu zwiększający twoją prędkość ataku i obrażenia.
subDescProphetWoundingPaw14|Gain increased life steal, critical strike damage and movement speed on kill.||Ganhe aumento de roubo de vida, dano crítico e velocidade de movimento ao matar um monstro. |При убийстве получает увеличенную кражу жизни, критический урон и скорость передвижения.|擊殺時獲得增加生命偷取、爆擊傷害和移動速度。|倒した時に増加したライフスティール、クリティカルダメージ、移動速度を得る。|처치 시 증가된 생명력 흡수, 치명타 피해, 이동 속도를 얻습니다.|Erhalte beim Töten erhöhten Lebensraub, kritischen Trefferschaden und Bewegungsgeschwindigkeit.|Gagne un vol de vie, des dégâts critiques et une vitesse de mouvement augmentés à la mort.|Gana robo de vida, daño crítico y velocidad de movimiento aumentados al matar.|Zyskuje zwiększony life steal, obrażenia krytyczne i prędkość ruchu przy zabiciu.
subProphetSpiritOfEnt01|Ent´s Rage||Fúria do Ent|Ярость энта|樹人之怒|エントの怒り|엔트의 분노|Ent-Wut|Rage de l'ent|Rabia del ent|Gniew Ent
subProphetSpiritOfEnt02|Ent´s Bark||Latido do Ent|Кора энта|樹人樹皮|エントの樹皮|엔트의 나무껍질|Ent-Rinde|Écorce de l'ent|Corteza del ent|Kora Ent
subProphetSpiritOfEnt03|Ent´s Vitality||Vitalidade do Ent|Жизненная сила энта|樹人體力|エントの活力|엔트의 생명력|Ent-Vitalität|Vitalité de l'ent|Vitalidad del ent|Witalność Ent
subProphetSpiritOfEnt04|Ent´s Weight||Peso do Ent|Вес энта|樹人重量|エントの重量|엔트의 무게|Ent-Gewicht|Poids de l'ent|Peso del ent|Waga Ent
subProphetSpiritOfEnt05|Ent´s Thorns||Espinhos do Ent|Шипы энта|樹人荊棘|エントの棘|엔트의 가시|Ent-Dornen|Épines de l'ent|Espinas del ent|Kolce Ent
subProphetSpiritOfEnt06|Ent´s Wisdom||Sabedoria do Ent|Мудрость энта|樹人智慧|エントの知恵|엔트의 지혜|Ent-Weisheit|Sagesse de l'ent|Sabiduría del ent|Mądrość Ent
subProphetSpiritOfEnt07|Ent´s Roots||Raízes do Ent|Корни энта|樹人根系|エントの根|엔트의 뿌리|Ent-Wurzeln|Racines de l'ent|Raíces del ent|Korzenie Ent
subProphetSpiritOfEnt08|Ent´s Trunk||Tronco do Ent|Ствол энта|樹人樹幹|エントの幹|엔트의 줄기|Ent-Stamm|Tronc de l'ent|Tronco del ent|Pień Ent
subProphetSpiritOfEnt09|Ent´s Heart||Coração do Ent|Сердце энта|樹人之心|エントの心|엔트의 심장|Ent-Herz|Cœur de l'ent|Corazón del ent|Serce Ent
subProphetSpiritOfEnt10|Ent´s Intellect||Intelecto do Ent|Интеллект энта|樹人智慧|エントの知性|엔트의 지성|Ent-Intellekt|Intellect de l'ent|Intelecto del ent|Inteligencja Ent
subProphetSpiritOfEnt11|Reflecting Branches||Galhos Refletores|Отражающие ветви|反射枝條|反射する枝|반사하는 가지|Reflektierende Äste|Branches réfléchissantes|Ramas reflejantes|Odbijające Gałęzie
subProphetSpiritOfEnt12|Grizzly||Grizzly|Гризли|灰熊|グリズリー|그리즐리|Grizzly|Grizzly|Oso grizzly|Grizzly
subProphetSpiritOfEnt13|Dominos of Trunks||Dominós de Troncos|Домino стволов|骨牌樹幹|幹のドミノ|줄기 도미노|Dominosteine aus Stämmen|Dominos de troncs|Dominós de troncos|Dominos Pni
subProphetSpiritOfEnt14|Crushing Trunksmash||Esmagamento de Tronco|Раздавливающий удар стволом|樹幹粉碎重擊|粉砕する幹スマッシュ|분쇄하는 줄기 강타|Zertrümmernder Stamm-Schlag|Écrasement de tronc écrasant|Golpe de tronco aplastante|Miażdżące Uderzenie Pnia
subDescProphetSpiritOfEnt01|Increases damage while in ent form.||Aumenta o dano enquanto estiver na forma de Ent.|В форме энта увеличивает урон.|在樹靈形態時增加傷害。|エント形態時、ダメージを増加させる。|엔트 형태 시 피해를 증가시킵니다.|Erhöht den Schaden, während du in Ent-Form bist.|Augmente les dégâts pendant que tu es en forme ent.|Aumenta el daño mientras estás en forma ent.|Zwiększa obrażenia podczas formy ent.
subDescProphetSpiritOfEnt02|Increases damage reduction from all sources while in ent form.||Aumenta a redução de dano de todas as fontes enquanto estiver na forma de Ent.|В форме энта увеличивает снижение всего урона.|在樹靈形態時增加全傷害減免。|エント形態時、全ダメージ軽減を増加させる。|엔트 형태 시 모든 피해 감소를 증가시킵니다.|Erhöht die Schadensreduktion aus allen Quellen, während du in Ent-Form bist.|Augmente la réduction de dégâts de toutes les sources pendant que tu es en forme ent.|Aumenta la reducción de daño de todas las fuentes mientras estás en forma ent.|Zwiększa redukcję obrażeń ze wszystkich źródeł podczas formy ent.
subDescProphetSpiritOfEnt03|Increases maximum life while in ent form.||Aumenta a vida máxima enquanto estiver na forma de Ent.|В форме энта увеличивает максимальное здоровье.|在樹靈形態時增加最大生命值。|エント形態時、最大ライフを増加させる。|엔트 형태 시 최대 생명력을 증가시킵니다.|Erhöht die maximale Leben, während du in Ent-Form bist.|Augmente la vie maximale pendant que tu es en forme ent.|Aumenta la vida máxima mientras estás en forma ent.|Zwiększa maksymalne życie podczas formy ent.
subDescProphetSpiritOfEnt04|Chance to deal double damage on hit while in ent form.||Chance de causar dano dobrado ao acertar enquanto estiver na forma de Ent.|При попадании в форме энта есть шанс нанести двойной урон.|樹靈形態時命中有機率造成雙倍傷害。|エント形態で命中時に2倍ダメージを与える確率。|엔트 형태로 명중 시 2배 피해를 줄 확률.|Chance, beim Treffer doppelten Schaden zu verursachen, während du in Ent-Form bist.|Probabilité d'infliger des dégâts doubles au coup pendant que tu es en forme ent.|Probabilidad de infligir daño doble al impactar mientras estás en forma ent.|Szansa na zadanie podwójnych obrażeń przy trafieniu podczas formy ent.
subDescProphetSpiritOfEnt05|Increases damage return while in ent form.||Aumenta o retorno de dano enquanto estiver na forma de Ent.|В форме энта увеличивает отражение урона.|在樹靈形態時增加傷害反彈。|エント形態時、ダメージ反射を増加させる。|엔트 형태 시 피해 반사를 증가시킵니다.|Erhöht den Schadensrückstoß, während du in Ent-Form bist.|Augmente le retour de dégâts pendant que tu es en forme ent.|Aumenta el retorno de daño mientras estás en forma ent.|Zwiększa damage return podczas formy ent.
subDescProphetSpiritOfEnt06|Increases all resistances while in ent form.||Aumenta todas as resistências enquanto estiver na forma de Ent.|В форме энта увеличивает все сопротивления.|在樹靈形態時增加所有抗性。|エント形態時、全耐性を増加させる。|엔트 형태 시 모든 저항을 증가시킵니다.|Erhöht alle Resistenzen, während du in Ent-Form bist.|Augmente toutes les résistances pendant que tu es en forme ent.|Aumenta todas las resistencias mientras estás en forma ent.|Zwiększa wszystkie odporności podczas formy ent.
subDescProphetSpiritOfEnt07|Chance on hit to root monsters in place dealing damage over time while in ent form..||Chance de enraizar monstros no lugar ao acertar, causando dano ao longo do tempo enquanto estiver na forma de Ent.|При попадании в форме энта есть шанс укоренить монстров на месте, нанося урон со временем.|在樹靈形態命中時有機率將怪物定身並造成持續傷害。|エント形態で命中時にモンスターをその場に根付かせ、時間とともにダメージを与える確率。|엔트 형태로 명중 시 몬스터를 그 자리에 뿌리박아 시간에 따라 피해를 줄 확률.|Chance beim Treffer, Monster zu enrooten und Schaden über die Zeit zu verursachen, während du in Ent-Form bist.|Probabilité au coup d'enraciner les monstres sur place en infligeant des dégâts avec le temps pendant que tu es en forme ent.|Probabilidad al impactar de enraizar monstruos en el lugar infligiendo daño con el tiempo mientras estás en forma ent.|Szansa przy trafieniu na zakorzenienie potworów w miejscu zadając obrażenia w czasie podczas formy ent.
subDescProphetSpiritOfEnt08|Chance to block all incoming damage while in ent form.||Chance de bloquear todo o dano recebido enquanto estiver na forma de Ent.|В форме энта есть шанс заблокировать весь входящий урон.|處於樹靈形態時有機率格擋所有受到的傷害。|エント形態時、全 incoming ダメージをブロックする確率。|엔트 형태 시 모든 들어오는 피해를 막을 확률.|Chance, allen eingehenden Schaden zu blocken, während du in Ent-Form bist.|Probabilité de bloquer tous les dégâts entrants pendant que tu es en forme ent.|Probabilidad de bloquear todo el daño entrante mientras estás en forma ent.|Szansa na zablokowanie wszystkich nadchodzących obrażeń podczas formy ent.
subDescProphetSpiritOfEnt09|Chance to replenish a portion of your maximum life when struck while in ent form.||Chance de recuperar uma parte da sua vida máxima ao ser atingido enquanto estiver na forma de Ent.|При получении удара в форме энта есть шанс восстановить часть вашего максимального здоровья.|處於樹精形態時受到攻擊，有機率恢復一部分最大生命值。|エント形態で攻撃を受けた時にあなたの最大ライフの一部を回復する確率。|엔트 형태로 공격받을 때 당신의 최대 생명력 일부를 회복할 확률.|Chance, beim Getroffenwerden einen Teil deiner maximalen Leben wiederherzustellen, während du in Ent-Form bist.|Probabilité de recharger une partie de ta vie maximale lorsque tu es touché pendant que tu es en forme ent.|Probabilidad de restaurar una porción de tu vida máxima al ser golpeado mientras estás en forma ent.|Szansa na przywrócenie części twojego maksymalnego życia gdy zostaniesz uderzony podczas formy ent.
subDescProphetSpiritOfEnt10|Increases magic skill damage while in ent form.||Aumenta o dano de habilidades mágicas enquanto estiver na forma de Ent.|В форме энта увеличивает магический урон от навыков.|在樹靈形態時增加法術技能傷害。|エント形態時、魔法スキルダメージを増加させる。|엔트 형태 시 마법 스킬 피해를 증가시킵니다.|Erhöht magischen Schadenswert, während du in Ent-Form bist.|Augmente les dégâts de compétence magique pendant que tu es en forme ent.|Aumenta el daño de habilidad mágica mientras estás en forma ent.|Zwiększa obrażenia umiejętności magicznych podczas formy ent.
subDescProphetSpiritOfEnt11|Chance to throw a huge branch towards monsters when struck while in ent form.||Chance de arremessar um galho enorme em direção aos monstros ao ser atingido enquanto estiver na forma de Ent.|При получении удара в форме энта есть шанс бросить огромную ветвь в сторону монстров.|樹靈形態下受到攻擊時有機率向怪物投擲一根巨大的樹枝。|エント形態で攻撃を受けた時に巨大な枝をモンスターに向かって投げる確率。|엔트 형태로 공격받을 때 거대한 가지를 몬스터 쪽으로 던질 확률.|Chance, beim Getroffenwerden einen riesigen Ast auf Monster zu werfen, während du in Ent-Form bist.|Probabilité de lancer une énorme branche vers les monstres lorsque tu es touché pendant que tu es en forme ent.|Probabilidad de lanzar una rama enorme hacia monstruos al ser golpeado mientras estás en forma ent.|Szansa na rzut ogromną gałęzią w kierunku potworów gdy zostaniesz uderzony podczas formy ent.
subDescProphetSpiritOfEnt12|Morph into a grizzly bear and gain increased damage based on your maximum life while in ent form.||Transforma-se em um urso pardo e ganha dano aumentado com base na sua vida máxima enquanto estiver na forma de Ent.|В форме энта превращается в гризли-медведя и получает увеличенный урон в зависимости от вашего максимального здоровья.|在樹人形態時變形為灰熊，並根據你的最大生命值增加傷害。|エント形態時、グリズリーベアに変身し、あなたの最大ライフに基づいて増加ダメージを得る。|엔트 형태 시 그리즐리 곰으로 변신하여 당신의 최대 생명력에 따라 증가된 피해를 얻습니다.|Verwandle dich in einen Grizzlybären und erhalte Schaden basierend auf deiner maximalen Leben, während du in Ent-Form bist.|Transforme-toi en ours grizzly et gagne des dégâts augmentés basés sur ta vie maximale pendant que tu es en forme ent.|Transfórmate en un oso grizzly y gana daño aumentado basado en tu vida máxima mientras estás en forma ent.|Przemień się w grizzly bear i zyskaj zwiększone obrażenia na podstawie twojego maksymalnego życia podczas formy ent.
subDescProphetSpiritOfEnt13|Chance when struck to summon a sequence of falling tree trunks towards the target while in ent form.||Chance, ao ser atingido, de invocar uma sequência de troncos de árvores caindo em direção ao alvo enquanto estiver na forma de Ent.|При получении удара в форме энта есть шанс призвать последовательность падающих стволов деревьев в сторону цели.|在樹人形態受到打擊時有機率召喚一連串墜落樹幹砸向目標。|エント形態で攻撃を受けた時に目標に向かって一連の落下する木の幹を召喚する確率。|엔트 형태로 공격받을 때 목표를 향해 일련의 떨어지는 나무 줄기를 소환할 확률.|Chance beim Getroffenwerden, eine Sequenz fallender Baumstämme in Richtung Ziel zu beschwören, während du in Ent-Form bist.|Probabilité lorsque tu es touché d'invoquer une séquence de troncs d'arbre tombants vers la cible pendant que tu es en forme ent.|Probabilidad al ser golpeado de invocar una secuencia de troncos de árbol cayendo hacia el objetivo mientras estás en forma ent.|Szansa gdy zostaniesz uderzony na przywołanie sekwencji spadających pni drzew w kierunku celu podczas formy ent.
subDescProphetSpiritOfEnt14|Knock monsters back on hit while in ent form causing them to take increased damage when colliding with terrain.||Empurra os monstros para trás ao atingi-los enquanto estiver na forma de Ent, fazendo com que sofram dano aumentado ao colidirem com o terreno. |При попадании в форме энта отбрасывает монстров назад, заставляя их получать увеличенный урон при столкновении с местностью.|在樹人形態下擊中怪物時，會將其擊退，使其與地形碰撞時受到的傷害增加。|エント形態で命中時にモンスターを後方に吹き飛ばし、地形に衝突した時に増加ダメージを与える。|엔트 형태로 명중 시 몬스터를 뒤로 날려 지형에 충돌할 때 증가된 피해를 줍니다.|Stoße Monster beim Treffer in Ent-Form zurück, sodass sie beim Kollidieren mit Gelände erhöhten Schaden erleiden.|Repousse les monstres au coup pendant que tu es en forme ent en leur faisant subir des dégâts augmentés en entrant en collision avec le terrain.|Lanza monstruos hacia atrás al impactar mientras estás en forma ent haciendo que reciban daño aumentado al colisionar con el terreno.|Odpycha potwory przy trafieniu podczas formy ent powodując, że otrzymują zwiększone obrażenia przy zderzeniu z terenem.
subProphetLeapingCharge01|Deadly Slashes||Golpes Mortais|Смертельные удары|死亡斬擊|致命的な斬撃|치명적인 베기|Tödliche Schnitte|Coupes mortelles|Cortes mortales|Śmiertelne Cięcia
subProphetLeapingCharge02|Wide Slashing||Golpes Amplos|Широкий удар|寬闊斬擊|広い斬撃|넓은 베기|Breites Schneiden|Coupe large|Corte amplio|Szerokie Cięcie
subProphetLeapingCharge03|Rupturing Charge||Investida Rupturante|Разрывающий рывок|破裂衝鋒|破裂する突進|파열하는 돌진|Rupturierende Ladung|Charge déchirante|Carga rupturante|Rozrywająca Szarża
subProphetLeapingCharge04|Nurturing Slashes||Golpes Nutritivos|Питающие удары|滋養斬擊|育てる斬撃|양육하는 베기|Nährende Schnitte|Coupes nourrissantes|Cortes nutritivos|Odżywiające Cięcia
subProphetLeapingCharge05|Long Reaching Claws||Garras de Longo Alcance|Длинные когти|長爪|長く届く爪|길게 뻗는 발톱|Langreichende Krallen|Griffes à longue portée|Garras de largo alcance|Daleko Sięgające Pazury
subProphetLeapingCharge06|Punctured Skin||Pele Perfurada|Проколотая кожа|穿刺皮膚|穿刺された皮膚|꿰뚫린 피부|Durchstochene Haut|Peau perforée|Piel perforada|Przebita Skóra
subProphetLeapingCharge07|Fatal Slashing||Golpe Fatal|Смертельный удар|致命斬|致命的な斬撃|치명적인 베기|Tödliches Schneiden|Coupe fatale|Corte fatal|Śmiertelne Cięcie
subProphetLeapingCharge08|Deadly Slash||Golpe Mortal|Смертельный удар|致命一擊|致命的な斬撃|치명적인 베기|Tödlicher Schnitt|Coup mortel|Corte mortal|Śmiertelne Cięcie
subProphetLeapingCharge09|Raging Slash||Golpe Furioso|Яростный удар|狂怒斬擊|狂った斬撃|광기 어린 베기|Wütender Schnitt|Coup rageur|Corte rabioso|Wściekłe Cięcie
subProphetLeapingCharge10|Elusive Leap||Salto Elusivo|Неуловимый прыжок|躲避跳躍|捉えどころのない跳躍|포착하기 어려운 도약|Ausweichender Sprung|Saut évasif|Salto evasivo|Unikający Skok
subProphetLeapingCharge11|Skipping Claws||Garras Saltitantes|Прыгающие когти|跳躍爪子|跳ねる爪|튀는 발톱|Hüpfende Krallen|Griffes sautantes|Garras saltadoras|Pomijające Pazury
subProphetLeapingCharge12|Trail of Agony||Rastro de Agonia|След агонии|痛苦足跡|苦痛の軌跡|고통의 흔적|Pfad der Qual|Traînée d'agonie|Rastro de agonía|Ślad Agonii
subProphetLeapingCharge13|Shuriken of Claws||Shuriken de Garras|Сюрикен из когтей|利爪手裡劍|爪の手裏剣|발톱 수리검|Krallen-Shuriken|Shuriken de griffes|Shuriken de garras|Shuriken Pazurów
subProphetLeapingCharge14|Herald of Bones||Arauto dos Ossos|Вестник костей|骸骨使者|骨の先駆者|뼈의 선구자|Knochenherold|Héraut des os|Heraldo de huesos|Zwiastun Kości
subDescProphetLeapingCharge01|Increases damage dealt by charging leap.||Aumenta o dano causado pelo salto carregado.|Увеличивает урон, наносимый прыжком с ударом.|增加衝鋒躍擊造成的傷害。|突進跳躍で与えるダメージを増加させる。|돌진 도약으로 주는 피해를 증가시킵니다.|Erhöht den Schaden des Ladungssprungs.|Augmente les dégâts infligés par le saut chargeant.|Aumenta el daño infligido por el salto cargante.|Zwiększa obrażenia zadawane przez charging leap.
subDescProphetLeapingCharge02|Increases the area of effect radius of the slashes.||Aumenta o raio da área de efeito dos golpes.|Увеличивает радиус действия ударов.|增加斬擊的範圍。|斬撃の効果範囲半径を増加させる。|베기의 효과 범위 반경을 증가시킵니다.|Erhöht den Flächenwirkungsradius der Schnitte.|Augmente le rayon de zone d'effet des coupes.|Aumenta el radio de área de efecto de los cortes.|Zwiększa promień obszaru działania cięć.
subDescProphetLeapingCharge03|Chance to inflict bleeding on hit.||Chance de infligir sangramento ao acertar.|При попадании есть шанс наложить кровотечение.|命中時有機率造成流血。|命中時に出血を付与する確率。|명중 시 출혈을 부여할 확률.|Chance, beim Treffer Blutung zu verursachen.|Probabilité d'infliger un saignement au coup.|Probabilidad de infligir sangrado al impactar.|Szansa na nałożenie krwawienia przy trafieniu.
subDescProphetLeapingCharge04|Increases life stolen per hit when using charging leap.||Aumenta a vida roubada por acerto ao usar o salto carregado.|Увеличивает количество украденной жизни за удар при использовании прыжка с ударом.|使用衝鋒躍擊時增加每次命中偷取的生命。|突進跳躍使用時に1ヒットあたりのライフ窃取を増加させる。|돌진 도약 사용 시 1회 명중당 생명력 흡수를 증가시킵니다.|Erhöht die pro Treffer gestohlene Leben beim Verwenden des Ladungssprungs.|Augmente la vie volée par coup lors de l'utilisation du saut chargeant.|Aumenta la vida robada por impacto al usar salto cargante.|Zwiększa skradzione życie na trafienie podczas używania charging leap.
subDescProphetLeapingCharge05|Increases the maximum range of charging leap.||Aumenta o alcance máximo do salto carregado.|Увеличивает максимальную дальность прыжка с ударом.|增加衝鋒躍擊的最大範圍。|突進跳躍の最大範囲を増加させる。|돌진 도약의 최대 범위를 증가시킵니다.|Erhöht die maximale Reichweite des Ladungssprungs.|Augmente la portée maximale du saut chargeant.|Aumenta el rango máximo del salto cargante.|Zwiększa maksymalny zasięg charging leap.
subDescProphetLeapingCharge06|Increases damage dealt to targets inflicted with bleeding.||Aumenta o dano causado a alvos afetados por sangramento.|Увеличивает урон по целям под действием кровотечения.|增加流血目標造成的傷害。|出血状態の対象に与えるダメージを増加させる。|출혈 상태 대상에게 주는 피해를 증가시킵니다.|Erhöht den Schaden gegen Ziele, die mit Blutung belegt sind.|Augmente les dégâts infligés aux cibles affectées par le saignement.|Aumenta el daño infligido a objetivos afectados por sangrado.|Zwiększa obrażenia zadawane celom dotkniętym krwawieniem.
subDescProphetLeapingCharge07|Chance to critically hit dealing increased critical strike damage.||Chance de acerto crítico, causando dano crítico aumentado.|Есть шанс нанести критический удар с увеличенным критическим уроном.|有機率造成暴擊並增加暴擊傷害。|クリティカルヒットする確率があり、増加したクリティカルダメージを与える。|치명타를 줄 확률이 있으며 증가된 치명타 피해를 줍니다.|Chance auf kritischen Treffer, der erhöhten kritischen Trefferschaden verursacht.|Probabilité de coup critique infligeant des dégâts critiques augmentés.|Probabilidad de golpe crítico infligiendo daño crítico aumentado.|Szansa na trafienie krytyczne zadające zwiększone obrażenia krytyczne.
subDescProphetLeapingCharge08|Chance to deal a deadly blow with increased effectiveness.||Chance de desferir um golpe mortal com eficácia aumentada.|Есть шанс нанести смертельный удар с повышенной эффективностью.|有機率造成致命一擊並增加效果。|致命的な一撃を増加した効果で与える確率。|치명적인 일격을 증가된 효과로 줄 확률.|Chance, einen tödlichen Schlag mit erhöhter Effektivität auszuführen.|Probabilité d'infliger un coup mortel avec une efficacité augmentée.|Probabilidad de infligir un golpe mortal con efectividad aumentada.|Szansa na zadanie śmiertelnego ciosu ze zwiększoną skutecznością.
subDescProphetLeapingCharge09|Chance on hit to gain a stack of rage when using charging leap, increasing your attack speed.||Chance ao acertar de ganhar um acúmulo de fúria ao usar o salto carregado, aumentando sua velocidade de ataque.|При попадании при использовании прыжка с ударом есть шанс получить стак ярости, увеличивающий вашу скорость атаки.|使用衝鋒躍擊命中時有機率獲得狂怒斬擊疊加，增加你的攻擊速度。|突進跳躍使用時に命中すると狂気スタックを得て、攻撃速度を増加させる確率。|돌진 도약 사용 시 명중하면 광기 스택을 얻어 공격 속도를 증가시킬 확률.|Chance beim Treffer, beim Verwenden des Ladungssprungs einen Stapel Wut zu erhalten, der deine Angriffsgeschwindigkeit erhöht.|Probabilité au coup de gagner un cumul de rage lors de l'utilisation du saut chargeant en augmentant ta vitesse d'attaque.|Probabilidad al impactar de ganar un acumulado de rabia al usar salto cargante aumentando tu velocidad de ataque.|Szansa przy trafieniu na zyskanie stacka rage podczas używania charging leap zwiększającego twoją prędkość ataku.
subDescProphetLeapingCharge10|Reduces charging leaps damage but ignores terrain.||Reduz o dano do salto carregado, mas ignora o terreno.|Уменьшает урон прыжка с ударом, но игнорирует местность.|降低衝鋒躍擊造成的傷害，但可以無視地形。|突進跳躍のダメージを減少させるが、地形を無視する。|돌진 도약의 피해를 감소시키지만 지형을 무시합니다.|Verringert den Schaden des Ladungssprungs, ignoriert aber Gelände.|Réduit les dégâts du saut chargeant mais ignore le terrain.|Reduce el daño del salto cargante pero ignora el terreno.|Zmniejsza obrażenia charging leap, ale ignoruje teren.
subDescProphetLeapingCharge11|Unleash multiple flying claws that deal damage and bounce off terrain while using charging leap.||Libere várias garras voadoras que causam dano e ricocheteiam no terreno enquanto usa o salto carregado.|При использовании прыжка с ударом выпускает несколько летающих когтей, наносящих урон и отскакивающих от местности.|使用衝鋒躍擊時，釋放多隻飛行利爪，這些利爪可造成傷害並能從地形上彈射。|突進跳躍使用時に複数の飛行爪を放ち、ダメージを与え、地形から跳ね返る。|돌진 도약 사용 시 여러 비행 발톱을 방출하여 피해를 주고 지형에서 튕겨 나갑니다.|Entfessle mehrere fliegende Krallen, die Schaden verursachen und vom Gelände abprallen, während du den Ladungssprung verwendest.|Libère de multiples griffes volantes qui infligent des dégâts et rebondissent sur le terrain lors de l'utilisation du saut chargeant.|Libera múltiples garras voladoras que infligen daño y rebotan en el terreno mientras usas salto cargante.|Uwolnij wiele latających pazurów zadających obrażenia i odbijających się od terenu podczas używania charging leap.
subDescProphetLeapingCharge12|Leave behind a trail of blood dealing area of effect damage on your path.||Deixe um rastro de sangue causando dano em área por onde passar.|Оставляет за собой след крови, наносящий урон в области по пути.|在路徑上留下鮮血軌跡造成範圍傷害。|道に血の軌跡を残し、範囲ダメージを与える。|경로에 혈흔을 남겨 범위 피해를 줍니다.|Lasse einen Blutpfad hinter dir, der Flächenschaden auf deinem Weg verursacht.|Laisse derrière une traînée de sang infligeant des dégâts de zone d'effet sur ton chemin.|Deja atrás un rastro de sangre infligiendo daño de área de efecto en tu camino.|Zostaw za sobą ślad krwi zadający obrażenia obszarowe na twojej drodze.
subDescProphetLeapingCharge13|Throw a shuriken of claws dealing damage to monsters on hit and forcing you to charge towards it after a short delay.||Arremesse um shuriken de garras que causa dano aos monstros ao atingi-los e força você a investir contra eles após um breve atraso.|Бросает сюрикен из когтей, наносящий урон монстрам при попадании и заставляющий вас рвануться к нему через короткую задержку.|投擲一枚爪狀手裡劍，擊中怪物後造成傷害，並會在短暫延遲後強制將你衝向目標。|爪の手裏剣を投げ、命中時にモンスターにダメージを与え、短い遅延後にそれに向かって突進させる。|발톱 수리검을 던져 명중 시 몬스터에게 피해를 주고 짧은 지연 후 그쪽으로 돌진하게 합니다.|Wirf ein Krallen-Shuriken, das Schaden bei Monstern beim Treffer verursacht und dich zwingt, nach kurzer Verzögerung darauf zuzuladen.|Lance un shuriken de griffes infligeant des dégâts aux monstres au coup et te forçant à charger vers lui après un court délai.|Lanza un shuriken de garras infligiendo daño a monstruos al impactar y forzándote a cargar hacia él después de un corto retraso.|Rzuć shurikenem pazurów zadającym obrażenia potworom przy trafieniu i zmuszającym cię do szarży w jego kierunku po krótkim opóźnieniu.
subDescProphetLeapingCharge14|Chance on monster kill to unleash multiple sharp bones bouncing off terrain and dealing damage on hit.||Ao matar um monstro, há uma chance de liberar vários ossos afiados que ricocheteiam no terreno e causam dano ao atingi-los. |При убийстве монстра есть шанс выпустить несколько острых костей, отскакивающих от местности и наносящих урон при попадании.|擊殺怪物時有機率釋放多根鋒利的骨頭，這些骨頭會彈射到地形上並造成傷害。|モンスターを倒した時に複数の鋭い骨を放ち、地形から跳ね返って命中時にダメージを与える確率。|몬스터를 처치할 때 여러 날카로운 뼈를 방출하여 지형에서 튕기며 명중 시 피해를 줄 확률.|Chance beim Töten eines Monsters, mehrere scharfe Knochen freizusetzen, die vom Gelände abprallen und beim Treffer Schaden verursachen.|Probabilité à la mort d'un monstre de libérer de multiples os tranchants rebondissant sur le terrain et infligeant des dégâts au coup.|Probabilidad al matar un monstruo de liberar múltiples huesos afilados rebotando en el terreno e infligiendo daño al impactar.|Szansa przy zabiciu potwora na uwolnienie wielu ostrych kości odbijających się od terenu i zadających obrażenia przy trafieniu.
subProphetMaelstromOfFrost01|Freezing Wind||Vento Congelante|Ледяной ветер|極冷之風|凍える風|얼어붙는 바람|Gefrierender Wind|Vent gelé|Viento congelante|Mroźny Wiatr
subProphetMaelstromOfFrost02|Maelstroms Magnitude||Magnitude do Redemoinho|Величина водоворота|漩渦範圍|渦の大きさ|소용돌이 규모|Maelstrom-Magnitude|Magnitude des maelstroms|Magnitud de los maelstroms|Wielkość Maelstromu
subProphetMaelstromOfFrost03|Frostburning Temperature||Temperatura Queimando o Gelo|Температура морозного горения|霜燃溫度|霜燃温度|서리 불타는 온도|Frostbrennende Temperatur|Température brûlante de givre|Temperatura de escarcha ardiente|Temperatura Mroźnego Palenia
subProphetMaelstromOfFrost04|Coldsnapping Breeze||Brisa Gelada Estalante|Холодный порыв|寒潮之風|冷たいスナップのそよ風|차가운 스냅 미풍|Kälteschnappende Brise|Brise claquante de froid|Brisa chasqueante de frío|Mroźny Podmuch
subProphetMaelstromOfFrost05|Hypothermic Snap||Estalo Hipotérmico|Гипотермический щелчок|低溫驟冷|低体温スナップ|저체온 스냅|Hypothermischer Schnapp|Claquement hypothermique|Chasquido hipotérmico|Hipotermiczne Trzaśnięcie
subProphetMaelstromOfFrost06|Intense Temperature||Temperatura Intensa|Интенсивная температура|強烈溫度|激しい温度|강렬한 온도|Intensive Temperatur|Température intense|Temperatura intensa|Intensywna Temperatura
subProphetMaelstromOfFrost07|Frosted Bones||Ossos Congelados|Обмороженные кости|冰霜骨骼|霜の骨|서리 뼈|Gefrorene Knochen|Os givrés|Huesos escarchados|Odmrożone Kości
subProphetMaelstromOfFrost08|Leeching from Frost||Drenagem do Gelo|Высасывание из мороза|霜凍侵蝕|霜からの吸収|서리로부터 흡수|Absaugen aus Frost|Siphonnage depuis le givre|Sifón desde la escarcha|Ssanie z Mrozu
subProphetMaelstromOfFrost09|Shattering Permafrost||Permafrost Estilhaçado|Разбивание вечной мерзлоты|破碎凍土|永遠の凍土の破壊|영구 동토 파괴|Zerbrechender Permafrost|Permafrost brisant|Permafrost quebrantador|Roztrzaskujący Permafrost
subProphetMaelstromOfFrost10|Chaotic Growth||Crescimento Caótico|Хаотический рост|混亂生長|混沌の成長|혼돈의 성장|Chaotisches Wachstum|Croissance chaotique|Crecimiento caótico|Chaotyczny Wzrost
subProphetMaelstromOfFrost11|Endless Blizzard||Nevasca Infinita|Бесконечная метель|無盡暴風雪|終わりのない吹雪|끝없는 눈보라|Endlose Blizzard|Blizzard sans fin|Ventisca interminable|Nieskończona Zamieć
subProphetMaelstromOfFrost12|Meteor of Ice||Meteoro de Gelo|Ледяной метеор|冰隕石|氷の隕石|얼음 운석|Eis-Meteor|Météore de glace|Meteoro de hielo|Meteor Lodu
subProphetMaelstromOfFrost13|The Frozen Layer of Hell||A Camada Congelada do Inferno|Ледяной слой ада|地獄冰封層|地獄の凍える層|지옥의 얼어붙은 층|Die gefrorene Schicht der Hölle|La couche gelée de l'enfer|La capa congelada del infierno|Zamrożona Warstwa Piekła
subProphetMaelstromOfFrost14|Storm of Frost||Tempestade de Gelo|Буря мороза|冰霜風暴|霜の嵐|서리 폭풍|Froststurm|Tempête de givre|Tormenta de escarcha|Burza Mrozu
subDescProphetMaelstromOfFrost01|Chance to freeze target on hit dealing increased damage.||Chance de congelar o alvo ao atingir, causando dano aumentado.|При попадании есть шанс заморозить цель и нанести увеличенный урон.|擊中目標時有機率使其凍結，造成額外傷害。|命中時に対象を凍らせ、増加ダメージを与える確率。|명중 시 대상을 얼려 증가된 피해를 줄 확률.|Chance, das Ziel beim Treffer zu frieren und erhöhten Schaden zu verursachen.|Probabilité de geler la cible au coup en infligeant des dégâts augmentés.|Probabilidad de congelar el objetivo al impactar infligiendo daño aumentado.|Szansa na zamrożenie celu przy trafieniu zadająca zwiększone obrażenia.
subDescProphetMaelstromOfFrost02|Increases the area of effect radius of maelstrom of frost.||Aumenta o raio da área de efeito do redemoinho de gelo.|Увеличивает радиус действия морозного водоворота.|增加霜凍漩渦的影響範圍半徑。|霜の渦の効果範囲半径を増加させる。|서리 소용돌이의 효과 범위 반경을 증가시킵니다.|Erhöht den Flächenwirkungsradius des Frost-Maelstroms.|Augmente le rayon de zone d'effet du maelstrom de givre.|Aumenta el radio de área de efecto del maelstrom de escarcha.|Zwiększa promień obszaru działania maelstrom of frost.
subDescProphetMaelstromOfFrost03|Increases the damage dealt by maelstrom of frost.||Aumenta o dano causado pelo redemoinho de gelo.|Увеличивает урон, наносимый морозным водоворотом.|增加霜凍漩渦造成的傷害。|霜の渦が与えるダメージを増加させる。|서리 소용돌이가 주는 피해를 증가시킵니다.|Erhöht den Schaden des Frost-Maelstroms.|Augmente les dégâts infligés par le maelstrom de givre.|Aumenta el daño infligido por el maelstrom de escarcha.|Zwiększa obrażenia zadawane przez maelstrom of frost.
subDescProphetMaelstromOfFrost04|Chance to inflict frostbite on hit.||Chance de infligir queimadura de frio ao atingir.|При попадании есть шанс наложить обморожение.|擊中目標時有機率造成凍傷。|命中時に凍傷を付与する確率。|명중 시 동상을 부여할 확률.|Chance, beim Treffer Frostbeiße zu verursachen.|Probabilité d'infliger une morsure de givre au coup.|Probabilidad de infligir mordedura de escarcha al impactar.|Szansa na nałożenie frostbite przy trafieniu.
subDescProphetMaelstromOfFrost05|Chance to deal double damage on hit.||Chance de causar dano dobrado ao atingir.|При попадании есть шанс нанести двойной урон.|命中時有幾率造成雙倍傷害。|命中時に2倍ダメージを与える確率。|명중 시 2배 피해를 줄 확률.|Chance, beim Treffer doppelten Schaden zu verursachen.|Probabilité d'infliger des dégâts doubles au coup.|Probabilidad de infligir daño doble al impactar.|Szansa na zadanie podwójnych obrażeń przy trafieniu.
subDescProphetMaelstromOfFrost06|Increases the tick frequency of maelstrom of frost.||Aumenta a frequência de pulsos do redemoinho de gelo.|Увеличивает частоту тиков морозного водоворота.|增加霜凍漩渦的傷害頻率。|霜の渦のティック頻度を増加させる。|서리 소용돌이의 틱 빈도를 증가시킵니다.|Erhöht die Tick-Frequenz des Frost-Maelstroms.|Augmente la fréquence de ticks du maelstrom de givre.|Aumenta la frecuencia de ticks del maelstrom de escarcha.|Zwiększa częstotliwość ticków maelstrom of frost.
subDescProphetMaelstromOfFrost07|Increases damage dealt to frozen targets.||Aumenta o dano causado a alvos congelados.|Увеличивает урон по замороженным целям.|對凍結目標的傷害增加。|凍った対象に与えるダメージを増加させる。|얼어붙은 대상에게 주는 피해를 증가시킵니다.|Erhöht den Schaden gegen gefrorene Ziele.|Augmente les dégâts infligés aux cibles gelées.|Aumenta el daño infligido a objetivos congelados.|Zwiększa obrażenia zadawane zamrożonym celom.
subDescProphetMaelstromOfFrost08|Chance to replenish a portion of your maximum life on hit.||Chance de restaurar uma parte da sua vida máxima ao atingir.|При попадании есть шанс восстановить часть вашего максимального здоровья.|命中時有機率恢復你最大生命值的一部分。|命中時にあなたの最大ライフの一部を回復する確率。|명중 시 당신의 최대 생명력 일부를 회복할 확률.|Chance, beim Treffer einen Teil deiner maximalen Leben wiederherzustellen.|Probabilité de recharger une partie de ta vie maximale au coup.|Probabilidad de restaurar una porción de tu vida máxima al impactar.|Szansa na przywrócenie części twojego maksymalnego życia przy trafieniu.
subDescProphetMaelstromOfFrost09|Chance to inflict cold break on hit.||Chance de infligir quebra de frio ao atingir.|При попадании есть шанс наложить разрыв холода.|命中時有機率造成冰霜破壞。|命中時に冷破裂を付与する確率。|명중 시 냉기 파열을 부여할 확률.|Chance, beim Treffer Kältebruch zu verursachen.|Probabilité d'infliger un bris de froid au coup.|Probabilidad de infligir ruptura de frío al impactar.|Szansa na nałożenie cold break przy trafieniu.
subDescProphetMaelstromOfFrost10|Chance on monster kill to increase the area of effect radius of maelstrom of frost for a short duration.||Chance, ao matar um monstro, de aumentar o raio da área de efeito do redemoinho de gelo por um curto período.|При убийстве монстра морозным водоворотом есть шанс кратковременно увеличить радиус действия морозного водоворота.|怪物被霜凍漩渦擊殺時有機率短時間內增加霜凍漩渦的範圍半徑。|霜の渦でモンスターを倒した時に霜の渦の効果範囲半径を短時間増加させる確率。|서리 소용돌이로 몬스터를 처치할 때 서리 소용돌이의 효과 범위 반경을 짧은 시간 동안 증가시킬 확률.|Chance beim Töten eines Monsters, den Flächenwirkungsradius des Frost-Maelstroms für kurze Zeit zu erhöhen.|Probabilité à la mort d'un monstre d'augmenter le rayon de zone d'effet du maelstrom de givre pendant un court moment.|Probabilidad al matar un monstruo de aumentar el radio de área de efecto del maelstrom de escarcha durante un corto tiempo.|Szansa przy zabiciu potwora na zwiększenie promienia obszaru działania maelstrom of frost na krótki czas.
subDescProphetMaelstromOfFrost11|Maelstrom of frost no longer expires draining your mana over time.||O Maelstrom de Gelo não expira mais drenando sua mana ao longo do tempo.|Морозный водоворот больше не исчезает, а постоянно расходует вашу ману.|霜凍漩渦不再消失，而是持續消耗你的法力。|霜の渦はもはや消えず、あなたのマナを継続的に消費する。|서리 소용돌이는 더 이상 사라지지 않고 당신의 마나를 지속적으로 소모합니다.|Der Frost-Maelstrom läuft nicht mehr ab und verbraucht stattdessen dein Mana mit der Zeit.|Le maelstrom de givre n'expire plus en drainant ton mana avec le temps.|El maelstrom de escarcha ya no expira drenando tu maná con el tiempo.|Maelstrom of frost nie wygasa już zużywając twoją manę w czasie.
subDescProphetMaelstromOfFrost12|Chance on hit to drop a meteor of ice on its location dealing increased damage on a large radius.||Chance ao acertar de lançar um meteoro de gelo no local, causando dano aumentado em uma grande área.|При попадании есть шанс уронить ледяной метеор в его местоположение, наносящий увеличенный урон в большом радиусе.|命中時有機率在其位置掉落冰隕石，在大範圍造成增加傷害。|命中時にその位置に氷の隕石を落とし、大範囲で増加ダメージを与える確率。|명중 시 그 위치에 얼음 운석을 떨어뜨려 큰 범위에 증가된 피해를 줄 확률.|Chance beim Treffer, an seiner Position einen Eis-Meteor fallen zu lassen, der erhöhten Schaden auf einem großen Radius verursacht.|Probabilité au coup de laisser tomber un météore de glace à son emplacement infligeant des dégâts augmentés sur un grand rayon.|Probabilidad al impactar de dejar caer un meteoro de hielo en su ubicación infligiendo daño aumentado en un gran radio.|Szansa przy trafieniu na upuszczenie meteora lodu w swoim miejscu zadającego zwiększone obrażenia na dużym promieniu.
subDescProphetMaelstromOfFrost13|Increases the area of effect radius of maelstrom of frost and executing monsters below a threshold.||Aumenta a área de efeito do Maelstrom de Gelo e executa monstros abaixo de um certo limite.|Увеличивает радиус действия морозного водоворота и казнит монстров ниже порога.|增加霜凍漩渦的作用範圍半徑並撲殺生命低於閾值的怪物。|霜の渦の効果範囲半径を増加させ、閾値以下のモンスターを処刑する。|서리 소용돌이의 효과 범위 반경을 증가시키고 임계값 이하 몬스터를 처형합니다.|Erhöht den Flächenwirkungsradius des Frost-Maelstroms und führt Monster unter einem Schwellenwert aus.|Augmente le rayon de zone d'effet du maelstrom de givre et exécute les monstres en dessous d'un seuil.|Aumenta el radio de área de efecto del maelstrom de escarcha y ejecuta monstruos por debajo de un umbral.|Zwiększa promień obszaru działania maelstrom of frost i egzekwując potwory poniżej progu.
subDescProphetMaelstromOfFrost14|The maelstrom drops chunks of ice on a radius around you dealing area of effect damage.||O Maelstrom lança pedaços de gelo em uma área ao seu redor, causando dano em área. |Водоворот роняет куски льда в радиусе вокруг вас, нанося урон в области.|漩渦在你周圍半徑掉落冰塊造成範圍傷害。|渦はあなたの周囲の半径で氷の塊を落とし、範囲ダメージを与える。|소용돌이는 당신 주위 반경에서 얼음 덩어리를 떨어뜨려 범위 피해를 줍니다.|Der Maelstrom lässt Eissplitter auf einem Radius um dich herum fallen und verursacht Flächenschaden.|Le maelstrom laisse tomber des morceaux de glace sur un rayon autour de toi infligeant des dégâts de zone d'effet.|El maelstrom deja caer trozos de hielo en un radio alrededor de ti infligiendo daño de área de efecto.|Maelstrom upuszcza kawałki lodu na promieniu wokół ciebie zadając obrażenia obszarowe.
subProphetStormHawk01|Hawk´s Eye||Olho de Falcão|Глаз ястреба|鷹之眼|鷹の目|매의 눈|Falkenauge|Œil du faucon|Ojo del halcón|Oko Jastrzębia
subProphetStormHawk02|Hawk´s Surge||Impulso de Falcão|Всплеск ястреба|鷹之湧動|鷹の奔流|매의 돌진|Falken-Surge|Surge du faucon|Oleada del halcón|Przypływ Jastrzębia
subProphetStormHawk03|Hawk´s Storm||Tempestade de Falcão|Буря ястреба|鷹之風暴|鷹の嵐|매의 폭풍|Falken-Sturm|Tempête du faucon|Tormenta del halcón|Burza Jastrzębia
subProphetStormHawk04|Hawk´s Focus||Foco de Falcão|Фокус ястреба|鷹之專注|鷹の集中|매의 집중|Falken-Fokus|Focus du faucon|Enfoque del halcón|Skupienie Jastrzębia
subProphetStormHawk05|Hawk´s Flight||Voo de Falcão|Полёт ястреба|鷹之飛行|鷹の飛行|매의 비행|Falken-Flug|Vol du faucon|Vuelo del halcón|Lot Jastrzębia
subProphetStormHawk06|Hawk´s Agility||Agilidade de Falcão|Ловкость ястреба|敏捷之鷹|鷹の敏捷性|매의 민첩성|Falken-Agilität|Agilité du faucon|Agilidad del halcón|Zwinność Jastrzębia
subProphetStormHawk07|Hawk´s Stasis||Estase de Falcão|Стазис ястреба|靜止之鷹|鷹の静止|매의 정지|Falken-Stasis|Stase du faucon|Estasis del halcón|Stasis Jastrzębia
subProphetStormHawk08|Hawk´s Hunger||Fome de Falcão|Голод ястреба|飢餓之鷹|鷹の飢え|매의 굶주림|Falken-Hunger|Faim du faucon|Hambre del halcón|Głód Jastrzębia
subProphetStormHawk09|Hawk´s Mind||Mente de Falcão|Разум ястреба|心靈之鷹|鷹の心|매의 마음|Falken-Geist|Esprit du faucon|Mente del halcón|Umysł Jastrzębia
subProphetStormHawk10|Hawk´s Shadow||Sombra de Falcão|Тень ястреба|鷹之陰影|鷹の影|매의 그림자|Falken-Schatten|Ombre du faucon|Sombra del halcón|Cień Jastrzębia
subProphetStormHawk11|Stormbolts||Lança-chamas da Tempestade|Штормовые стрелы|風暴箭矢|ストームボルト|폭풍 화살|Sturmblitze|Bolts de tempête|Rayos de tormenta|Stormbolts
subProphetStormHawk12|Bird of Thunder||Pássaro do Trovão|Птица грома|雷鳥|雷の鳥|천둥새|Donnervogel|Oiseau du tonnerre|Pájaro del trueno|Ptak Pioruna
subProphetStormHawk13|Thundering Bolt||Raio Trovejante|Громовая стрела|雷霆箭矢|雷の矢|천둥 화살|Donnernder Blitz|Bolt tonnant|Rayo tronante|Grzmiący Pocisk
subProphetStormHawk14|Electric Screech||Grito Elétrico|Электрический визг|電擊尖叫|電気の叫び|전기 비명|Elektrischer Schrei|Cri électrique|Grito eléctrico|Elektryczny Skrzek
subDescProphetStormHawk01|Increases attack range while in hawk form.||Aumenta o alcance de ataque na forma de falcão.|В форме ястреба увеличивает дальность атаки.|鷹形態下增加攻擊範圍。|鷹形態時、攻撃範囲を増加させる。|매 형태 시 공격 범위를 증가시킵니다.|Erhöht die Angriffsreichweite, während du in Falken-Form bist.|Augmente la portée d'attaque pendant que tu es en forme faucon.|Aumenta el rango de ataque mientras estás en forma halcón.|Zwiększa zasięg ataku podczas formy hawk.
subDescProphetStormHawk02|Increases damage dealt while in hawk form.||Aumenta o dano causado na forma de falcão.|В форме ястреба увеличивает наносимый урон.|在鷹形態時增加造成的傷害。|鷹形態時、与えるダメージを増加させる。|매 형태 시 주는 피해를 증가시킵니다.|Erhöht den verursachten Schaden, während du in Falken-Form bist.|Augmente les dégâts infligés pendant que tu es en forme faucon.|Aumenta el daño infligido mientras estás en forma halcón.|Zwiększa obrażenia zadawane podczas formy hawk.
subDescProphetStormHawk03|Increases lightning bounces while in hawk form.||Aumenta os ricochetes de relâmpago na forma de falcão.|В форме ястреба увеличивает количество отскоков молнии.|在鷹形態時增加閃電反彈次數。|鷹形態時、雷の跳ね返り回数を増加させる。|매 형태 시 번개 반사 횟수를 증가시킵니다.|Erhöht die Blitz-Abpraller, während du in Falken-Form bist.|Augmente les rebonds de rayo pendant que tu es en forme faucon.|Aumenta los rebotes de rayo mientras estás en forma halcón.|Zwiększa odbijania błyskawic podczas formy hawk.
subDescProphetStormHawk04|Chance on hit to strike the target with a lightning bolt while in hawk form.||Chance de atingir o alvo com um raio ao acertar na forma de falcão.|При попадании в форме ястреба есть шанс ударить цель молниевой стрелой.|鷹形態命中時有機率用電擊箭矢打擊目標。|鷹形態で命中時に目標を雷の矢で撃つ確率。|매 형태로 명중 시 대상을 번개 화살로 공격할 확률.|Chance beim Treffer, das Ziel mit einem Blitzstrahl zu treffen, während du in Falken-Form bist.|Probabilité au coup de frapper la cible avec un bolt de rayo pendant que tu es en forme faucon.|Probabilidad al impactar de golpear el objetivo con un rayo mientras estás en forma halcón.|Szansa przy trafieniu na uderzenie celu błyskawicą podczas formy hawk.
subDescProphetStormHawk05|Increases movement speed while in hawk form.||Aumenta a velocidade de movimento na forma de falcão.|В форме ястреба увеличивает скорость передвижения.|在鷹形態時增加移動速度。|鷹形態時、移動速度を増加させる。|매 형태 시 이동 속도를 증가시킵니다.|Erhöht die Bewegungsgeschwindigkeit, während du in Falken-Form bist.|Augmente la vitesse de mouvement pendant que tu es en forme faucon.|Aumenta la velocidad de movimiento mientras estás en forma halcón.|Zwiększa prędkość ruchu podczas formy hawk.
subDescProphetStormHawk06|Increases attack speed while in hawk form.||Aumenta a velocidade de ataque na forma de falcão.|В форме ястреба увеличивает скорость атаки.|在鷹型態時增加攻擊速度。|鷹形態時、攻撃速度を増加させる。|매 형태 시 공격 속도를 증가시킵니다.|Erhöht die Angriffsgeschwindigkeit, während du in Falken-Form bist.|Augmente la vitesse d'attaque pendant que tu es en forme faucon.|Aumenta la velocidad de ataque mientras estás en forma halcón.|Zwiększa prędkość ataku podczas formy hawk.
subDescProphetStormHawk07|Chance to inflict stasis on hit while in hawk form.||Chance de infligir estase ao acertar na forma de falcão.|В форме ястреба при попадании есть шанс наложить стазис.|在鷹形態命中時有機率造成停滯。|鷹形態で命中時に静止を付与する確率。|매 형태로 명중 시 정지를 부여할 확률.|Chance, beim Treffer Stasis zu verursachen, während du in Falken-Form bist.|Probabilité d'infliger une stase au coup pendant que tu es en forme faucon.|Probabilidad de infligir estasis al impactar mientras estás en forma halcón.|Szansa na nałożenie stasis przy trafieniu podczas formy hawk.
subDescProphetStormHawk08|Chance to critical hit dealing increased critical damage while in hawk form.||Chance de acerto crítico causando dano crítico aumentado na forma de falcão.|В форме ястреба есть шанс нанести критический удар с увеличенным критическим уроном.|在鷹形態時有機率造成暴擊並增加暴擊傷害。|鷹形態時、クリティカルヒットする確率があり、増加したクリティカルダメージを与える。|매 형태 시 치명타를 줄 확률이 있으며 증가된 치명타 피해를 줍니다.|Chance auf kritischen Treffer, der erhöhten kritischen Schaden verursacht, während du in Falken-Form bist.|Probabilité de coup critique infligeant des dégâts critiques augmentés pendant que tu es en forme faucon.|Probabilidad de golpe crítico infligiendo daño crítico aumentado mientras estás en forma halcón.|Szansa na trafienie krytyczne zadające zwiększone obrażenia krytyczne podczas formy hawk.
subDescProphetStormHawk09|Chance to inflict lightning break on hit while in hawk form.||Chance de infligir quebra de relâmpago ao acertar na forma de falcão.|В форме ястреба при попадании есть шанс наложить разрыв молнии.|鷹形態命中時有機率造成閃電破壞。|鷹形態で命中時に雷破裂を付与する確率。|매 형태로 명중 시 번개 파열을 부여할 확률.|Chance, beim Treffer Blitzbruch zu verursachen, während du in Falken-Form bist.|Probabilité d'infliger un bris de rayo au coup pendant que tu es en forme faucon.|Probabilidad de infligir ruptura de rayo al impactar mientras estás en forma halcón.|Szansa na nałożenie lightning break przy trafieniu podczas formy hawk.
subDescProphetStormHawk10|Gain the ability to fly over terrain, but decreases your total movement speed while in hawk form.||Adquire a habilidade de voar sobre o terreno, mas reduz sua velocidade de movimento total enquanto estiver na forma de falcão.|Получает способность летать над местностью, но в форме ястреба уменьшает общую скорость передвижения.|獲得飛越地形的能力，但在鷹形態時降低總移動速度。|地形を飛び越える能力を得るが、鷹形態時は全体の移動速度が減少する。|지형을 날아 넘는 능력을 얻지만 매 형태 시 전체 이동 속도가 감소합니다.|Erhalte die Fähigkeit, über Gelände zu fliegen, aber verringert deine gesamte Bewegungsgeschwindigkeit, während du in Falken-Form bist.|Gagne la capacité de voler au-dessus du terrain, mais réduit ta vitesse de mouvement totale pendant que tu es en forme faucon.|Gana la capacidad de volar sobre el terreno, pero reduce tu velocidad de movimiento total mientras estás en forma halcón.|Zyskuje zdolność latania nad terenem, ale zmniejsza twoją całkowitą prędkość ruchu podczas formy hawk.
subDescProphetStormHawk11|When attacking fire multiple stormbolts in an arc while in hawk form.||Ao atacar, dispare múltiplos raios de tempestade em um arco enquanto estiver na forma de falcão.|При атаке в форме ястреба выпускает несколько штормовых стрел дугой.|在鷹形態攻擊時在扇形中發射多個風暴箭矢。|鷹形態で攻撃時に弧状に複数のストームボルトを放つ。|매 형태로 공격 시 호 모양으로 여러 폭풍 화살을 방출합니다.|Beim Angriff in Falken-Form mehrere Sturmblitze in einem Bogen abfeuern.|Lors de l'attaque, tire de multiples bolts de tempête en arc pendant que tu es en forme faucon.|Al atacar dispara múltiples rayos de tormenta en un arco mientras estás en forma halcón.|Podczas ataku wystrzeliwuje wiele stormbolts w łuku podczas formy hawk.
subDescProphetStormHawk12|Increases stasis inflicted while in hawk form with increased stacks.||Aumenta a estase infligida enquanto estiver na forma de falcão com acúmulos maiores.|В форме ястреба увеличивает накладываемый стазис с увеличенным количеством стаков.|增加鷹形態下造成的停滯效果，疊層數越多，效果越強。。|鷹形態時、付与する静止を増加させ、スタックを増加させる。|매 형태 시 부여하는 정지를 증가시키고 스택을 증가시킵니다.|Erhöht die verursachte Stasis in Falken-Form mit erhöhten Stapeln.|Augmente la stase infligée pendant que tu es en forme faucon avec des cumuls augmentés.|Aumenta la estasis infligida mientras estás en forma halcón con acumulados aumentados.|Zwiększa stasis zadawane podczas formy hawk ze zwiększonymi stackami.
subDescProphetStormHawk13|Storm bolts call down bolts of lightning while traveling dealing damage on a large radius while in hawk form. Projectiles are now piercing.||Os raios de tempestade invocam raios enquanto viajam, causando dano em uma grande área enquanto estiver na forma de falcão. Os projéteis agora são perfurantes.|Штормовые стрелы во время полёта вызывают удары молнии, наносящие урон в большом радиусе. В форме ястреба снаряды теперь пробивают.|在鷹形態下，風暴箭會在飛行過程中會召喚閃電對大範圍內的目標造成傷害。投射物現在具有穿透效果。|ストームボルトは飛行中に雷の矢を呼び、大範囲でダメージを与える。鷹形態時は投射物が貫通する。|폭풍 화살은 비행 중 번개 화살을 불러 큰 범위에 피해를 줍니다. 매 형태 시 투사체가 관통합니다.|Sturmblitze rufen während des Flugs Blitzstrahlen herab, die Schaden auf einem großen Radius verursachen, während du in Falken-Form bist. Projektile sind nun durchbohrend.|Les bolts de tempête appellent des bolts de rayo pendant qu'ils voyagent en infligeant des dégâts sur un grand rayon pendant que tu es en forme faucon. Les projectiles sont désormais perforants.|Los rayos de tormenta llaman rayos de trueno mientras viajan infligiendo daño en un gran radio mientras estás en forma halcón. Los proyectiles ahora son perforantes.|Storm bolts przywołują pioruny podczas podróży zadając obrażenia na dużym promieniu podczas formy hawk. Pociski są teraz przebijające.
subDescProphetStormHawk14|Chance when attacking in hawk form to unleash an electric screech causing monsters to take damage in a cone.|||Шанс при атаке в форме ястреба испустить электрический визг, наносящий урон монстрам в конусе.|在巨鷹型態下攻擊時有機率釋放電擊尖嘯，對錐形區域內的怪物造成傷害。||매 형상으로 공격 시 일정 확률로 전방 부채꼴 범위의 몬스터에게 피해를 입히는 전기 비명을 발사합니다.|||Probabilidad al atacar en forma de halcón de lanzar un graznido eléctrico que inflige daño a los monstruos en un cono.|
